Customer ID,Customer Name,Customer Email,Customer Age,Customer Gender,Industry,Region,Company Size,Plan Type,Account Created Date
CUST00001,Robert Downs,aanderson@example.com,42,Male,Technology,Europe,201-500,Standard,2020-12-20
CUST00002,Cesar Jensen,aanderson@example.net,35,Other,Retail,Asia-Pacific,201-500,Standard,2020-06-15
CUST00003,Angela Tran,aarnold@example.com,52,Other,Education,Asia-Pacific,1000+,Free,2020-10-24
CUST00004,Justin Estrada,aaron01@example.com,45,Female,Professional Services,Europe,11-50,Enterprise,2019-11-13
CUST00005,James Santos,aaron49@example.org,22,Other,Professional Services,Australia & New Zealand,501-1000,Standard,2019-04-21
CUST00006,Stephanie Rollins,aaron60@example.org,57,Female,Media & Communications,Europe,1000+,Standard,2019-12-14
CUST00007,Matthew Jimenez,aaron89@example.com,67,Female,Government & Public Sector,Europe,1000+,Free,2020-09-08
CUST00008,Kevin Nicholson,aaron89@example.net,18,Male,Technology,Australia & New Zealand,51-200,Standard,2019-10-07
CUST00009,Tara Williams,aaroncarter@example.com,24,Female,Healthcare,Asia-Pacific,501-1000,Premium,2019-06-13
CUST00010,Tyler Roberson,aaronhenderson@example.org,27,Other,Financial Services,Asia-Pacific,1-10,Enterprise,2021-08-17
CUST00011,Kelsey Blevins,aaronhernandez@example.net,52,Male,Other,Asia-Pacific,51-200,Free,2019-04-16
CUST00012,Rodney Tate,aaronpeterson@example.com,43,Female,Government & Public Sector,Europe,1-10,Standard,2021-02-08
CUST00013,Janet Moore,aaronpope@example.org,25,Male,Retail,Other,1000+,Standard,2021-02-26
CUST00014,Jack Walton,aaronwhite@example.com,48,Female,Media & Communications,Australia & New Zealand,501-1000,Enterprise,2020-08-15
CUST00015,Matthew Reyes,aaronwilliams@example.org,36,Male,Education,Asia-Pacific,1-10,Premium,2021-07-09
CUST00016,Deborah Ali,aashley@example.net,18,Female,Manufacturing,Australia & New Zealand,51-200,Enterprise,2021-08-15
CUST00017,Mark Good,abailey@example.org,40,Female,Professional Services,North America,11-50,Premium,2019-08-24
CUST00018,Brenda Hansen,abaldwin@example.net,58,Other,Professional Services,Australia & New Zealand,501-1000,Enterprise,2021-05-14
CUST00019,Michelle Garcia,abates@example.org,54,Other,Financial Services,North America,1000+,Standard,2020-12-23
CUST00020,Jose Hunter,abbottmackenzie@example.org,18,Male,Financial Services,Australia & New Zealand,201-500,Standard,2019-02-20
CUST00021,Edward Hall,abell@example.com,54,Female,Education,Europe,51-200,Premium,2020-07-14
CUST00022,Cassandra Richards,abigail06@example.com,50,Female,Professional Services,North America,51-200,Standard,2020-07-12
CUST00023,Mark Garcia,abigailbowen@example.net,57,Male,Healthcare,Europe,1000+,Premium,2019-03-30
CUST00024,Michael Allison,abowen@example.org,54,Female,Technology,Asia-Pacific,51-200,Free,2019-11-06
CUST00025,Timothy Davis,abush@example.com,60,Male,Professional Services,Australia & New Zealand,51-200,Free,2019-12-09
CUST00026,Brooke Miles,acalderon@example.com,18,Male,Professional Services,Asia-Pacific,501-1000,Enterprise,2019-09-21
CUST00027,Christina Hahn,acarr@example.com,48,Male,Technology,Australia & New Zealand,1-10,Free,2019-02-04
CUST00028,Tammie Carter,achen@example.com,58,Other,Retail,Europe,51-200,Free,2020-07-19
CUST00029,Kyle Ritter,acostaandrew@example.org,62,Female,Professional Services,Other,501-1000,Standard,2020-11-02
CUST00030,Shannon Johnson,acostaconnie@example.com,31,Male,Financial Services,North America,51-200,Premium,2020-08-28
CUST00031,Charles Stewart,acunningham@example.com,47,Female,Financial Services,Asia-Pacific,201-500,Free,2021-01-17
CUST00032,Robert Phillips DDS,adam06@example.net,37,Other,Manufacturing,Other,11-50,Standard,2018-08-25
CUST00033,Jeffrey Scott,adam10@example.org,58,Male,Media & Communications,Asia-Pacific,11-50,Standard,2020-10-06
CUST00034,Darrell Harris,adam22@example.com,28,Male,Retail,Asia-Pacific,51-200,Premium,2020-08-18
CUST00035,David Todd,adam28@example.net,22,Female,Professional Services,Other,1000+,Standard,2021-10-22
CUST00036,Lisa Butler,adam36@example.com,26,Other,Other,Australia & New Zealand,51-200,Enterprise,2020-08-20
CUST00037,Alicia Stewart,adam45@example.com,29,Female,Retail,Asia-Pacific,11-50,Enterprise,2020-12-21
CUST00038,Jennifer Solomon,adam62@example.org,57,Other,Professional Services,Australia & New Zealand,51-200,Enterprise,2021-06-22
CUST00039,Dawn Perez,adam64@example.org,61,Male,Government & Public Sector,Australia & New Zealand,1000+,Enterprise,2021-01-13
CUST00040,David Bradley,adam67@example.net,25,Female,Professional Services,Australia & New Zealand,51-200,Standard,2020-03-09
CUST00041,Ashley Collins,adam83@example.org,38,Female,Healthcare,Asia-Pacific,1000+,Free,2019-02-17
CUST00042,Tracey Combs,adam98@example.net,46,Other,Professional Services,Australia & New Zealand,51-200,Premium,2019-12-06
CUST00043,Brian Morton,adamatkinson@example.net,34,Other,Financial Services,North America,51-200,Enterprise,2021-10-15
CUST00044,Charles Pennington,adamgibson@example.com,31,Female,Healthcare,Australia & New Zealand,11-50,Premium,2020-11-23
CUST00045,Deanna Davis,adamharrell@example.com,62,Male,Financial Services,Europe,51-200,Free,2021-09-19
CUST00046,Alexis Ingram,adamhenry@example.com,49,Female,Education,Europe,201-500,Premium,2019-10-02
CUST00047,Stacey Johnson,adamhoffman@example.org,48,Other,Retail,Europe,1-10,Free,2019-10-02
CUST00048,Jerry Gray,adamholloway@example.org,38,Male,Technology,Europe,1-10,Standard,2020-04-06
CUST00049,Brandon Chang,adamlawrence@example.com,64,Male,Healthcare,Australia & New Zealand,1-10,Standard,2020-11-11
CUST00050,Yolanda Griffin,adammiller@example.net,50,Female,Education,Europe,201-500,Enterprise,2020-02-19
CUST00051,Jeffery Rodgers,adamperez@example.net,70,Other,Retail,Asia-Pacific,51-200,Free,2019-11-25
CUST00052,Lauren Evans,adamsamber@example.com,43,Male,Professional Services,Asia-Pacific,201-500,Standard,2020-04-23
CUST00053,Jillian Jackson,adamsanchez@example.org,35,Male,Professional Services,Europe,51-200,Premium,2019-05-26
CUST00054,Jeffrey Mayer,adamscourtney@example.org,64,Other,Education,Other,51-200,Free,2019-02-28
CUST00055,Michael Mcgee,adamsfrank@example.net,69,Female,Education,Europe,51-200,Premium,2020-07-25
CUST00056,Tonya Heath,adamsgary@example.net,65,Female,Healthcare,Asia-Pacific,1000+,Premium,2020-01-14
CUST00057,Tracey Holmes,adamsgerald@example.org,26,Male,Retail,North America,51-200,Standard,2020-03-01
CUST00058,Beth Morris,adamsjames@example.org,39,Female,Professional Services,Europe,1-10,Enterprise,2019-06-30
CUST00059,Michael Powell,adamsjason@example.com,60,Male,Technology,Australia & New Zealand,51-200,Free,2019-09-21
CUST00060,Adam Reeves,adamsjessica@example.net,46,Other,Media & Communications,North America,11-50,Free,2018-11-11
CUST00061,Tammy Scott,adamsjoseph@example.net,44,Male,Education,Australia & New Zealand,501-1000,Premium,2021-02-20
CUST00062,Cristian Herman,adamsleah@example.com,31,Male,Professional Services,North America,1000+,Premium,2021-05-26
CUST00063,Mrs. Krista Jordan,adamslee@example.com,20,Other,Education,Australia & New Zealand,51-200,Premium,2020-12-25
CUST00064,Charles Palmer,adamsricky@example.com,19,Female,Technology,Australia & New Zealand,11-50,Standard,2020-02-25
CUST00065,Emily Bailey,adamsrose@example.net,24,Female,Government & Public Sector,Europe,1000+,Free,2019-08-26
CUST00066,Raymond Ball,adamssusan@example.org,27,Male,Other,Europe,1-10,Standard,2020-08-19
CUST00067,Wendy Shaw,adamszachary@example.com,66,Male,Technology,Other,11-50,Standard,2020-06-01
CUST00068,Angela Gray,adamtaylor@example.com,18,Male,Professional Services,Other,501-1000,Standard,2020-07-09
CUST00069,Joseph Gallegos,adaniels@example.org,42,Other,Healthcare,Europe,501-1000,Standard,2019-07-01
CUST00070,Jeffrey Leon,adavidson@example.org,24,Female,Professional Services,Europe,201-500,Premium,2020-01-27
CUST00071,Ryan Peterson,adavis@example.net,26,Female,Retail,Asia-Pacific,201-500,Standard,2019-09-20
CUST00072,Marissa Davis,adkinsdaniel@example.net,67,Other,Professional Services,Europe,51-200,Standard,2019-12-01
CUST00073,Jason Smith,adkinsrandall@example.org,36,Male,Media & Communications,Australia & New Zealand,201-500,Enterprise,2021-08-11
CUST00074,Bob Reeves,adriana86@example.org,33,Female,Other,North America,11-50,Enterprise,2020-04-14
CUST00075,Justin Diaz,adrianalandry@example.org,57,Female,Government & Public Sector,Europe,501-1000,Standard,2020-04-29
CUST00076,Amy Ward,adrianpatrick@example.net,63,Male,Retail,North America,51-200,Enterprise,2020-06-28
CUST00077,Mr. Scott Mitchell,adriennegibbs@example.org,59,Female,Technology,Europe,501-1000,Free,2019-08-04
CUST00078,Alison Hall,aedwards@example.org,56,Female,Other,Other,201-500,Premium,2019-10-25
CUST00079,Jamie Wilson,aellis@example.org,62,Female,Technology,North America,11-50,Standard,2020-02-25
CUST00080,Jennifer Golden,afields@example.net,52,Male,Financial Services,Australia & New Zealand,51-200,Standard,2020-05-28
CUST00081,Kristine Mason,aflores@example.net,56,Female,Financial Services,North America,501-1000,Enterprise,2020-10-28
CUST00082,Alexander Guzman,afranco@example.net,65,Other,Healthcare,Australia & New Zealand,51-200,Standard,2020-06-11
CUST00083,Timothy Ford,afriedman@example.net,41,Other,Education,Australia & New Zealand,51-200,Premium,2020-01-06
CUST00084,Yesenia Gomez,agentry@example.org,60,Other,Technology,Asia-Pacific,51-200,Standard,2020-07-07
CUST00085,David Warren,agonzales@example.com,64,Female,Technology,Europe,51-200,Premium,2021-05-09
CUST00086,Megan Sharp,agonzales@example.net,30,Female,Retail,North America,201-500,Premium,2019-12-25
CUST00087,John Anderson,agraves@example.org,21,Female,Education,Europe,1000+,Enterprise,2021-06-01
CUST00088,Kimberly Romero,aguirrechase@example.com,36,Male,Retail,Other,201-500,Standard,2021-01-26
CUST00089,Jeanne Duncan,aguirrederrick@example.com,28,Male,Retail,Other,51-200,Premium,2020-01-03
CUST00090,Stephanie Anderson,ahampton@example.net,66,Male,Government & Public Sector,Europe,51-200,Standard,2020-02-12
CUST00091,Mark Ross,ahansen@example.org,26,Male,Government & Public Sector,North America,201-500,Standard,2020-03-05
CUST00092,Kyle Moss,aharmon@example.com,53,Male,Technology,Europe,51-200,Free,2021-02-10
CUST00093,David Montgomery,ahicks@example.com,20,Other,Other,Europe,11-50,Premium,2020-05-11
CUST00094,David Johnson,ahodge@example.org,37,Female,Media & Communications,Australia & New Zealand,1-10,Standard,2020-09-27
CUST00095,Brandon Berg,ahowe@example.org,35,Female,Retail,Asia-Pacific,11-50,Free,2019-10-03
CUST00096,April Hamilton,ahubbard@example.net,55,Other,Healthcare,Asia-Pacific,1000+,Standard,2021-05-08
CUST00097,Tyler Vang,ahubbard@example.org,32,Other,Education,Europe,11-50,Standard,2019-09-17
CUST00098,Andrew Turner,ajenkins@example.com,46,Other,Government & Public Sector,Europe,201-500,Premium,2019-05-08
CUST00099,Angela Wilson,ajohnson@example.com,21,Other,Financial Services,Asia-Pacific,1-10,Standard,2019-12-09
CUST00100,Casey Baker,ajohnson@example.net,52,Female,Retail,Australia & New Zealand,1000+,Premium,2020-03-24
CUST00101,Jacob Williams,ajohnson@example.org,50,Female,Manufacturing,Australia & New Zealand,1000+,Standard,2020-05-01
CUST00102,Sharon Ward,ajones@example.com,39,Female,Technology,North America,201-500,Free,2019-12-15
CUST00103,Linda Tran,ajones@example.org,23,Other,Retail,Europe,51-200,Standard,2020-01-27
CUST00104,Sarah Williams,akelly@example.net,41,Other,Professional Services,Asia-Pacific,51-200,Free,2021-09-30
CUST00105,Hannah Guerrero,akennedy@example.org,34,Female,Media & Communications,Europe,11-50,Free,2019-06-28
CUST00106,Stephanie Roberts,akirby@example.org,57,Female,Technology,North America,11-50,Standard,2019-12-27
CUST00107,Kayla Osborn,alan02@example.com,66,Male,Retail,Australia & New Zealand,51-200,Standard,2021-07-08
CUST00108,Catherine Hodge,alan41@example.net,44,Other,Manufacturing,Australia & New Zealand,1000+,Premium,2021-01-03
CUST00109,Michael Flynn,alanjames@example.org,18,Other,Retail,North America,1000+,Standard,2020-01-06
CUST00110,Megan Ortiz,alec49@example.com,60,Female,Professional Services,Other,201-500,Standard,2019-08-12
CUST00111,Stephanie Padilla,alec99@example.org,53,Male,Healthcare,Asia-Pacific,201-500,Free,2020-12-01
CUST00112,James Price,alecleonard@example.net,49,Male,Professional Services,Europe,201-500,Premium,2020-04-20
CUST00113,Amanda Davis,alejandra02@example.org,33,Female,Healthcare,Asia-Pacific,1-10,Standard,2019-12-17
CUST00114,William Stokes,alejandrajones@example.com,36,Other,Technology,Other,201-500,Premium,2019-10-02
CUST00115,Jennifer Rodriguez,aleonard@example.net,40,Other,Financial Services,Asia-Pacific,11-50,Free,2019-08-06
CUST00116,Christian Collins,alex15@example.org,20,Other,Technology,Europe,501-1000,Premium,2020-08-12
CUST00117,Mary Stanley,alex55@example.org,28,Other,Technology,Asia-Pacific,1000+,Standard,2019-12-14
CUST00118,Jamie Cunningham,alex56@example.net,63,Male,Retail,Europe,51-200,Enterprise,2020-05-03
CUST00119,Robert Walton,alexander21@example.com,39,Male,Financial Services,Australia & New Zealand,1000+,Standard,2020-10-07
CUST00120,Colin Harris,alexander99@example.org,35,Female,Education,North America,1000+,Premium,2020-07-27
CUST00121,Amanda Copeland,alexanderjake@example.net,52,Other,Healthcare,Asia-Pacific,201-500,Premium,2019-11-14
CUST00122,Benjamin Castillo,alexanderlindsay@example.com,42,Female,Government & Public Sector,Europe,201-500,Enterprise,2019-04-14
CUST00123,Katherine Moore,alexandermichael@example.org,68,Female,Professional Services,Europe,1000+,Premium,2019-11-22
CUST00124,Dr. Thomas Hall PhD,alexandersloan@example.org,33,Other,Professional Services,Asia-Pacific,11-50,Enterprise,2020-04-03
CUST00125,Christina Wheeler,alexanderthomas@example.com,48,Female,Professional Services,Australia & New Zealand,501-1000,Premium,2019-05-26
CUST00126,Amy Harris,alexandra41@example.com,50,Other,Technology,Australia & New Zealand,1000+,Free,2019-04-03
CUST00127,James Hernandez,alexandra41@example.org,47,Female,Healthcare,Europe,501-1000,Enterprise,2018-10-19
CUST00128,Michael Arnold,alexandra86@example.org,18,Male,Manufacturing,North America,51-200,Standard,2020-04-26
CUST00129,Cynthia Martin,alexandracollins@example.org,62,Male,Education,North America,501-1000,Premium,2020-07-29
CUST00130,Justin Melton,alexandraholmes@example.net,22,Male,Retail,Australia & New Zealand,201-500,Standard,2020-10-25
CUST00131,Mark Williams,alexandralee@example.net,51,Male,Other,Asia-Pacific,11-50,Premium,2019-09-15
CUST00132,Haley Franklin,alexhernandez@example.com,23,Other,Healthcare,Other,51-200,Standard,2019-06-27
CUST00133,Kerry Wright,alexis01@example.net,52,Other,Media & Communications,North America,51-200,Standard,2021-02-26
CUST00134,Jacob Lam,alexis05@example.org,55,Female,Government & Public Sector,North America,11-50,Standard,2021-07-11
CUST00135,Samantha Walton,alexis15@example.net,57,Other,Financial Services,North America,201-500,Standard,2020-09-17
CUST00136,Alexander Martin,alexis37@example.com,33,Female,Healthcare,Australia & New Zealand,201-500,Premium,2019-12-25
CUST00137,Crystal Garcia,alexis95@example.com,40,Other,Healthcare,Europe,1-10,Standard,2019-06-10
CUST00138,Mark Holloway,alexis97@example.com,56,Other,Manufacturing,North America,11-50,Premium,2019-09-23
CUST00139,David Craig,alexishahn@example.com,23,Male,Professional Services,Asia-Pacific,501-1000,Standard,2019-12-23
CUST00140,Pamela Pruitt,alexisrogers@example.org,55,Male,Healthcare,Australia & New Zealand,11-50,Premium,2020-03-31
CUST00141,Maurice Moreno,alexissantana@example.org,56,Female,Retail,Europe,11-50,Standard,2019-02-13
CUST00142,William Pacheco,alexisweaver@example.org,56,Female,Professional Services,Australia & New Zealand,51-200,Premium,2021-11-08
CUST00143,Linda Gomez,alexwilliams@example.net,40,Other,Technology,Europe,1000+,Premium,2019-07-26
CUST00144,Wendy Garcia,aliabigail@example.org,61,Male,Professional Services,Europe,201-500,Premium,2019-03-13
CUST00145,Victoria Duran,alicedillon@example.com,55,Other,Other,North America,1-10,Premium,2020-06-18
CUST00146,Dr. Charles Woods,alicemaddox@example.org,42,Female,Financial Services,Australia & New Zealand,11-50,Standard,2021-03-25
CUST00147,Maria Bradley,alicia42@example.com,52,Male,Technology,North America,201-500,Premium,2020-02-27
CUST00148,Darin Taylor,alicia71@example.com,52,Female,Professional Services,North America,51-200,Premium,2020-03-13
CUST00149,Robert Morrow,aliciabryant@example.org,35,Female,Technology,Asia-Pacific,51-200,Standard,2019-08-27
CUST00150,Amber Henson,aliciamurray@example.org,52,Other,Financial Services,Australia & New Zealand,501-1000,Standard,2019-05-30
CUST00151,Russell Alexander DDS,aliciarichardson@example.org,31,Female,Government & Public Sector,North America,51-200,Standard,2019-03-18
CUST00152,Joseph Castaneda,aliciascott@example.com,51,Female,Professional Services,Other,11-50,Premium,2019-03-15
CUST00153,Jeffery Boone,alijack@example.org,50,Female,Retail,Europe,51-200,Premium,2019-06-06
CUST00154,Sonya Price,alison07@example.net,57,Female,Financial Services,Asia-Pacific,11-50,Enterprise,2020-04-16
CUST00155,Olivia Henderson,allen01@example.org,63,Other,Healthcare,Australia & New Zealand,51-200,Premium,2019-06-07
CUST00156,Stephen Baker,allen59@example.org,33,Other,Technology,North America,51-200,Enterprise,2020-05-19
CUST00157,Jorge Lee,allenbenjamin@example.net,60,Male,Media & Communications,Australia & New Zealand,1-10,Premium,2019-11-26
CUST00158,Melanie George,allenbrandon@example.net,32,Female,Professional Services,Europe,1-10,Premium,2021-09-26
CUST00159,Robert Calhoun,allencaitlin@example.org,63,Male,Technology,Other,501-1000,Premium,2021-01-17
CUST00160,James Martinez,allenchristopher@example.com,63,Male,Media & Communications,Australia & New Zealand,11-50,Standard,2020-07-25
CUST00161,Jacob Diaz,allenchristopher@example.org,62,Other,Retail,Europe,501-1000,Standard,2020-03-26
CUST00162,Christie Walker,allencole@example.net,42,Female,Professional Services,Europe,501-1000,Premium,2020-04-04
CUST00163,Tamara Mason,allengary@example.org,64,Other,Financial Services,Australia & New Zealand,1000+,Standard,2020-11-11
CUST00164,Dominique Gibson,allenjennifer@example.com,25,Other,Media & Communications,Asia-Pacific,201-500,Enterprise,2020-06-28
CUST00165,Nicolas Jones,allenjones@example.net,52,Male,Professional Services,Asia-Pacific,1-10,Standard,2019-05-29
CUST00166,Amanda Munoz,allenkelsey@example.com,19,Male,Technology,Australia & New Zealand,11-50,Premium,2019-08-08
CUST00167,Michael Orozco,allenkim@example.com,49,Female,Other,North America,51-200,Enterprise,2019-05-18
CUST00168,Heather Mccullough,allenmary@example.net,23,Male,Technology,Europe,201-500,Premium,2020-08-13
CUST00169,Tiffany Wilson,allenpeter@example.net,18,Male,Technology,Asia-Pacific,501-1000,Premium,2021-06-21
CUST00170,Scott Erickson,allensanchez@example.net,52,Male,Education,Europe,11-50,Standard,2021-07-28
CUST00171,Christie Hartman,allenwilliam@example.org,62,Other,Financial Services,Australia & New Zealand,51-200,Enterprise,2020-06-24
CUST00172,Sandra Hahn MD,allison34@example.org,70,Male,Professional Services,Australia & New Zealand,51-200,Premium,2019-04-21
CUST00173,Scott Boyd,allison50@example.net,62,Other,Retail,Asia-Pacific,51-200,Premium,2019-03-05
CUST00174,Andrew Haynes,allison91@example.com,51,Male,Other,Other,201-500,Standard,2020-06-30
CUST00175,Dominique Heath,allisonjason@example.com,69,Other,Government & Public Sector,Asia-Pacific,1000+,Standard,2021-03-08
CUST00176,Diane Ward,allisonpage@example.net,22,Male,Technology,Europe,11-50,Enterprise,2019-07-21
CUST00177,Vanessa Casey,allisonpeters@example.org,33,Other,Manufacturing,North America,201-500,Standard,2019-09-26
CUST00178,Jeanette Beard,allisonwilson@example.net,29,Other,Technology,Australia & New Zealand,11-50,Standard,2020-05-21
CUST00179,Kari Christensen,along@example.org,48,Other,Manufacturing,North America,11-50,Enterprise,2019-12-13
CUST00180,Thomas Dougherty,alopez@example.net,36,Female,Financial Services,Europe,501-1000,Premium,2020-06-16
CUST00181,Jill Webster,alyssa05@example.org,43,Female,Healthcare,North America,51-200,Premium,2019-10-24
CUST00182,Megan Smith,alyssa18@example.net,41,Male,Healthcare,Europe,11-50,Premium,2020-11-23
CUST00183,Darrell Jacobson,alyssa19@example.org,28,Other,Manufacturing,Australia & New Zealand,201-500,Free,2020-04-16
CUST00184,Jason Wallace,alyssa44@example.org,62,Female,Other,Australia & New Zealand,11-50,Standard,2020-11-24
CUST00185,Taylor Alvarez,alyssa74@example.org,46,Female,Financial Services,Australia & New Zealand,51-200,Standard,2020-05-20
CUST00186,Felicia Clark,alyssaclark@example.net,37,Female,Retail,Europe,11-50,Enterprise,2019-07-08
CUST00187,Kathryn Hudson,alyssaevans@example.org,63,Other,Healthcare,Europe,201-500,Premium,2021-01-05
CUST00188,Christina Crane,alyssaosborne@example.com,68,Male,Technology,Australia & New Zealand,1000+,Enterprise,2021-07-25
CUST00189,Heather Potter,alyssaschmitt@example.com,47,Female,Healthcare,Asia-Pacific,11-50,Standard,2019-07-05
CUST00190,Loretta Mclaughlin,alyssaschwartz@example.org,48,Male,Professional Services,Europe,51-200,Enterprise,2020-05-23
CUST00191,Megan Ryan,alyssavasquez@example.com,58,Male,Technology,Australia & New Zealand,501-1000,Premium,2020-05-14
CUST00192,Denise Huang,amanda00@example.org,28,Male,Education,Australia & New Zealand,51-200,Enterprise,2020-11-29
CUST00193,Dennis Singleton,amanda07@example.org,50,Female,Education,Asia-Pacific,1000+,Standard,2020-07-07
CUST00194,Kimberly Gray,amanda11@example.net,34,Male,Retail,Australia & New Zealand,1-10,Standard,2021-03-17
CUST00195,Autumn Bell,amanda18@example.com,34,Male,Retail,Australia & New Zealand,11-50,Standard,2018-10-11
CUST00196,Nicholas Martin,amanda19@example.org,61,Other,Education,North America,51-200,Standard,2019-10-17
CUST00197,Steven George,amanda24@example.org,27,Other,Government & Public Sector,Australia & New Zealand,501-1000,Premium,2018-12-01
CUST00198,Anthony Santana,amanda32@example.net,19,Female,Technology,Europe,51-200,Standard,2020-10-21
CUST00199,Peter Flowers,amanda40@example.org,52,Male,Financial Services,North America,501-1000,Standard,2019-11-13
CUST00200,Leonard Peterson,amanda43@example.com,32,Other,Professional Services,Europe,201-500,Standard,2020-08-03
CUST00201,Donald Myers,amanda45@example.net,42,Female,Media & Communications,Asia-Pacific,51-200,Enterprise,2020-12-13
CUST00202,Ronnie Kelley,amanda57@example.org,21,Male,Healthcare,North America,51-200,Enterprise,2020-06-12
CUST00203,Melissa Blackwell,amanda60@example.org,49,Other,Financial Services,Asia-Pacific,51-200,Premium,2020-02-07
CUST00204,Brittany Washington,amanda61@example.com,23,Male,Media & Communications,Other,201-500,Premium,2020-10-05
CUST00205,Daniel Schroeder,amanda64@example.org,61,Female,Media & Communications,Europe,201-500,Standard,2020-05-13
CUST00206,Brian Mann,amanda65@example.org,46,Female,Media & Communications,North America,51-200,Premium,2019-07-01
CUST00207,Brianna Holland,amanda69@example.net,52,Male,Technology,Australia & New Zealand,1000+,Premium,2020-01-20
CUST00208,Shane Ball,amanda70@example.com,54,Other,Financial Services,Europe,501-1000,Standard,2020-07-10
CUST00209,Ryan Walker,amanda91@example.com,29,Female,Government & Public Sector,Other,11-50,Standard,2020-09-02
CUST00210,Daniel Schultz,amanda93@example.org,67,Female,Manufacturing,Europe,1000+,Premium,2019-08-29
CUST00211,Kimberly Turner,amandaball@example.org,38,Male,Financial Services,Australia & New Zealand,201-500,Free,2020-04-22
CUST00212,David Taylor,amandaburton@example.net,32,Female,Retail,Australia & New Zealand,201-500,Premium,2020-05-13
CUST00213,Monica Mathews,amandacain@example.org,59,Male,Financial Services,Europe,1-10,Enterprise,2019-01-20
CUST00214,Andrew Kelly,amandacampbell@example.com,65,Other,Professional Services,Australia & New Zealand,51-200,Standard,2020-04-17
CUST00215,Mary Wilson,amandacoleman@example.net,54,Other,Technology,Australia & New Zealand,1-10,Free,2019-05-01
CUST00216,Tracy Duncan,amandacooper@example.org,30,Male,Financial Services,Australia & New Zealand,11-50,Free,2019-07-18
CUST00217,Timothy Graves,amandahuffman@example.com,44,Other,Financial Services,Asia-Pacific,1000+,Premium,2020-03-17
CUST00218,Eduardo Mitchell,amandajohnson@example.org,48,Other,Government & Public Sector,Europe,501-1000,Enterprise,2019-08-31
CUST00219,Megan Alexander,amandakennedy@example.com,54,Female,Retail,Asia-Pacific,51-200,Premium,2019-04-30
CUST00220,Dr. Angela Flores DVM,amandaluna@example.org,51,Male,Technology,North America,51-200,Premium,2019-06-13
CUST00221,Dustin Keller,amandamartinez@example.com,20,Female,Professional Services,Europe,51-200,Standard,2019-12-04
CUST00222,Patricia Rodriguez,amandamatthews@example.net,44,Other,Education,North America,51-200,Free,2019-03-07
CUST00223,Melinda Chapman,amandamills@example.net,44,Other,Retail,North America,501-1000,Premium,2019-07-23
CUST00224,Laura Sanchez,amandaolsen@example.com,44,Other,Education,Australia & New Zealand,51-200,Enterprise,2020-09-05
CUST00225,Gerald Harrison,amandaolson@example.net,21,Other,Professional Services,Europe,201-500,Premium,2019-03-31
CUST00226,George Hale,amandapeterson@example.org,66,Other,Professional Services,North America,51-200,Standard,2020-06-18
CUST00227,Jordan Khan,amandaroberts@example.org,61,Male,Retail,North America,201-500,Standard,2020-05-27
CUST00228,Rebecca Nielsen,amandarush@example.org,19,Female,Other,Asia-Pacific,201-500,Premium,2019-11-02
CUST00229,Melissa Garcia,amandasmith@example.com,24,Male,Retail,Asia-Pacific,201-500,Premium,2020-02-19
CUST00230,Gene Norman,amandayoung@example.net,55,Female,Government & Public Sector,North America,201-500,Premium,2021-02-05
CUST00231,William Gallagher,amartinez@example.org,44,Other,Technology,North America,201-500,Standard,2021-01-24
CUST00232,Claudia Smith,amber13@example.com,65,Male,Financial Services,North America,501-1000,Free,2020-06-11
CUST00233,Jeffrey Wright,amber23@example.org,39,Male,Manufacturing,North America,51-200,Standard,2020-03-30
CUST00234,David Johnson,amber32@example.org,36,Male,Retail,North America,1-10,Premium,2019-05-29
CUST00235,William Williams,amber90@example.com,35,Female,Education,Australia & New Zealand,11-50,Standard,2020-06-22
CUST00236,Jessica Erickson,amberbarajas@example.com,70,Male,Professional Services,Australia & New Zealand,51-200,Enterprise,2019-08-15
CUST00237,Amy Carlson,amberchen@example.net,51,Other,Financial Services,Europe,501-1000,Standard,2020-08-17
CUST00238,James David,amberdavis@example.com,38,Male,Healthcare,North America,501-1000,Standard,2019-07-04
CUST00239,Michael Kim,amberlee@example.com,27,Female,Professional Services,North America,11-50,Premium,2020-07-08
CUST00240,Ralph Figueroa,ambermiddleton@example.net,46,Female,Professional Services,Europe,11-50,Free,2019-06-01
CUST00241,Brent Dorsey,ambermurray@example.net,41,Female,Media & Communications,Australia & New Zealand,201-500,Standard,2020-03-30
CUST00242,Colton Roberts,amberpatterson@example.com,50,Female,Other,Asia-Pacific,501-1000,Standard,2019-03-11
CUST00243,Jodi Miller,amberrios@example.org,21,Female,Other,Australia & New Zealand,501-1000,Standard,2020-05-02
CUST00244,David Coleman,ambersanchez@example.org,32,Male,Education,Europe,501-1000,Enterprise,2020-06-26
CUST00245,Emily Riley,amberscott@example.net,44,Female,Technology,Australia & New Zealand,201-500,Free,2019-10-10
CUST00246,Ricardo Gonzalez,ambersmith@example.com,43,Other,Technology,Asia-Pacific,1000+,Premium,2019-12-02
CUST00247,Martin Davis,amberthomas@example.net,52,Male,Education,Other,201-500,Free,2018-11-06
CUST00248,Shane Walker,amberwiggins@example.com,67,Other,Technology,North America,51-200,Standard,2020-10-22
CUST00249,Pedro Adams,amcgee@example.net,39,Female,Technology,Australia & New Zealand,51-200,Enterprise,2020-07-29
CUST00250,Kevin Nolan,amckenzie@example.net,60,Female,Financial Services,Asia-Pacific,51-200,Free,2020-05-14
CUST00251,Peter Chandler,amckinney@example.net,69,Female,Other,Other,201-500,Standard,2020-01-01
CUST00252,Penny Maxwell,amclaughlin@example.com,49,Female,Technology,Asia-Pacific,201-500,Free,2020-02-03
CUST00253,Krista Pittman,amoore@example.com,61,Female,Technology,North America,51-200,Standard,2020-05-08
CUST00254,Raymond Hughes,amoran@example.com,28,Other,Government & Public Sector,Australia & New Zealand,11-50,Premium,2020-01-26
CUST00255,Steven Hernandez,amorrow@example.org,56,Other,Retail,Europe,201-500,Standard,2020-11-04
CUST00256,Michael Pratt,amurphy@example.org,60,Male,Healthcare,Asia-Pacific,11-50,Premium,2020-01-05
CUST00257,Christopher Jones,amy03@example.net,30,Other,Professional Services,Australia & New Zealand,11-50,Free,2020-06-05
CUST00258,Alexis Savage,amy29@example.org,43,Male,Government & Public Sector,Europe,1-10,Standard,2019-12-14
CUST00259,Austin Price,amy35@example.net,63,Male,Other,North America,51-200,Standard,2018-11-21
CUST00260,Elizabeth Foley,amy41@example.net,18,Other,Retail,North America,1-10,Premium,2020-07-13
CUST00261,Timothy Wright,amy55@example.com,68,Other,Other,Europe,11-50,Standard,2020-06-12
CUST00262,Kevin Ortiz,amy62@example.net,33,Male,Education,Europe,11-50,Standard,2021-02-08
CUST00263,Jason Miles,amy73@example.org,60,Male,Professional Services,Europe,51-200,Premium,2020-01-05
CUST00264,Tanner Palmer,amydavis@example.net,44,Other,Media & Communications,Europe,51-200,Standard,2021-04-02
CUST00265,Steve Smith,amydillon@example.net,21,Female,Retail,Australia & New Zealand,11-50,Premium,2020-01-27
CUST00266,Leslie Duffy,amydunn@example.net,27,Other,Financial Services,North America,51-200,Enterprise,2021-09-20
CUST00267,Allen Davis,amyfigueroa@example.com,19,Male,Education,Europe,201-500,Enterprise,2018-08-30
CUST00268,Mark Lambert,amyjohnson@example.org,33,Male,Technology,Europe,51-200,Premium,2020-10-30
CUST00269,Jaclyn Hughes,amyjones@example.net,38,Other,Manufacturing,Asia-Pacific,51-200,Free,2019-09-13
CUST00270,Alex Hill,amylogan@example.org,25,Female,Education,North America,201-500,Standard,2020-11-12
CUST00271,Jennifer Thompson,amymccarthy@example.org,49,Female,Technology,Europe,11-50,Premium,2020-05-21
CUST00272,Steven Cross,amymitchell@example.org,69,Male,Government & Public Sector,Australia & New Zealand,201-500,Free,2020-06-26
CUST00273,Brianna Walters,amypowell@example.org,43,Female,Other,North America,201-500,Standard,2020-11-02
CUST00274,Christina Bishop,ana12@example.com,70,Other,Healthcare,Europe,51-200,Enterprise,2019-12-27
CUST00275,Danielle Ross,ana39@example.org,25,Female,Professional Services,Asia-Pacific,51-200,Standard,2020-09-20
CUST00276,Brittany Evans,andersonandrew@example.org,40,Male,Retail,North America,51-200,Standard,2020-07-23
CUST00277,Crystal Jensen,andersonbrandon@example.org,55,Male,Technology,North America,1000+,Free,2021-10-18
CUST00278,Justin Steele,andersonbrooke@example.net,22,Male,Technology,Australia & New Zealand,11-50,Premium,2020-01-11
CUST00279,Danielle Rogers,andersoncourtney@example.org,18,Other,Professional Services,Australia & New Zealand,51-200,Enterprise,2021-01-25
CUST00280,Carol Cruz,andersondavid@example.com,26,Other,Professional Services,Australia & New Zealand,51-200,Standard,2019-09-23
CUST00281,Mrs. Jessica Phillips DDS,andersondavid@example.org,43,Male,Media & Communications,Australia & New Zealand,11-50,Free,2019-07-13
CUST00282,Wayne Shaw,andersondonald@example.com,38,Female,Technology,Australia & New Zealand,11-50,Free,2020-09-04
CUST00283,Ashley Nicholson DVM,andersonerika@example.net,18,Male,Technology,North America,51-200,Standard,2019-11-04
CUST00284,Maurice Love,andersonerin@example.com,70,Other,Healthcare,Australia & New Zealand,11-50,Standard,2020-10-07
CUST00285,Denise Hall,andersongene@example.org,65,Male,Government & Public Sector,Australia & New Zealand,51-200,Standard,2019-02-19
CUST00286,Nancy Stephens,andersonjay@example.net,48,Other,Manufacturing,North America,501-1000,Standard,2019-10-05
CUST00287,Christine Rush,andersonjohn@example.net,63,Female,Media & Communications,North America,201-500,Premium,2019-11-16
CUST00288,Jessica Gilmore,andersonjulia@example.net,18,Other,Other,North America,1-10,Premium,2020-09-12
CUST00289,David Mccoy,andersonkristin@example.com,56,Female,Education,Asia-Pacific,201-500,Standard,2018-10-02
CUST00290,Christina Ross,andersonkristopher@example.net,25,Male,Media & Communications,Australia & New Zealand,11-50,Standard,2019-10-16
CUST00291,Terry Kelley,andersonlisa@example.com,70,Other,Professional Services,Australia & New Zealand,11-50,Premium,2019-11-05
CUST00292,Angela Hall,andersonmario@example.org,44,Male,Professional Services,Europe,51-200,Standard,2019-09-24
CUST00293,Duane Hughes,andersonwilliam@example.net,35,Female,Government & Public Sector,Asia-Pacific,51-200,Standard,2021-01-05
CUST00294,William Nelson,andre05@example.net,46,Male,Professional Services,North America,1000+,Standard,2020-12-07
CUST00295,John Miller,andre60@example.com,39,Male,Media & Communications,North America,11-50,Premium,2021-08-04
CUST00296,Alexander Andrade,andrea00@example.com,27,Other,Education,Europe,201-500,Standard,2020-01-15
CUST00297,Elizabeth Curry,andrea01@example.org,49,Male,Technology,Australia & New Zealand,201-500,Enterprise,2019-08-23
CUST00298,Paul Lopez,andrea06@example.org,34,Female,Technology,Europe,1-10,Enterprise,2021-07-14
CUST00299,Paula Allen,andrea21@example.net,60,Female,Education,Asia-Pacific,51-200,Standard,2019-12-22
CUST00300,Anne Richards,andrea41@example.net,59,Male,Healthcare,Europe,51-200,Premium,2019-09-07
CUST00301,Stephanie Valdez,andrea52@example.com,26,Female,Media & Communications,North America,51-200,Standard,2019-05-09
CUST00302,Jason Brown,andrea53@example.com,34,Female,Professional Services,Australia & New Zealand,11-50,Premium,2020-08-25
CUST00303,Rachel Jones,andrea53@example.org,67,Other,Technology,North America,51-200,Enterprise,2019-10-29
CUST00304,Eric Ponce,andrea57@example.com,44,Other,Education,Europe,1000+,Enterprise,2020-11-09
CUST00305,Nathan Downs Jr.,andrea68@example.net,23,Male,Technology,Australia & New Zealand,201-500,Premium,2020-04-07
CUST00306,Tiffany Rubio,andrea78@example.net,67,Female,Professional Services,Europe,1-10,Free,2019-06-17
CUST00307,Anna Chavez,andreaaguilar@example.com,60,Other,Retail,North America,11-50,Standard,2020-02-04
CUST00308,Blake Anderson,andreacollier@example.org,47,Female,Professional Services,Australia & New Zealand,201-500,Standard,2020-07-29
CUST00309,Anthony Benjamin,andrearobertson@example.net,26,Other,Education,Asia-Pacific,1-10,Standard,2021-02-09
CUST00310,Joseph Gonzalez,andreawashington@example.org,26,Other,Technology,North America,51-200,Premium,2019-01-30
CUST00311,Joseph Green,andrew16@example.com,66,Male,Technology,North America,51-200,Standard,2020-04-08
CUST00312,Samuel Schroeder,andrew28@example.org,40,Other,Manufacturing,North America,501-1000,Enterprise,2021-01-06
CUST00313,Adam Green,andrew32@example.org,30,Other,Education,Other,201-500,Free,2020-01-22
CUST00314,Colton Pacheco,andrew42@example.org,53,Male,Government & Public Sector,Asia-Pacific,51-200,Premium,2020-04-08
CUST00315,Ashley Hahn,andrew44@example.org,25,Other,Manufacturing,Australia & New Zealand,1-10,Free,2021-03-28
CUST00316,Jose Jones,andrew47@example.com,64,Female,Technology,Australia & New Zealand,1000+,Free,2020-06-28
CUST00317,Tracey Young,andrew47@example.net,39,Female,Professional Services,Europe,201-500,Free,2019-11-21
CUST00318,Elizabeth Young,andrew49@example.net,30,Female,Education,Europe,501-1000,Free,2020-01-09
CUST00319,Jordan Wang,andrew52@example.com,48,Other,Technology,Asia-Pacific,51-200,Enterprise,2020-03-25
CUST00320,Kevin Nixon,andrew58@example.com,42,Other,Technology,Europe,11-50,Premium,2021-09-18
CUST00321,Patricia Jones,andrew63@example.org,24,Male,Manufacturing,Europe,51-200,Premium,2019-07-02
CUST00322,Robert Oneal,andrew67@example.org,52,Other,Manufacturing,Asia-Pacific,11-50,Premium,2019-03-18
CUST00323,Crystal Castro,andrew79@example.com,54,Male,Professional Services,Australia & New Zealand,11-50,Standard,2019-12-08
CUST00324,David Dorsey,andrew85@example.com,26,Other,Healthcare,Australia & New Zealand,501-1000,Enterprise,2019-12-26
CUST00325,Brittany Gomez,andrew86@example.net,30,Male,Education,Other,51-200,Standard,2019-10-01
CUST00326,Jesus Thompson,andrew89@example.com,39,Male,Media & Communications,Asia-Pacific,51-200,Standard,2019-10-12
CUST00327,Amanda Young,andrew97@example.com,21,Male,Professional Services,Australia & New Zealand,51-200,Premium,2020-03-06
CUST00328,Dylan Chapman,andrew98@example.org,49,Male,Education,Europe,1000+,Free,2020-07-27
CUST00329,Sandra Buchanan,andrewacosta@example.net,55,Other,Government & Public Sector,Australia & New Zealand,11-50,Standard,2021-03-16
CUST00330,Austin Lee,andrewallen@example.com,29,Male,Manufacturing,Australia & New Zealand,1000+,Enterprise,2021-04-18
CUST00331,Dawn Berry,andrewbaker@example.net,67,Other,Financial Services,North America,51-200,Premium,2020-08-23
CUST00332,Brandi Brown,andrewdyer@example.com,35,Other,Government & Public Sector,North America,51-200,Free,2020-06-06
CUST00333,Julie Andrews,andrewgaines@example.org,47,Other,Professional Services,Other,51-200,Enterprise,2019-04-14
CUST00334,Kimberly Collier,andrewgomez@example.org,65,Other,Healthcare,Australia & New Zealand,11-50,Free,2019-01-24
CUST00335,Gary Decker,andrewhays@example.org,51,Male,Healthcare,North America,1000+,Standard,2019-10-22
CUST00336,Elizabeth Lopez,andrewkirby@example.org,58,Male,Professional Services,Australia & New Zealand,501-1000,Premium,2020-04-09
CUST00337,Miguel Salazar,andrewmckinney@example.org,67,Female,Manufacturing,Australia & New Zealand,1-10,Premium,2019-11-12
CUST00338,Paul Sosa,andrewparks@example.com,45,Other,Education,Australia & New Zealand,11-50,Enterprise,2020-10-06
CUST00339,Justin Murphy,andrewrasmussen@example.net,43,Female,Other,Australia & New Zealand,51-200,Standard,2019-03-04
CUST00340,Hannah Chen,andrewwest@example.net,43,Female,Government & Public Sector,Asia-Pacific,51-200,Free,2021-07-02
CUST00341,April Diaz,andrewwilson@example.net,20,Female,Government & Public Sector,North America,1-10,Free,2018-10-07
CUST00342,Jennifer Hunt,angela04@example.net,28,Female,Government & Public Sector,Asia-Pacific,1000+,Free,2018-11-21
CUST00343,Danielle Stafford,angela11@example.com,68,Other,Technology,North America,201-500,Premium,2020-10-09
CUST00344,Antonio Shelton,angela11@example.org,18,Female,Retail,North America,51-200,Standard,2020-08-02
CUST00345,Michelle Hall,angela13@example.net,59,Female,Media & Communications,North America,51-200,Enterprise,2020-01-14
CUST00346,Chad Hendricks,angela18@example.org,34,Female,Education,Asia-Pacific,1000+,Standard,2019-06-29
CUST00347,Christopher Lester,angela41@example.net,34,Other,Education,Other,1000+,Enterprise,2018-09-11
CUST00348,Karen Shields,angela55@example.com,43,Male,Financial Services,Australia & New Zealand,501-1000,Standard,2019-08-15
CUST00349,Sarah Dougherty,angela60@example.org,30,Male,Technology,Asia-Pacific,1-10,Standard,2021-05-14
CUST00350,Ryan Franklin,angela70@example.com,62,Male,Media & Communications,North America,51-200,Standard,2019-06-15
CUST00351,Brian Davis,angela74@example.org,66,Female,Technology,Australia & New Zealand,51-200,Free,2020-10-21
CUST00352,Carrie Greer,angela91@example.com,19,Female,Healthcare,Europe,51-200,Enterprise,2020-11-02
CUST00353,Joseph Parker,angela95@example.org,50,Male,Technology,Australia & New Zealand,201-500,Enterprise,2020-04-28
CUST00354,Rachel Garrett,angelabarnes@example.org,57,Male,Professional Services,Australia & New Zealand,51-200,Standard,2019-09-24
CUST00355,Trevor Knox,angelabrown@example.net,42,Male,Technology,Australia & New Zealand,11-50,Free,2020-04-11
CUST00356,Charlene Morris,angeladavis@example.com,58,Other,Healthcare,Australia & New Zealand,11-50,Standard,2018-08-02
CUST00357,Mark Patel,angeladawson@example.com,59,Other,Financial Services,Australia & New Zealand,11-50,Free,2019-10-13
CUST00358,Michael Stout,angelaestrada@example.com,20,Other,Education,Europe,51-200,Standard,2020-02-24
CUST00359,Martha Williams,angelajordan@example.com,18,Female,Financial Services,Australia & New Zealand,51-200,Standard,2020-04-26
CUST00360,Michael Morgan,angelakelley@example.com,66,Other,Education,Europe,1000+,Standard,2020-02-12
CUST00361,Michael Garcia,angelamoore@example.net,42,Female,Healthcare,Australia & New Zealand,1000+,Premium,2019-12-22
CUST00362,Melissa Davenport,angelamoreno@example.net,38,Other,Technology,North America,51-200,Standard,2021-08-04
CUST00363,Jason Coffey,angelaoconnor@example.org,43,Male,Media & Communications,North America,11-50,Premium,2019-11-24
CUST00364,Mr. Douglas Lynch,angelarodriguez@example.org,29,Female,Media & Communications,Asia-Pacific,201-500,Standard,2021-09-30
CUST00365,Stephanie Zamora,angelcastro@example.org,53,Female,Other,Australia & New Zealand,1000+,Standard,2021-09-05
CUST00366,Jennifer Baker,angelica34@example.net,52,Female,Professional Services,Asia-Pacific,201-500,Enterprise,2020-05-17
CUST00367,Amanda Martinez,angeljohnson@example.org,60,Other,Manufacturing,Asia-Pacific,1000+,Standard,2019-12-04
CUST00368,Rebecca Phillips,angie93@example.com,58,Other,Technology,North America,51-200,Standard,2019-12-04
CUST00369,Jessica Pierce,angieyoung@example.net,24,Male,Other,North America,1000+,Standard,2019-12-17
CUST00370,Robert Wilson,ann15@example.net,18,Male,Financial Services,North America,11-50,Free,2020-06-20
CUST00371,George White,ann20@example.net,60,Female,Professional Services,Australia & New Zealand,51-200,Standard,2020-07-30
CUST00372,Luke Vega,ann51@example.net,21,Female,Technology,Australia & New Zealand,11-50,Standard,2020-02-13
CUST00373,Sharon Russell,ann61@example.org,30,Female,Manufacturing,Australia & New Zealand,11-50,Enterprise,2020-08-25
CUST00374,Stacy Martin,ann68@example.net,51,Other,Education,North America,201-500,Free,2020-03-21
CUST00375,Tammy Dennis,ann83@example.net,53,Female,Other,Asia-Pacific,201-500,Standard,2019-06-20
CUST00376,Jason Lozano,anna89@example.com,33,Other,Technology,Australia & New Zealand,201-500,Standard,2020-05-29
CUST00377,Lisa Dixon,anna95@example.com,55,Other,Government & Public Sector,Asia-Pacific,51-200,Enterprise,2020-03-04
CUST00378,Roger Pitts,annacarey@example.org,52,Female,Professional Services,Australia & New Zealand,501-1000,Standard,2020-07-12
CUST00379,Nicholas Stanton,annahayes@example.com,70,Male,Financial Services,Europe,1-10,Premium,2019-09-16
CUST00380,Heather Hood,annaholder@example.com,35,Female,Healthcare,Europe,1-10,Standard,2018-11-03
CUST00381,Barry Shelton,annapayne@example.com,66,Female,Technology,Europe,11-50,Standard,2020-07-13
CUST00382,Ricardo Martin,anne77@example.com,55,Female,Education,North America,501-1000,Premium,2020-11-25
CUST00383,Thomas Garner,anne82@example.com,34,Male,Education,Europe,201-500,Free,2021-05-12
CUST00384,Pamela Garcia,anneguerra@example.com,63,Female,Technology,Australia & New Zealand,501-1000,Premium,2020-07-16
CUST00385,Denise Conley,annette77@example.org,26,Female,Professional Services,Europe,51-200,Premium,2019-02-06
CUST00386,John Ramsey,annetteclay@example.net,21,Male,Financial Services,Europe,51-200,Standard,2018-09-28
CUST00387,Maria Parrish,annmendoza@example.org,38,Male,Financial Services,North America,51-200,Standard,2020-03-21
CUST00388,David Wilson,anthony00@example.com,51,Female,Government & Public Sector,North America,501-1000,Enterprise,2020-07-15
CUST00389,Kurt Brooks,anthony06@example.com,54,Female,Retail,Asia-Pacific,1-10,Standard,2019-11-19
CUST00390,Megan Bowman,anthony12@example.net,52,Other,Technology,North America,11-50,Standard,2021-01-11
CUST00391,Jeremy Richardson,anthony15@example.org,31,Female,Media & Communications,North America,1-10,Standard,2019-02-19
CUST00392,Ronald Perry,anthony23@example.net,65,Female,Professional Services,North America,201-500,Standard,2020-09-05
CUST00393,Savannah Haley,anthony24@example.com,32,Male,Retail,Australia & New Zealand,11-50,Enterprise,2021-05-02
CUST00394,Kevin Mitchell,anthony37@example.com,23,Female,Professional Services,Australia & New Zealand,11-50,Premium,2019-06-28
CUST00395,Michael Holland,anthony38@example.org,43,Female,Retail,Australia & New Zealand,11-50,Standard,2019-11-21
CUST00396,Ashley Mason,anthony43@example.com,25,Other,Healthcare,Europe,11-50,Standard,2020-08-13
CUST00397,Paul Reeves,anthony43@example.net,30,Female,Financial Services,North America,201-500,Standard,2019-12-17
CUST00398,Christopher Adams,anthony66@example.net,32,Other,Manufacturing,North America,501-1000,Premium,2019-08-10
CUST00399,Robert Garrett,anthony89@example.net,28,Male,Retail,Asia-Pacific,51-200,Premium,2019-07-01
CUST00400,Sara Williams,anthony95@example.com,61,Other,Retail,North America,1000+,Premium,2019-05-28
CUST00401,Angela Hudson,anthonycampbell@example.org,56,Other,Financial Services,Asia-Pacific,51-200,Premium,2020-10-01
CUST00402,Richard Salas,anthonycooper@example.org,25,Other,Financial Services,North America,51-200,Free,2021-06-11
CUST00403,Alexis Warren,anthonyharmon@example.net,32,Female,Professional Services,North America,501-1000,Standard,2020-08-23
CUST00404,Shelly Campos,anthonyhendrix@example.net,40,Other,Technology,North America,201-500,Standard,2021-03-24
CUST00405,Diamond Brown,anthonyhester@example.net,65,Male,Technology,Asia-Pacific,201-500,Free,2020-06-03
CUST00406,Fernando Hutchinson,anthonyhobbs@example.com,20,Female,Healthcare,North America,501-1000,Free,2019-11-29
CUST00407,Gabriel Gallegos,anthonymatthews@example.org,62,Male,Professional Services,Europe,11-50,Free,2019-01-21
CUST00408,Anthony English,anthonymills@example.org,46,Male,Healthcare,Australia & New Zealand,201-500,Enterprise,2019-12-23
CUST00409,Jennifer Wilson,anthonymyers@example.com,52,Male,Technology,Australia & New Zealand,51-200,Enterprise,2021-09-16
CUST00410,William Smith,anthonynichols@example.net,52,Other,Media & Communications,Asia-Pacific,201-500,Enterprise,2020-10-18
CUST00411,Mike Ball,anthonyrusso@example.com,37,Male,Financial Services,Other,51-200,Premium,2021-07-31
CUST00412,Marissa Walsh,anthonyscott@example.com,50,Other,Manufacturing,North America,11-50,Free,2021-03-07
CUST00413,Justin Rice,anthonyshort@example.com,69,Female,Government & Public Sector,Asia-Pacific,501-1000,Standard,2020-05-19
CUST00414,Jason Young,anthonysmith@example.net,27,Male,Healthcare,Europe,11-50,Standard,2019-01-06
CUST00415,Austin Crawford,anthonyterry@example.net,51,Male,Professional Services,Asia-Pacific,201-500,Enterprise,2019-12-29
CUST00416,Christopher Chase,anthonythompson@example.net,31,Other,Technology,Asia-Pacific,1000+,Standard,2021-01-10
CUST00417,Bonnie Morris,anthonywest@example.org,50,Other,Media & Communications,Other,201-500,Standard,2020-12-29
CUST00418,Robert Yoder,antonio00@example.com,25,Male,Retail,Europe,1-10,Free,2019-12-08
CUST00419,Jonathan Chaney,antonio25@example.net,42,Other,Technology,Other,1-10,Standard,2019-10-27
CUST00420,Alyssa Hughes,antonio30@example.net,59,Male,Retail,North America,201-500,Enterprise,2020-07-08
CUST00421,Amy Wood,antonio50@example.com,58,Other,Technology,Asia-Pacific,51-200,Standard,2019-09-01
CUST00422,David Simpson,apatterson@example.org,64,Female,Education,Europe,501-1000,Enterprise,2019-03-16
CUST00423,Daniel Harris,apaul@example.com,65,Other,Retail,Asia-Pacific,11-50,Standard,2019-08-16
CUST00424,Seth Edwards,april50@example.net,57,Other,Media & Communications,Europe,51-200,Premium,2019-05-08
CUST00425,Mr. Adam Harvey,april89@example.com,49,Other,Financial Services,North America,201-500,Standard,2020-03-17
CUST00426,Mark Castro,aprilclayton@example.net,52,Male,Financial Services,Europe,1-10,Premium,2021-02-23
CUST00427,Daniel Jimenez,aprilmejia@example.org,65,Other,Professional Services,North America,1-10,Enterprise,2021-01-25
CUST00428,Mary Harris,aprilvalencia@example.com,56,Male,Technology,Australia & New Zealand,51-200,Enterprise,2020-02-12
CUST00429,Angel Malone,ariana86@example.org,41,Other,Government & Public Sector,Other,1-10,Enterprise,2019-10-24
CUST00430,Terri Mcgrath,ariaskimberly@example.net,48,Other,Government & Public Sector,Other,51-200,Enterprise,2020-04-12
CUST00431,Janet Farmer,arielwells@example.net,31,Other,Retail,Australia & New Zealand,51-200,Standard,2019-07-18
CUST00432,Jordan Barker,armstrongamanda@example.org,66,Female,Technology,Australia & New Zealand,201-500,Standard,2020-08-19
CUST00433,Gina Conley,armstrongbrianna@example.com,20,Female,Technology,Australia & New Zealand,51-200,Standard,2020-11-22
CUST00434,Gary Cantu,armstrongerika@example.net,34,Female,Government & Public Sector,Europe,11-50,Standard,2020-01-03
CUST00435,William Moore,armstrongholly@example.com,65,Female,Technology,North America,1000+,Free,2019-07-17
CUST00436,Amanda Ramirez,armstrongkelly@example.net,61,Other,Technology,North America,11-50,Standard,2020-05-09
CUST00437,April Turner,arnoldcrystal@example.com,45,Female,Media & Communications,Australia & New Zealand,51-200,Premium,2019-07-04
CUST00438,Jennifer Turner,arnoldnicole@example.org,20,Other,Financial Services,North America,11-50,Enterprise,2020-02-07
CUST00439,Vicki Hayes,aroberts@example.net,55,Male,Professional Services,Other,1000+,Standard,2019-08-20
CUST00440,Matthew Wilson,arobinson@example.com,68,Male,Professional Services,North America,51-200,Free,2020-03-04
CUST00441,Chris Hendrix,arthur26@example.net,49,Other,Healthcare,Asia-Pacific,51-200,Premium,2021-02-06
CUST00442,Darlene Thompson,arthur50@example.com,69,Male,Education,Europe,51-200,Enterprise,2020-05-31
CUST00443,Ashley Lynch,arthurdominguez@example.org,20,Female,Manufacturing,Other,1000+,Premium,2020-03-18
CUST00444,Kimberly Strong,aruiz@example.net,24,Other,Education,Australia & New Zealand,201-500,Premium,2020-12-26
CUST00445,Angela Rivers,asharp@example.net,63,Male,Financial Services,Australia & New Zealand,1000+,Standard,2021-05-21
CUST00446,Kelly Howard,ashlee57@example.com,62,Female,Technology,Asia-Pacific,201-500,Standard,2020-04-09
CUST00447,Gabriela Warren,ashlee64@example.net,32,Other,Media & Communications,Australia & New Zealand,201-500,Standard,2019-08-29
CUST00448,Sharon Callahan,ashleeortiz@example.org,60,Other,Financial Services,Australia & New Zealand,51-200,Standard,2020-10-06
CUST00449,Emily Allen,ashleewilliams@example.org,52,Male,Retail,North America,1-10,Premium,2018-09-24
CUST00450,Terry Wright,ashley22@example.net,68,Female,Retail,North America,11-50,Premium,2019-03-29
CUST00451,Jonathon Cardenas,ashley46@example.com,67,Female,Other,North America,201-500,Standard,2020-01-30
CUST00452,Tamara Olson,ashley51@example.com,18,Male,Technology,Europe,1-10,Premium,2020-01-02
CUST00453,Jill Weeks,ashley52@example.com,63,Other,Financial Services,Asia-Pacific,201-500,Premium,2020-11-21
CUST00454,William Fry,ashley55@example.com,47,Other,Healthcare,Australia & New Zealand,51-200,Standard,2021-07-04
CUST00455,Charles Welch,ashley56@example.com,25,Female,Professional Services,Asia-Pacific,201-500,Standard,2020-06-28
CUST00456,Sydney Hawkins,ashley75@example.com,67,Male,Technology,Asia-Pacific,501-1000,Free,2020-05-28
CUST00457,Luis Kelly,ashley75@example.org,30,Male,Government & Public Sector,Europe,201-500,Standard,2020-05-01
CUST00458,Jack Thomas,ashley80@example.com,20,Female,Healthcare,Europe,11-50,Premium,2019-09-17
CUST00459,Michelle Kelley,ashley83@example.org,57,Female,Financial Services,Australia & New Zealand,11-50,Standard,2021-03-12
CUST00460,Alex Thomas,ashley90@example.com,43,Male,Technology,Other,51-200,Standard,2018-12-26
CUST00461,Joseph Lopez,ashley90@example.net,53,Female,Manufacturing,Other,1000+,Premium,2019-11-18
CUST00462,Laura Ross,ashley91@example.net,20,Male,Retail,North America,51-200,Standard,2018-11-15
CUST00463,Tina Martin,ashley93@example.org,54,Male,Government & Public Sector,Europe,201-500,Premium,2019-08-17
CUST00464,Kimberly Scott,ashley94@example.net,44,Female,Education,Asia-Pacific,11-50,Standard,2019-03-31
CUST00465,Brian Lewis,ashley97@example.net,53,Female,Financial Services,Asia-Pacific,11-50,Standard,2021-08-23
CUST00466,David Osborne,ashleyallison@example.net,64,Female,Technology,Europe,51-200,Enterprise,2020-09-16
CUST00467,Matthew Hart,ashleybolton@example.net,25,Other,Professional Services,Australia & New Zealand,1000+,Standard,2020-01-17
CUST00468,Bryce Smith,ashleybright@example.net,30,Male,Healthcare,Australia & New Zealand,51-200,Premium,2021-06-15
CUST00469,Joshua Daniels,ashleydelgado@example.org,26,Male,Technology,Asia-Pacific,51-200,Free,2020-11-13
CUST00470,Brian Bell,ashleygilbert@example.net,29,Female,Professional Services,North America,1000+,Standard,2020-10-30
CUST00471,Jennifer Sutton,ashleyharding@example.org,53,Male,Professional Services,Australia & New Zealand,11-50,Enterprise,2020-11-27
CUST00472,Gregory Love,ashleyjohnathan@example.com,28,Female,Healthcare,North America,11-50,Standard,2019-02-15
CUST00473,Sarah Davis,ashleykelley@example.net,39,Other,Technology,North America,201-500,Standard,2020-10-02
CUST00474,Frank Garcia,ashleymills@example.org,49,Female,Manufacturing,Asia-Pacific,11-50,Standard,2020-09-14
CUST00475,Allison Hart,ashleypierce@example.com,67,Female,Professional Services,Australia & New Zealand,51-200,Standard,2019-10-04
CUST00476,Kimberly Rodriguez,ashleyponce@example.com,23,Female,Manufacturing,Asia-Pacific,11-50,Standard,2019-08-09
CUST00477,Mario Alvarez,ashleyscott@example.com,24,Other,Manufacturing,Asia-Pacific,1000+,Free,2019-09-25
CUST00478,Carmen Smith,ashleyswanson@example.org,25,Male,Government & Public Sector,Australia & New Zealand,1-10,Premium,2020-11-07
CUST00479,Jesus Snyder,ashleythompson@example.com,70,Other,Financial Services,North America,11-50,Enterprise,2020-06-03
CUST00480,Brent Haynes,asmith@example.com,44,Female,Manufacturing,Asia-Pacific,1-10,Premium,2019-09-25
CUST00481,Amanda Franklin,asmith@example.org,40,Other,Financial Services,North America,201-500,Enterprise,2019-01-01
CUST00482,Jeremiah Anderson,astewart@example.net,34,Male,Professional Services,North America,1000+,Standard,2020-08-17
CUST00483,David Hernandez,ataylor@example.org,43,Male,Technology,North America,11-50,Premium,2019-11-08
CUST00484,Carol Mejia,athomas@example.org,62,Other,Education,Asia-Pacific,11-50,Standard,2019-12-26
CUST00485,Jennifer Martinez,atkinsonjennifer@example.net,40,Male,Technology,Australia & New Zealand,201-500,Enterprise,2021-04-15
CUST00486,Leah Fernandez,atkinsonmelissa@example.net,69,Male,Other,Europe,51-200,Premium,2019-10-10
CUST00487,Angela Jensen,atkinsshawn@example.com,39,Other,Technology,Asia-Pacific,501-1000,Standard,2020-04-08
CUST00488,Daniel Brock,atorres@example.net,44,Other,Education,Europe,51-200,Free,2021-09-10
CUST00489,Sandra Olson,aturner@example.net,48,Female,Manufacturing,Australia & New Zealand,11-50,Free,2021-02-28
CUST00490,Scott Rhodes,audrey20@example.com,50,Male,Technology,Australia & New Zealand,11-50,Enterprise,2020-07-09
CUST00491,Andres Tate,audrey21@example.com,20,Female,Retail,Europe,51-200,Premium,2020-08-19
CUST00492,Natalie Avila,audrey37@example.com,54,Male,Education,Europe,201-500,Free,2021-05-16
CUST00493,Robert Anderson,audreyanderson@example.org,67,Male,Media & Communications,Australia & New Zealand,51-200,Standard,2020-03-22
CUST00494,Brian Cole,austin44@example.org,48,Male,Healthcare,North America,1-10,Standard,2020-06-14
CUST00495,Sarah Nguyen,austin75@example.com,41,Other,Manufacturing,North America,51-200,Standard,2021-02-05
CUST00496,Alexandra Jones,austin82@example.com,67,Male,Media & Communications,North America,11-50,Standard,2019-08-19
CUST00497,Edgar Cowan,austincruz@example.net,37,Male,Retail,Australia & New Zealand,1000+,Standard,2021-02-07
CUST00498,Alex Collins,austinerin@example.net,52,Male,Professional Services,Europe,11-50,Standard,2021-11-06
CUST00499,Michael Hammond,austinmichele@example.com,65,Other,Technology,Australia & New Zealand,201-500,Standard,2020-10-19
CUST00500,James Cox,austinroberts@example.com,37,Female,Technology,Asia-Pacific,201-500,Enterprise,2020-06-25
CUST00501,Christine Cobb,austinthomas@example.org,38,Male,Manufacturing,Australia & New Zealand,1000+,Free,2021-03-23
CUST00502,Veronica Chapman,avilamanuel@example.net,60,Other,Financial Services,Australia & New Zealand,11-50,Premium,2020-05-06
CUST00503,David Johnston,awells@example.org,67,Male,Government & Public Sector,Asia-Pacific,51-200,Enterprise,2018-10-14
CUST00504,Jeremy Green,ayalahoward@example.com,28,Other,Financial Services,Europe,1-10,Premium,2021-01-14
CUST00505,Sharon Warren,ayersvirginia@example.com,21,Other,Technology,North America,51-200,Enterprise,2020-11-08
CUST00506,Patricia Wilson,badams@example.com,69,Female,Financial Services,Europe,11-50,Standard,2020-02-25
CUST00507,Heather Miles,baguilar@example.org,18,Female,Professional Services,North America,201-500,Standard,2019-10-19
CUST00508,Joseph Bradford,bailey06@example.com,32,Female,Technology,North America,51-200,Enterprise,2021-06-26
CUST00509,Denise Taylor,bailey77@example.com,50,Other,Professional Services,Europe,501-1000,Free,2020-01-01
CUST00510,Raymond Sanchez,baileyadam@example.com,49,Female,Media & Communications,North America,51-200,Premium,2019-08-25
CUST00511,John King,baileyalex@example.com,64,Female,Professional Services,Europe,11-50,Premium,2021-09-12
CUST00512,Kevin Hawkins,baileyelliott@example.net,56,Female,Education,Europe,1-10,Standard,2020-06-21
CUST00513,Dana Flowers,baileyjohn@example.net,58,Male,Other,North America,51-200,Premium,2020-01-31
CUST00514,Wendy Singleton,baileyjose@example.net,21,Male,Financial Services,Europe,201-500,Standard,2021-05-18
CUST00515,Julie Burns,baileymatthew@example.com,23,Female,Education,North America,201-500,Free,2021-05-08
CUST00516,Amy Berry,baileymichelle@example.com,59,Female,Other,Australia & New Zealand,201-500,Standard,2021-01-19
CUST00517,Savannah Williams,baileymiller@example.com,20,Male,Education,Australia & New Zealand,51-200,Standard,2019-02-14
CUST00518,Christine Mcguire,baileypeter@example.com,37,Female,Retail,Asia-Pacific,11-50,Premium,2020-10-26
CUST00519,Rebecca Adams,baileysandra@example.com,68,Other,Education,North America,11-50,Premium,2019-10-08
CUST00520,Sarah Gonzalez,baileystephen@example.net,46,Female,Technology,Europe,201-500,Premium,2021-03-23
CUST00521,Kimberly Barrett,baileyweeks@example.net,59,Other,Healthcare,Asia-Pacific,1-10,Premium,2019-11-19
CUST00522,Sarah Roberts,bakerclayton@example.org,29,Male,Government & Public Sector,Asia-Pacific,11-50,Standard,2020-05-22
CUST00523,James Reed,bakerjonathan@example.com,41,Other,Government & Public Sector,Asia-Pacific,11-50,Premium,2020-05-14
CUST00524,Randall Townsend,bakernicole@example.com,32,Male,Retail,North America,51-200,Free,2019-10-24
CUST00525,Richard Obrien,bakerronald@example.org,29,Female,Professional Services,Europe,1000+,Premium,2020-08-06
CUST00526,Monica Hodges,bakerteresa@example.net,38,Female,Healthcare,Asia-Pacific,51-200,Premium,2020-11-04
CUST00527,Jonathan King,ballbrianna@example.com,43,Female,Other,Europe,51-200,Free,2019-12-21
CUST00528,Rebecca Patton,ballwilliam@example.com,24,Male,Other,North America,51-200,Enterprise,2019-12-16
CUST00529,Kathy Rodriguez,banksalexander@example.org,35,Female,Financial Services,Europe,51-200,Enterprise,2020-04-07
CUST00530,Kevin Moore,banksbrittany@example.com,34,Female,Government & Public Sector,North America,11-50,Standard,2020-09-13
CUST00531,Lisa Knight,banksjeff@example.org,68,Female,Healthcare,Europe,1-10,Premium,2020-10-10
CUST00532,Annette Gomez,banksmichael@example.com,50,Female,Manufacturing,Europe,201-500,Standard,2021-04-21
CUST00533,Nicholas Blake,banksrodney@example.com,33,Female,Technology,Europe,11-50,Premium,2020-05-26
CUST00534,Carmen Campbell,barbara07@example.com,66,Other,Other,Asia-Pacific,1000+,Enterprise,2020-08-07
CUST00535,Bruce Austin,barbara38@example.org,46,Other,Media & Communications,North America,11-50,Premium,2020-02-08
CUST00536,Amy House,barbara44@example.net,23,Male,Technology,Europe,1000+,Premium,2020-03-10
CUST00537,Jennifer Stewart,barbara82@example.org,33,Female,Education,North America,11-50,Premium,2020-06-20
CUST00538,Shelby Sanders,barbaraalexander@example.net,66,Female,Technology,Other,51-200,Standard,2018-08-19
CUST00539,Alexis Bell,barbaragray@example.com,18,Other,Healthcare,Australia & New Zealand,11-50,Premium,2020-07-04
CUST00540,Jerry Irwin,barbaraholmes@example.com,31,Other,Retail,North America,11-50,Standard,2019-12-20
CUST00541,Jacqueline Booker,barbarahouse@example.com,56,Male,Retail,Europe,11-50,Standard,2019-08-14
CUST00542,Whitney Cox,barnesandrew@example.com,24,Female,Manufacturing,Asia-Pacific,51-200,Free,2020-06-27
CUST00543,Austin Lane,barnesandrew@example.org,56,Male,Media & Communications,Asia-Pacific,1000+,Free,2019-05-02
CUST00544,Alexander Henry,barnescarolyn@example.com,25,Female,Technology,Australia & New Zealand,501-1000,Premium,2020-02-29
CUST00545,Colleen Roy,barneserica@example.net,46,Other,Media & Communications,Europe,201-500,Enterprise,2021-05-11
CUST00546,Nicholas Gordon,barnesmelanie@example.org,47,Male,Education,Australia & New Zealand,51-200,Free,2020-12-12
CUST00547,Donald Hammond,barnessabrina@example.net,32,Other,Technology,Europe,51-200,Standard,2020-01-08
CUST00548,Melissa Roberson,barnettanna@example.org,50,Female,Professional Services,North America,51-200,Premium,2019-11-23
CUST00549,Michael West,barnettbenjamin@example.org,20,Female,Education,Asia-Pacific,501-1000,Free,2021-08-20
CUST00550,Brenda Robbins,barnettcolleen@example.org,25,Male,Manufacturing,Australia & New Zealand,501-1000,Enterprise,2020-02-07
CUST00551,Manuel Hayes,barnettdavid@example.net,65,Male,Government & Public Sector,North America,1-10,Standard,2020-07-30
CUST00552,Benjamin Bell,barnettsherri@example.org,18,Other,Technology,Asia-Pacific,501-1000,Premium,2020-01-03
CUST00553,Tiffany Mcfarland,barronlee@example.net,28,Female,Professional Services,Australia & New Zealand,501-1000,Free,2020-09-21
CUST00554,Patricia Salinas,barryhorn@example.com,26,Female,Manufacturing,Asia-Pacific,51-200,Free,2020-05-12
CUST00555,Natasha Koch,barrynorman@example.net,70,Male,Retail,Australia & New Zealand,51-200,Free,2020-07-14
CUST00556,Rebecca Wang,barrysmith@example.com,48,Other,Manufacturing,Other,51-200,Standard,2019-10-22
CUST00557,Christine Williams,bartlettshane@example.com,57,Male,Retail,Asia-Pacific,1000+,Premium,2019-05-02
CUST00558,Ronald Delgado,bartonshirley@example.com,21,Male,Financial Services,Asia-Pacific,1000+,Free,2020-09-09
CUST00559,Samuel Morris,basslisa@example.com,45,Male,Education,Australia & New Zealand,201-500,Premium,2020-02-02
CUST00560,Jacob Davis,bassregina@example.com,64,Male,Education,North America,201-500,Enterprise,2019-01-17
CUST00561,David Bautista,batesdillon@example.net,54,Male,Government & Public Sector,Europe,1-10,Premium,2020-05-28
CUST00562,Stacey Santos,batesjoshua@example.net,27,Female,Professional Services,Australia & New Zealand,11-50,Premium,2020-03-22
CUST00563,Peter Byrd,batesmelvin@example.net,46,Male,Financial Services,Asia-Pacific,201-500,Free,2020-01-13
CUST00564,Dr. Michael Turner,bauerpatricia@example.org,61,Other,Media & Communications,Other,51-200,Standard,2020-07-27
CUST00565,Christopher Crawford,bavila@example.net,36,Other,Professional Services,Australia & New Zealand,51-200,Enterprise,2020-01-16
CUST00566,Michael Ferguson,bbell@example.com,44,Other,Education,Europe,11-50,Enterprise,2021-02-08
CUST00567,April Evans,bbrewer@example.net,37,Other,Other,Asia-Pacific,201-500,Premium,2019-11-11
CUST00568,Leslie Smith,bbrown@example.com,51,Female,Healthcare,Australia & New Zealand,11-50,Standard,2019-10-04
CUST00569,Miss Ruth Bryant,bbryant@example.com,20,Female,Healthcare,North America,1000+,Premium,2019-07-05
CUST00570,Wesley Randall,bbutler@example.net,20,Male,Government & Public Sector,Europe,1000+,Free,2018-09-10
CUST00571,Christina Brown,bcampbell@example.com,53,Female,Healthcare,Europe,51-200,Standard,2020-05-19
CUST00572,Teresa Foley,bchavez@example.com,30,Male,Other,Asia-Pacific,51-200,Premium,2020-10-28
CUST00573,Eric May,bcollier@example.com,55,Other,Retail,North America,1000+,Premium,2020-09-18
CUST00574,Thomas Martin,bcuevas@example.org,55,Female,Retail,North America,11-50,Standard,2019-05-21
CUST00575,Kimberly Martin,bdalton@example.com,23,Female,Financial Services,Other,11-50,Standard,2019-11-13
CUST00576,Thomas Ward,bdavidson@example.com,59,Male,Financial Services,Australia & New Zealand,501-1000,Standard,2021-02-23
CUST00577,Joseph Nguyen,bdavis@example.com,23,Other,Education,North America,11-50,Premium,2020-01-14
CUST00578,Katelyn Sexton,beandanny@example.com,34,Female,Technology,Europe,501-1000,Standard,2021-05-17
CUST00579,Lisa Mcmillan,beankristy@example.com,29,Female,Technology,Europe,1-10,Standard,2020-05-03
CUST00580,Samantha Jackson,beardjessica@example.net,29,Female,Healthcare,Other,51-200,Standard,2020-01-23
CUST00581,Daniel Hoffman,beasleyadam@example.net,42,Other,Healthcare,Europe,11-50,Enterprise,2020-10-20
CUST00582,Devon Bauer,beasleygerald@example.org,21,Female,Technology,Asia-Pacific,51-200,Standard,2020-08-02
CUST00583,Ashley Benitez,beckchristopher@example.org,33,Other,Technology,Europe,51-200,Standard,2018-11-27
CUST00584,Vanessa Pace,beckkimberly@example.com,50,Female,Retail,Australia & New Zealand,201-500,Standard,2020-09-23
CUST00585,Vincent Allen,beckwendy@example.org,49,Other,Professional Services,Australia & New Zealand,1000+,Enterprise,2019-12-02
CUST00586,Sherry Douglas,becky06@example.com,42,Other,Retail,Other,51-200,Enterprise,2019-08-08
CUST00587,Daniel Williams,becky68@example.com,21,Female,Technology,Europe,501-1000,Standard,2018-09-09
CUST00588,Jessica Sanders,belinda38@example.com,54,Other,Manufacturing,Australia & New Zealand,51-200,Premium,2020-03-08
CUST00589,John Cole PhD,belinda47@example.net,68,Other,Financial Services,North America,51-200,Standard,2020-01-16
CUST00590,Edwin Shah,belldaniel@example.org,29,Male,Professional Services,Asia-Pacific,11-50,Standard,2019-12-26
CUST00591,Teresa Woods,belliott@example.org,37,Other,Professional Services,Europe,1000+,Free,2019-08-15
CUST00592,Tyler Miller,belllisa@example.org,43,Other,Retail,Australia & New Zealand,51-200,Standard,2020-08-11
CUST00593,Jennifer Reed,bellmatthew@example.org,35,Other,Other,Asia-Pacific,1000+,Premium,2021-06-28
CUST00594,James Stephens,bellscott@example.org,24,Other,Financial Services,Australia & New Zealand,1-10,Premium,2019-12-04
CUST00595,Margaret Roberts,beltranjoseph@example.net,39,Female,Technology,North America,501-1000,Enterprise,2019-12-01
CUST00596,Susan Collins,benderrobin@example.net,19,Other,Technology,Australia & New Zealand,501-1000,Standard,2018-11-08
CUST00597,Russell Saunders,benjamin03@example.net,18,Other,Media & Communications,North America,1-10,Enterprise,2019-10-17
CUST00598,Meghan Fields,benjamin03@example.org,28,Male,Professional Services,Asia-Pacific,501-1000,Standard,2020-06-18
CUST00599,Erika Ford,benjamin16@example.net,36,Other,Government & Public Sector,Asia-Pacific,51-200,Premium,2021-01-06
CUST00600,Veronica Moreno,benjamin19@example.com,34,Male,Technology,Asia-Pacific,51-200,Premium,2020-01-18
CUST00601,Kevin Bailey,benjamin21@example.com,48,Other,Education,Australia & New Zealand,1-10,Premium,2020-03-15
CUST00602,Michelle Nelson,benjamin39@example.org,64,Other,Media & Communications,North America,51-200,Premium,2019-09-20
CUST00603,Robert Brown,benjamin44@example.net,51,Male,Education,Australia & New Zealand,1000+,Premium,2018-10-04
CUST00604,Paul Sanchez,benjamin54@example.net,44,Other,Professional Services,Australia & New Zealand,501-1000,Standard,2020-11-06
CUST00605,Shane Bean,benjamin64@example.com,28,Female,Manufacturing,North America,501-1000,Premium,2018-11-09
CUST00606,Mason Bennett,benjamin68@example.org,37,Male,Education,Australia & New Zealand,201-500,Standard,2020-09-29
CUST00607,Christopher Long,benjamin76@example.com,31,Male,Government & Public Sector,Australia & New Zealand,11-50,Standard,2021-01-18
CUST00608,Johnathan Powell,benjamin87@example.com,20,Male,Financial Services,Europe,1000+,Free,2020-09-19
CUST00609,Sharon Ryan,benjaminbell@example.com,38,Female,Retail,North America,1-10,Free,2019-10-10
CUST00610,Donald Bradford,benjamincisneros@example.net,43,Other,Retail,Europe,1000+,Standard,2021-10-03
CUST00611,Mark Wolfe,benjamindavis@example.net,46,Male,Government & Public Sector,North America,51-200,Premium,2019-10-04
CUST00612,Shane Perez,benjaminharris@example.net,18,Male,Technology,North America,11-50,Premium,2020-04-01
CUST00613,Benjamin Silva,benjaminjim@example.org,63,Other,Media & Communications,Europe,51-200,Premium,2019-12-03
CUST00614,John Moore,benjaminlevy@example.org,68,Female,Healthcare,Asia-Pacific,201-500,Standard,2020-05-07
CUST00615,Stephanie Miller,benjaminpeters@example.net,57,Other,Manufacturing,Europe,501-1000,Enterprise,2019-05-13
CUST00616,Ryan Edwards,benjaminsmith@example.net,64,Male,Retail,Other,11-50,Free,2019-12-26
CUST00617,Keith Hendrix,benjaminsnyder@example.net,36,Other,Education,Asia-Pacific,51-200,Premium,2020-07-09
CUST00618,Amy Lewis,benjaminterrell@example.com,33,Male,Media & Communications,Europe,51-200,Premium,2019-10-29
CUST00619,Robert Gonzalez,bennettbrittany@example.net,58,Other,Financial Services,North America,51-200,Standard,2019-11-04
CUST00620,Hunter Hayes,bennettdevin@example.net,32,Male,Technology,North America,1-10,Enterprise,2020-05-05
CUST00621,Emma Hampton,bennettjodi@example.org,39,Male,Media & Communications,North America,11-50,Free,2019-05-31
CUST00622,John Roberts,bennettmackenzie@example.com,31,Other,Manufacturing,Australia & New Zealand,201-500,Premium,2020-04-27
CUST00623,Eric Campos,bennettmiguel@example.com,62,Male,Manufacturing,Europe,1-10,Premium,2020-09-21
CUST00624,Megan Alexander,bennettmorgan@example.org,22,Female,Professional Services,Australia & New Zealand,51-200,Premium,2020-03-19
CUST00625,Rita Miller,bennettryan@example.org,38,Male,Healthcare,North America,201-500,Standard,2021-01-19
CUST00626,Jeremy Stephens,bensonjonathon@example.org,53,Female,Healthcare,Australia & New Zealand,501-1000,Standard,2020-10-09
CUST00627,Kathleen Tran,bentleyemily@example.com,45,Female,Financial Services,Australia & New Zealand,51-200,Enterprise,2020-07-16
CUST00628,Elizabeth Wells,bentleyrandall@example.com,42,Male,Media & Communications,Australia & New Zealand,201-500,Standard,2020-08-08
CUST00629,Rebecca Garcia,bergadrian@example.com,29,Other,Other,Asia-Pacific,51-200,Enterprise,2020-01-06
CUST00630,Shane Rodriguez,bergbarbara@example.org,35,Other,Professional Services,Australia & New Zealand,501-1000,Free,2020-08-17
CUST00631,Todd Riddle,bergcathy@example.org,61,Male,Financial Services,Asia-Pacific,11-50,Standard,2020-06-04
CUST00632,Terri Garcia,bergchristopher@example.net,50,Female,Retail,Asia-Pacific,51-200,Premium,2019-02-06
CUST00633,Scott Brown,bernarddrake@example.net,20,Male,Manufacturing,North America,51-200,Standard,2019-08-24
CUST00634,Lisa Davis,berryjack@example.org,62,Other,Retail,North America,1000+,Premium,2019-06-09
CUST00635,Meagan Rowe,berryjeffrey@example.com,49,Male,Other,Europe,51-200,Enterprise,2020-04-12
CUST00636,Lori Parker,berrysean@example.org,56,Other,Government & Public Sector,Australia & New Zealand,51-200,Enterprise,2020-07-06
CUST00637,Victoria Allison,beth19@example.org,61,Female,Healthcare,Europe,11-50,Free,2020-03-23
CUST00638,Joseph Vasquez,beth95@example.com,56,Female,Healthcare,Asia-Pacific,11-50,Free,2020-09-06
CUST00639,Rebecca Hudson,bethany57@example.net,62,Other,Technology,North America,51-200,Standard,2020-05-28
CUST00640,Juan Harris,bethany68@example.com,28,Male,Professional Services,Asia-Pacific,51-200,Standard,2019-07-24
CUST00641,Alexandra Robinson,bethanystark@example.org,36,Male,Manufacturing,North America,11-50,Free,2020-05-27
CUST00642,Jessica Buckley,bethjones@example.com,35,Other,Professional Services,Other,11-50,Standard,2020-01-23
CUST00643,Mrs. Faith Banks PhD,bethlewis@example.org,29,Female,Financial Services,Asia-Pacific,1-10,Standard,2019-04-06
CUST00644,Deborah Soto,betty61@example.net,54,Male,Technology,Asia-Pacific,1000+,Standard,2019-11-05
CUST00645,Jose Bradley,bettyhenderson@example.com,36,Male,Financial Services,Australia & New Zealand,51-200,Premium,2019-08-29
CUST00646,Kristen Smith,bettymcintyre@example.org,67,Female,Retail,North America,51-200,Standard,2020-04-29
CUST00647,Kristen Perry,bevans@example.org,27,Female,Government & Public Sector,Europe,11-50,Standard,2020-04-25
CUST00648,Gregory Cross,beverlymann@example.org,56,Other,Professional Services,Asia-Pacific,11-50,Premium,2020-02-11
CUST00649,Diane Smith,bfernandez@example.org,46,Other,Media & Communications,Asia-Pacific,11-50,Free,2021-02-07
CUST00650,Stephanie Foster,bflynn@example.net,51,Male,Technology,Europe,11-50,Premium,2020-01-05
CUST00651,Deborah Williams,bfreeman@example.net,34,Female,Manufacturing,Asia-Pacific,11-50,Premium,2020-10-28
CUST00652,John Bowman,bfuller@example.org,43,Other,Government & Public Sector,Asia-Pacific,501-1000,Premium,2020-05-15
CUST00653,Mary Douglas,bgibbs@example.org,59,Female,Education,Australia & New Zealand,201-500,Standard,2020-05-30
CUST00654,April Morgan,bgonzalez@example.org,20,Female,Education,Asia-Pacific,51-200,Free,2021-02-14
CUST00655,Daniel Williams,bgraham@example.net,58,Other,Government & Public Sector,Australia & New Zealand,201-500,Standard,2020-02-03
CUST00656,Felicia Waters,bgreen@example.com,67,Male,Financial Services,North America,501-1000,Free,2019-08-08
CUST00657,Jennifer Hicks,bharper@example.com,56,Male,Government & Public Sector,Europe,51-200,Standard,2020-06-28
CUST00658,David Watson,bhartman@example.com,55,Male,Government & Public Sector,Europe,51-200,Standard,2020-03-20
CUST00659,Erica Garcia,bhernandez@example.net,42,Male,Other,Asia-Pacific,11-50,Free,2019-01-02
CUST00660,Paul Clark,bhernandez@example.org,54,Female,Government & Public Sector,Asia-Pacific,1000+,Enterprise,2020-10-14
CUST00661,Jacob Cook,bhill@example.org,52,Male,Education,Asia-Pacific,11-50,Free,2021-04-02
CUST00662,Sheila Michael,bhinton@example.com,19,Female,Healthcare,North America,1-10,Enterprise,2020-04-22
CUST00663,Rachel Cooper,bhoffman@example.net,53,Male,Education,Europe,51-200,Free,2020-04-21
CUST00664,Renee Wilkerson,bianca47@example.net,64,Female,Financial Services,Other,1000+,Free,2020-01-07
CUST00665,Sean Jones,biancasmith@example.com,21,Other,Other,North America,501-1000,Standard,2019-11-01
CUST00666,Jacqueline Hansen,biancaward@example.org,30,Female,Technology,Australia & New Zealand,201-500,Premium,2020-01-08
CUST00667,David Rich,billy46@example.com,29,Other,Financial Services,North America,51-200,Premium,2020-10-05
CUST00668,Mark Gomez,billynelson@example.org,66,Male,Government & Public Sector,Europe,1000+,Standard,2020-03-22
CUST00669,Christopher Thompson,billysalinas@example.com,53,Male,Other,Australia & New Zealand,501-1000,Free,2020-12-30
CUST00670,Ariel Davis,bishopamanda@example.org,59,Male,Financial Services,Asia-Pacific,201-500,Premium,2019-01-10
CUST00671,Amanda Miller,bishoprobin@example.com,31,Other,Other,North America,501-1000,Premium,2020-07-09
CUST00672,Shawn Silva,bjohnson@example.org,24,Female,Manufacturing,Other,51-200,Free,2020-07-20
CUST00673,Heather Wilson,bjones@example.org,26,Other,Media & Communications,North America,501-1000,Premium,2020-03-12
CUST00674,Andrew Foster,bkelly@example.net,39,Other,Retail,Australia & New Zealand,11-50,Enterprise,2019-11-28
CUST00675,Sara Hayes,blackkathryn@example.org,44,Male,Professional Services,Australia & New Zealand,501-1000,Premium,2019-09-26
CUST00676,Laura Rivera,blackmatthew@example.net,61,Female,Technology,Europe,11-50,Free,2020-01-30
CUST00677,Joshua Hurst,blacksamantha@example.org,38,Male,Professional Services,Australia & New Zealand,201-500,Standard,2019-11-14
CUST00678,Natasha Lopez,blackwellangela@example.net,37,Other,Professional Services,North America,51-200,Enterprise,2019-10-10
CUST00679,Bradley Barnes,blackwellsteven@example.com,32,Other,Technology,Australia & New Zealand,201-500,Standard,2020-04-21
CUST00680,Jessica Cordova,blairjessica@example.com,23,Male,Technology,Asia-Pacific,51-200,Standard,2020-08-14
CUST00681,Kayla Cunningham,blake19@example.com,59,Other,Financial Services,Europe,201-500,Premium,2019-06-24
CUST00682,Autumn Garcia,blake24@example.org,63,Male,Education,Asia-Pacific,51-200,Standard,2020-07-21
CUST00683,Tamara Nelson,blakelindsey@example.com,45,Male,Media & Communications,Other,51-200,Enterprise,2020-10-14
CUST00684,John Franklin,blakesherri@example.net,18,Female,Retail,Europe,11-50,Standard,2019-04-24
CUST00685,Ricky Robinson,blanchardcatherine@example.net,63,Female,Education,Asia-Pacific,51-200,Premium,2019-08-16
CUST00686,Angela Johnson,blankenshipkristina@example.net,55,Male,Media & Communications,Australia & New Zealand,11-50,Standard,2020-09-04
CUST00687,Kayla Evans,bli@example.com,46,Other,Manufacturing,Europe,501-1000,Standard,2019-11-01
CUST00688,William Johnson,bmaldonado@example.com,39,Male,Professional Services,Asia-Pacific,201-500,Standard,2019-07-28
CUST00689,Michael Vaughan,bmarshall@example.net,33,Female,Retail,North America,51-200,Standard,2020-01-06
CUST00690,Nancy Castro,bmartinez@example.net,40,Female,Government & Public Sector,Australia & New Zealand,1-10,Enterprise,2020-01-11
CUST00691,Candice Norman,bmartinez@example.org,34,Female,Technology,Europe,51-200,Enterprise,2019-02-13
CUST00692,Mary Johnson,bmiddleton@example.net,59,Other,Retail,Asia-Pacific,1-10,Standard,2020-10-01
CUST00693,Deborah Stewart,bmiller@example.org,52,Other,Media & Communications,Australia & New Zealand,201-500,Free,2019-10-21
CUST00694,Tonya Brady,bmills@example.com,51,Female,Professional Services,Europe,1-10,Standard,2021-05-24
CUST00695,Leslie Johnson,bmitchell@example.org,67,Female,Media & Communications,Asia-Pacific,1000+,Standard,2020-03-29
CUST00696,Amy Campbell,bmorales@example.org,58,Female,Manufacturing,Asia-Pacific,1-10,Free,2021-05-10
CUST00697,Mariah Robinson,bmoreno@example.org,32,Other,Media & Communications,North America,1000+,Free,2021-10-10
CUST00698,Allison Edwards,bobby13@example.net,23,Female,Education,Other,11-50,Free,2020-01-06
CUST00699,Audrey Mccarthy MD,bobby48@example.com,25,Female,Healthcare,Asia-Pacific,201-500,Premium,2021-06-14
CUST00700,Courtney Gallagher,bobbydavis@example.net,43,Male,Healthcare,Australia & New Zealand,51-200,Premium,2020-01-07
CUST00701,Jillian Ortiz,bobbysmith@example.com,65,Male,Professional Services,Europe,201-500,Standard,2020-10-07
CUST00702,Austin Nelson,bobyoder@example.com,55,Male,Technology,North America,11-50,Premium,2020-06-06
CUST00703,Shaun Williams,boltoncynthia@example.net,49,Male,Other,North America,51-200,Standard,2019-04-04
CUST00704,Zachary Cooper,boltonjohn@example.net,48,Other,Education,North America,1-10,Standard,2020-07-06
CUST00705,Chase Gonzales,boltonwilliam@example.com,32,Other,Financial Services,Australia & New Zealand,11-50,Standard,2019-06-27
CUST00706,Corey Hanna,bondtammy@example.org,35,Female,Financial Services,Europe,201-500,Premium,2020-12-02
CUST00707,Misty Owens,bonillarachael@example.com,63,Female,Professional Services,North America,1000+,Standard,2020-02-06
CUST00708,John Mosley,bonnie09@example.org,52,Female,Retail,North America,1-10,Standard,2020-02-20
CUST00709,William Roberts,bonnieboone@example.net,55,Male,Education,Europe,11-50,Standard,2021-09-03
CUST00710,Colleen Robinson,bookeranne@example.net,18,Male,Professional Services,Australia & New Zealand,201-500,Free,2019-03-13
CUST00711,William Velasquez,boonedavid@example.com,50,Male,Technology,Australia & New Zealand,1-10,Premium,2018-12-19
CUST00712,William Cruz,bowen@example.org,51,Other,Other,Europe,1-10,Standard,2019-02-13
CUST00713,Mr. Gregory Hanson,bowenronald@example.org,55,Female,Technology,North America,51-200,Standard,2019-10-29
CUST00714,Todd Roberts,bowmankimberly@example.org,68,Female,Government & Public Sector,Australia & New Zealand,11-50,Enterprise,2020-12-25
CUST00715,Kim Price,boydalexander@example.net,40,Female,Technology,Australia & New Zealand,51-200,Enterprise,2021-03-25
CUST00716,Cheryl Huerta,boydbrenda@example.org,37,Other,Education,Australia & New Zealand,1000+,Standard,2020-03-07
CUST00717,Carrie Cole,boydbrianna@example.net,55,Other,Media & Communications,Asia-Pacific,201-500,Enterprise,2019-12-11
CUST00718,Trevor Smith,boydchristina@example.net,37,Male,Healthcare,Australia & New Zealand,1000+,Enterprise,2020-09-26
CUST00719,Joe Browning,boydcorey@example.org,69,Female,Healthcare,North America,501-1000,Free,2021-07-02
CUST00720,Bailey Hamilton,boydgeorge@example.com,24,Female,Technology,Asia-Pacific,11-50,Premium,2019-07-08
CUST00721,Nicole Aguilar,boydjames@example.net,19,Other,Manufacturing,Asia-Pacific,11-50,Standard,2019-04-29
CUST00722,John Martin,boydjeffery@example.org,42,Female,Retail,North America,51-200,Standard,2020-04-16
CUST00723,Joseph Turner,boydjennifer@example.com,67,Male,Other,Asia-Pacific,201-500,Standard,2019-09-04
CUST00724,Tracy Hughes,boyerroger@example.net,47,Female,Other,Asia-Pacific,501-1000,Enterprise,2019-09-14
CUST00725,Brian Mahoney,boylekelly@example.org,43,Female,Media & Communications,Australia & New Zealand,1000+,Premium,2020-12-04
CUST00726,Jennifer Shea,bpena@example.org,23,Male,Media & Communications,Asia-Pacific,11-50,Standard,2020-04-02
CUST00727,Ashlee Rosales,bperez@example.org,54,Other,Other,Asia-Pacific,11-50,Premium,2020-10-15
CUST00728,Janet Lewis,bperkins@example.net,59,Female,Healthcare,Asia-Pacific,11-50,Premium,2019-12-25
CUST00729,Ashley Smith,bpeterson@example.net,39,Male,Retail,Europe,201-500,Standard,2020-09-26
CUST00730,Patricia Sullivan,bradfordshirley@example.net,37,Female,Education,Australia & New Zealand,51-200,Free,2020-09-30
CUST00731,Amanda Stevens,bradfuller@example.com,43,Other,Education,North America,51-200,Standard,2020-08-10
CUST00732,Linda Cortez DVM,bradley00@example.com,63,Male,Retail,Australia & New Zealand,201-500,Premium,2019-06-01
CUST00733,Kimberly Collier,bradley20@example.com,36,Other,Retail,Australia & New Zealand,11-50,Premium,2019-01-04
CUST00734,Diana Jones,bradley45@example.com,42,Male,Technology,Europe,201-500,Free,2020-03-18
CUST00735,Kimberly Richards,bradley77@example.net,46,Other,Technology,Asia-Pacific,51-200,Free,2020-09-11
CUST00736,Roy King,bradley84@example.com,45,Male,Professional Services,North America,11-50,Standard,2020-11-02
CUST00737,Todd Brown,bradleygallagher@example.com,47,Other,Financial Services,Australia & New Zealand,51-200,Free,2020-04-05
CUST00738,Chad Vazquez,bradleyjackson@example.com,38,Other,Healthcare,Other,51-200,Standard,2020-05-27
CUST00739,Patrick Smith,bradleykeith@example.net,25,Female,Other,Australia & New Zealand,501-1000,Free,2019-03-17
CUST00740,Patrick George,bradleykelly@example.com,56,Other,Financial Services,Australia & New Zealand,201-500,Standard,2020-07-08
CUST00741,Alexander Carroll,bradleymark@example.com,67,Female,Manufacturing,Australia & New Zealand,501-1000,Enterprise,2019-09-13
CUST00742,Christina Dillon,bradleyolson@example.org,27,Female,Professional Services,Australia & New Zealand,51-200,Premium,2019-06-19
CUST00743,Kristopher Garcia,bradleypaul@example.net,59,Male,Healthcare,Europe,51-200,Premium,2019-11-04
CUST00744,Kyle Flores,bradleystanley@example.net,67,Male,Technology,Asia-Pacific,501-1000,Standard,2019-09-06
CUST00745,Jeffrey Williams,bradleywhitaker@example.com,48,Other,Retail,Europe,11-50,Free,2021-04-06
CUST00746,Jeffrey Russell,bradmolina@example.net,19,Male,Education,Asia-Pacific,1-10,Standard,2020-11-06
CUST00747,Vincent Glenn,bradshawkatie@example.com,19,Other,Manufacturing,Europe,51-200,Standard,2019-08-22
CUST00748,Amanda Wilson,bradsherman@example.com,18,Female,Technology,Australia & New Zealand,501-1000,Premium,2019-04-13
CUST00749,Elizabeth King,bradyelizabeth@example.org,68,Other,Education,North America,51-200,Premium,2021-06-01
CUST00750,Jillian Hill,bradysusan@example.org,29,Other,Manufacturing,Other,1000+,Standard,2020-01-26
CUST00751,James Franco,brandi28@example.net,64,Male,Healthcare,North America,51-200,Standard,2019-07-26
CUST00752,Thomas Stevens,brandigilbert@example.org,42,Female,Technology,Australia & New Zealand,201-500,Premium,2020-08-12
CUST00753,Richard Ford,brandipowers@example.com,69,Male,Manufacturing,Australia & New Zealand,11-50,Premium,2019-06-24
CUST00754,David Rivera,brandon06@example.com,25,Other,Financial Services,Europe,51-200,Standard,2020-03-06
CUST00755,Tracy Johnson,brandon11@example.com,56,Male,Technology,Asia-Pacific,11-50,Enterprise,2020-01-21
CUST00756,Nathan Parks,brandon16@example.org,22,Female,Technology,Europe,51-200,Free,2020-04-09
CUST00757,Isaac Collier,brandon23@example.org,22,Male,Media & Communications,Asia-Pacific,201-500,Free,2019-05-12
CUST00758,Tabitha Potter,brandon31@example.net,69,Female,Manufacturing,North America,51-200,Premium,2019-04-17
CUST00759,Melissa Jordan,brandon35@example.org,51,Male,Government & Public Sector,Australia & New Zealand,11-50,Enterprise,2018-08-09
CUST00760,Karen Martinez,brandon51@example.com,68,Other,Media & Communications,North America,1-10,Enterprise,2020-03-31
CUST00761,Jason Hernandez,brandon56@example.org,32,Other,Government & Public Sector,Europe,51-200,Enterprise,2019-06-06
CUST00762,Angel Saunders,brandon58@example.com,44,Female,Government & Public Sector,North America,1-10,Standard,2021-06-30
CUST00763,Ethan Mcpherson,brandon65@example.org,42,Male,Education,Asia-Pacific,51-200,Premium,2021-05-21
CUST00764,Pamela Mann,brandon87@example.net,62,Male,Retail,North America,1-10,Standard,2019-06-20
CUST00765,Dennis Carter,brandon91@example.net,21,Other,Other,Australia & New Zealand,11-50,Standard,2018-12-07
CUST00766,Robert Fuller,brandon94@example.org,40,Female,Education,Australia & New Zealand,201-500,Premium,2019-01-29
CUST00767,Shaun Meza,brandonarcher@example.com,27,Female,Financial Services,Asia-Pacific,1000+,Standard,2019-11-17
CUST00768,Eric Dyer,brandoncalderon@example.com,27,Female,Government & Public Sector,Europe,1000+,Standard,2021-01-19
CUST00769,Sandra Craig,brandoncarter@example.com,52,Female,Technology,Europe,51-200,Premium,2020-02-15
CUST00770,Tiffany Perkins,brandoncastillo@example.org,19,Other,Retail,North America,1-10,Standard,2021-05-28
CUST00771,Aaron Petty,brandoncolon@example.org,38,Other,Government & Public Sector,Europe,51-200,Enterprise,2019-11-15
CUST00772,Bryan Robbins,brandoncunningham@example.net,51,Male,Media & Communications,North America,1-10,Standard,2021-04-22
CUST00773,Thomas Contreras,brandonharper@example.com,41,Male,Retail,Australia & New Zealand,1-10,Standard,2019-04-24
CUST00774,Thomas Gates,brandonrobinson@example.org,38,Male,Education,Asia-Pacific,201-500,Standard,2020-09-02
CUST00775,Kenneth Peck,brandonwilson@example.net,62,Other,Financial Services,Europe,1000+,Premium,2020-03-13
CUST00776,Gregory Garcia,brandonwilson@example.org,62,Female,Retail,North America,11-50,Enterprise,2020-08-24
CUST00777,Sean Flynn,brandtcarol@example.org,42,Male,Healthcare,North America,201-500,Premium,2020-12-20
CUST00778,William Marsh,brandtheather@example.com,31,Male,Retail,North America,501-1000,Standard,2020-01-17
CUST00779,Wendy Townsend,brandy26@example.net,20,Female,Media & Communications,Other,51-200,Standard,2019-08-26
CUST00780,Seth Harris,brandy40@example.com,48,Female,Other,Australia & New Zealand,51-200,Premium,2018-08-15
CUST00781,Dana Johnson,brandyhughes@example.com,38,Male,Retail,Asia-Pacific,11-50,Free,2019-02-11
CUST00782,Brandon Patterson,brandyleach@example.net,62,Female,Healthcare,Europe,11-50,Premium,2019-10-29
CUST00783,Max Dawson,brandymorgan@example.net,54,Other,Manufacturing,Europe,51-200,Standard,2019-12-26
CUST00784,Mark Smith,brandymurphy@example.com,56,Other,Retail,North America,51-200,Standard,2019-10-05
CUST00785,Maria Gonzalez,breanna18@example.net,63,Male,Financial Services,Australia & New Zealand,201-500,Enterprise,2019-08-28
CUST00786,Rebecca Gibbs,breanna52@example.org,60,Male,Media & Communications,Europe,1000+,Standard,2019-11-06
CUST00787,Christopher Daniels,breannamercado@example.org,61,Male,Manufacturing,Europe,11-50,Premium,2020-03-31
CUST00788,Wendy Davis,brenda20@example.net,19,Male,Other,Other,201-500,Standard,2021-05-21
CUST00789,Samuel Brooks,brenda22@example.net,66,Other,Technology,Asia-Pacific,201-500,Free,2021-10-13
CUST00790,Walter Thornton,brenda23@example.com,53,Other,Education,Europe,501-1000,Premium,2019-11-20
CUST00791,David Miles,brenda33@example.net,59,Male,Technology,North America,1-10,Premium,2018-12-13
CUST00792,Kaitlyn Coffey,brendabrown@example.net,54,Female,Education,Europe,51-200,Standard,2019-04-28
CUST00793,Cheryl Hill,brendaclark@example.net,39,Male,Education,North America,11-50,Free,2020-07-20
CUST00794,Jessica Gill,brendanyang@example.com,44,Female,Financial Services,North America,201-500,Free,2020-06-10
CUST00795,Brandon Young,brennanadam@example.net,59,Other,Other,North America,11-50,Premium,2019-12-12
CUST00796,Renee Crawford,brent31@example.com,47,Male,Media & Communications,Europe,51-200,Standard,2019-09-28
CUST00797,James Rhodes,brent43@example.net,38,Other,Professional Services,North America,201-500,Free,2021-01-22
CUST00798,Abigail Jones,brentbradshaw@example.org,41,Other,Media & Communications,Australia & New Zealand,51-200,Enterprise,2021-02-19
CUST00799,Debbie Alexander,brentlawrence@example.net,52,Other,Financial Services,North America,51-200,Free,2020-07-24
CUST00800,Edward Green,brentsanders@example.com,42,Other,Financial Services,North America,11-50,Enterprise,2020-02-03
CUST00801,Mary Yates,brett23@example.org,58,Other,Media & Communications,North America,51-200,Enterprise,2020-02-17
CUST00802,Jeremy Diaz,brett79@example.net,57,Male,Healthcare,North America,1000+,Premium,2019-08-26
CUST00803,Darryl Hunter,brett82@example.org,69,Other,Media & Communications,Asia-Pacific,1-10,Standard,2019-12-04
CUST00804,Candice Moyer,brettcochran@example.com,18,Female,Professional Services,Other,201-500,Free,2019-05-05
CUST00805,David Garcia,brettgarcia@example.com,49,Male,Technology,Australia & New Zealand,51-200,Standard,2020-02-14
CUST00806,Andrea Wilson,brettking@example.com,36,Female,Professional Services,Australia & New Zealand,201-500,Free,2021-04-13
CUST00807,Brian Gray,brettmartin@example.org,31,Male,Media & Communications,Australia & New Zealand,51-200,Standard,2019-06-08
CUST00808,William Long,brettortega@example.net,36,Male,Manufacturing,Asia-Pacific,1000+,Standard,2019-11-21
CUST00809,Jason Vance,brettreynolds@example.com,46,Male,Government & Public Sector,North America,51-200,Standard,2020-11-06
CUST00810,Joel Roberts,brettstephens@example.com,50,Other,Other,Australia & New Zealand,11-50,Premium,2020-12-25
CUST00811,Lauren Cole,brian02@example.org,60,Male,Professional Services,Asia-Pacific,11-50,Standard,2018-10-30
CUST00812,Jasmine Brown,brian05@example.net,44,Male,Manufacturing,North America,501-1000,Premium,2020-05-08
CUST00813,Douglas Griffith,brian07@example.com,69,Male,Other,Asia-Pacific,11-50,Enterprise,2020-03-12
CUST00814,Wanda Moreno,brian14@example.org,33,Other,Financial Services,Australia & New Zealand,11-50,Standard,2020-07-13
CUST00815,Dan Sutton,brian18@example.net,29,Other,Technology,North America,51-200,Standard,2021-02-21
CUST00816,Amy Miller,brian21@example.org,60,Other,Technology,Australia & New Zealand,51-200,Enterprise,2021-04-09
CUST00817,Nicholas Hood,brian26@example.com,68,Male,Media & Communications,Europe,201-500,Standard,2018-10-24
CUST00818,Jonathan Estrada,brian34@example.org,37,Male,Media & Communications,Other,1-10,Standard,2019-06-07
CUST00819,Dustin Olson,brian43@example.org,58,Other,Financial Services,Europe,51-200,Standard,2020-07-23
CUST00820,Michelle Jenkins,brian45@example.com,64,Male,Other,North America,11-50,Standard,2021-05-02
CUST00821,Crystal Preston,brian47@example.net,51,Female,Financial Services,Europe,1000+,Free,2021-04-11
CUST00822,Brian Brock,brian51@example.com,38,Female,Healthcare,Australia & New Zealand,51-200,Enterprise,2021-03-01
CUST00823,Gary Morgan,brian51@example.net,58,Other,Technology,North America,201-500,Premium,2020-07-31
CUST00824,Joseph Neal,brian58@example.net,45,Female,Media & Communications,Europe,201-500,Premium,2020-11-22
CUST00825,Margaret Turner,brian64@example.com,30,Male,Technology,Asia-Pacific,51-200,Premium,2021-07-26
CUST00826,John Snow,brian72@example.net,28,Male,Retail,Asia-Pacific,1000+,Premium,2018-12-22
CUST00827,Ricardo Alexander,brian74@example.com,65,Male,Professional Services,Asia-Pacific,201-500,Free,2020-03-04
CUST00828,John Andersen,brian77@example.net,50,Male,Healthcare,North America,51-200,Enterprise,2020-12-11
CUST00829,Randy Vaughn,brian80@example.net,18,Male,Government & Public Sector,North America,1000+,Standard,2021-10-26
CUST00830,Brittany Jacobs,brian87@example.com,30,Female,Professional Services,North America,11-50,Premium,2021-03-14
CUST00831,Christopher Juarez,brian88@example.org,36,Other,Other,Australia & New Zealand,51-200,Premium,2021-05-01
CUST00832,Vanessa Bates,brian95@example.com,63,Female,Education,North America,51-200,Free,2018-10-31
CUST00833,Kelly Ray DVM,brian98@example.net,51,Female,Professional Services,Australia & New Zealand,11-50,Premium,2019-08-20
CUST00834,Christopher Shelton,briana26@example.net,70,Female,Financial Services,Europe,1000+,Enterprise,2021-07-14
CUST00835,Elizabeth Carroll,brianadams@example.com,25,Other,Technology,Europe,11-50,Enterprise,2020-08-12
CUST00836,Amanda Evans,brianalee@example.org,60,Female,Technology,Asia-Pacific,51-200,Enterprise,2021-01-31
CUST00837,Roger Watson,brianbenson@example.com,30,Female,Manufacturing,North America,201-500,Free,2021-03-14
CUST00838,Melissa Edwards,brianbutler@example.com,66,Female,Technology,Other,1000+,Premium,2020-07-22
CUST00839,George Reed,briandaniels@example.org,47,Female,Retail,North America,51-200,Enterprise,2020-04-17
CUST00840,George Mitchell,briandavis@example.com,24,Male,Retail,Europe,11-50,Enterprise,2019-05-10
CUST00841,George Wilkins,briandickerson@example.com,29,Male,Retail,Australia & New Zealand,51-200,Enterprise,2019-12-05
CUST00842,James Lewis,brianfloyd@example.org,65,Other,Education,Australia & New Zealand,1-10,Premium,2019-10-12
CUST00843,Richard Hunter,briangarcia@example.org,57,Male,Technology,Europe,201-500,Enterprise,2019-05-16
CUST00844,Kaylee Watson,brianhart@example.org,50,Female,Technology,Australia & New Zealand,1-10,Premium,2020-06-02
CUST00845,Ryan Barnes,brianjones@example.com,53,Female,Healthcare,Asia-Pacific,201-500,Premium,2020-09-17
CUST00846,Julian Pope,brianlawson@example.net,48,Female,Government & Public Sector,North America,11-50,Free,2020-02-20
CUST00847,James Spencer,brianmendez@example.com,38,Other,Education,Australia & New Zealand,11-50,Premium,2019-05-17
CUST00848,Kevin Rodriguez,brianmorris@example.org,48,Other,Professional Services,Asia-Pacific,11-50,Standard,2020-02-11
CUST00849,Kim Riggs,brianmorrison@example.com,24,Female,Manufacturing,Asia-Pacific,201-500,Free,2019-07-01
CUST00850,Kevin Brooks,brianmyers@example.org,46,Male,Technology,Australia & New Zealand,51-200,Premium,2019-08-01
CUST00851,Brenda Thompson,brianna13@example.net,54,Female,Retail,North America,1000+,Free,2020-08-18
CUST00852,Lindsay Davis,brianna18@example.com,23,Female,Other,Europe,51-200,Standard,2020-09-12
CUST00853,Ashley Trevino,brianna34@example.com,48,Other,Professional Services,Asia-Pacific,1-10,Standard,2019-11-04
CUST00854,Carl Jones,briannaespinoza@example.net,51,Male,Financial Services,Australia & New Zealand,51-200,Premium,2020-07-17
CUST00855,Stephanie Hernandez,briannareese@example.org,42,Other,Professional Services,Other,201-500,Standard,2019-09-04
CUST00856,Robert Chang,briannasanchez@example.com,22,Female,Retail,Asia-Pacific,11-50,Free,2019-06-03
CUST00857,Denise Turner,brianowens@example.com,20,Other,Government & Public Sector,Australia & New Zealand,1-10,Enterprise,2019-03-06
CUST00858,Nicholas Moore,brianpatterson@example.org,64,Other,Healthcare,Europe,501-1000,Standard,2021-05-09
CUST00859,Patrick Maxwell,briantorres@example.com,33,Other,Professional Services,Asia-Pacific,501-1000,Standard,2019-06-28
CUST00860,Michael Walters,brianwong@example.org,24,Female,Professional Services,Australia & New Zealand,1-10,Standard,2019-08-30
CUST00861,Jacob Moore,briddle@example.net,34,Female,Retail,Europe,1000+,Standard,2019-12-02
CUST00862,Christopher Lane,bridgesnancy@example.org,18,Female,Retail,Asia-Pacific,201-500,Premium,2020-07-18
CUST00863,Brian Waters,bridgeszachary@example.net,51,Female,Technology,Europe,11-50,Free,2020-02-15
CUST00864,Jennifer Daniel,bridget33@example.net,57,Male,Retail,Europe,1-10,Standard,2019-03-23
CUST00865,Stephen Franklin,bridgetmcneil@example.org,53,Female,Media & Communications,North America,1000+,Free,2021-06-01
CUST00866,Melissa Neal,bridgetrussell@example.org,59,Other,Technology,Europe,201-500,Enterprise,2020-03-26
CUST00867,Jesse Diaz,brittany10@example.org,29,Male,Media & Communications,Australia & New Zealand,1000+,Standard,2021-01-02
CUST00868,Julie Wells,brittany20@example.net,44,Female,Technology,Australia & New Zealand,11-50,Standard,2019-08-31
CUST00869,Kimberly Perkins,brittany25@example.org,32,Male,Technology,Australia & New Zealand,11-50,Enterprise,2020-05-27
CUST00870,Brian Martinez,brittany30@example.net,35,Female,Retail,North America,11-50,Standard,2019-11-26
CUST00871,Leah Murray,brittany32@example.net,47,Male,Media & Communications,Europe,51-200,Premium,2021-10-11
CUST00872,Benjamin Parker,brittany36@example.com,45,Female,Retail,Australia & New Zealand,201-500,Premium,2020-01-19
CUST00873,Dorothy Powers,brittany47@example.net,58,Male,Retail,North America,1000+,Premium,2021-08-20
CUST00874,Cheryl Johnson,brittany70@example.org,37,Other,Technology,Europe,11-50,Free,2020-03-22
CUST00875,Carlos Woods,brittanyallison@example.net,38,Other,Retail,North America,201-500,Premium,2019-07-23
CUST00876,Melissa Foster,brittanybender@example.com,40,Female,Education,Europe,11-50,Standard,2020-10-02
CUST00877,Sharon Marsh,brittanycaldwell@example.org,33,Male,Technology,Asia-Pacific,1-10,Premium,2021-04-29
CUST00878,Nicole Hamilton,brittanyhaas@example.net,18,Male,Media & Communications,Australia & New Zealand,201-500,Free,2021-04-24
CUST00879,Maria Marquez,brittanyjones@example.net,56,Male,Financial Services,Asia-Pacific,1-10,Standard,2019-06-04
CUST00880,Stephanie Dunn,brittanyphillips@example.net,19,Female,Education,Asia-Pacific,11-50,Standard,2019-12-29
CUST00881,Gabriella Perez,brittney82@example.com,61,Other,Education,Australia & New Zealand,11-50,Premium,2019-12-09
CUST00882,Troy Drake,brittneycarter@example.com,32,Other,Healthcare,North America,51-200,Premium,2019-12-19
CUST00883,Sharon Jordan,brobinson@example.org,35,Other,Manufacturing,Europe,11-50,Enterprise,2019-09-01
CUST00884,Daniel Zhang,brodriguez@example.net,21,Male,Media & Communications,Europe,201-500,Premium,2020-08-30
CUST00885,Sabrina Harris,brooke68@example.com,31,Other,Financial Services,North America,51-200,Premium,2019-01-31
CUST00886,Michele Gray,brookeli@example.net,21,Other,Financial Services,North America,501-1000,Enterprise,2020-01-19
CUST00887,Taylor Blake,brookepayne@example.com,28,Male,Professional Services,Other,201-500,Free,2020-05-18
CUST00888,Matthew Scott,brookeross@example.net,18,Other,Professional Services,North America,1000+,Premium,2019-09-15
CUST00889,Richard Stephens,brookskelli@example.net,70,Male,Healthcare,Australia & New Zealand,501-1000,Free,2019-05-08
CUST00890,Sandy Jones,brooksmichael@example.com,23,Other,Education,North America,1000+,Standard,2020-10-25
CUST00891,Summer Vaughn,brookspamela@example.org,36,Female,Education,Europe,51-200,Standard,2020-11-15
CUST00892,Allen Johnson,brookswilliam@example.net,47,Male,Retail,Asia-Pacific,1000+,Enterprise,2020-03-03
CUST00893,Jeremiah Thompson,browe@example.com,49,Male,Professional Services,Europe,11-50,Standard,2018-12-24
CUST00894,Todd Hart,brownadam@example.com,37,Other,Manufacturing,North America,51-200,Standard,2019-10-05
CUST00895,George Mathews,brownalexander@example.net,48,Male,Media & Communications,Australia & New Zealand,51-200,Premium,2019-04-12
CUST00896,Michael Ward,brownanthony@example.org,59,Female,Media & Communications,Australia & New Zealand,1-10,Standard,2021-05-19
CUST00897,Ian Coleman,brownaudrey@example.com,27,Male,Other,Europe,51-200,Free,2020-06-10
CUST00898,Jillian Lawson,brownbradley@example.com,39,Female,Healthcare,Australia & New Zealand,1000+,Premium,2020-04-30
CUST00899,Dennis Harrison,brownchristian@example.com,54,Other,Healthcare,Asia-Pacific,51-200,Premium,2020-05-15
CUST00900,Andrea Reed,browncrystal@example.com,21,Female,Media & Communications,Asia-Pacific,51-200,Free,2020-06-24
CUST00901,Lori Kelley,browndaniel@example.com,64,Male,Retail,Asia-Pacific,201-500,Free,2019-01-01
CUST00902,Tony Smith,brownelizabeth@example.com,64,Female,Other,Europe,11-50,Free,2020-10-03
CUST00903,Michael Walker,browngerald@example.net,27,Other,Professional Services,North America,1000+,Free,2020-02-08
CUST00904,Lawrence Davis,browngregory@example.net,34,Female,Professional Services,Europe,501-1000,Free,2021-03-10
CUST00905,Rhonda Harvey,browningjessica@example.net,57,Female,Technology,Australia & New Zealand,501-1000,Enterprise,2019-10-11
CUST00906,Jordan Collins,browningjohn@example.com,59,Other,Other,North America,1-10,Standard,2019-03-31
CUST00907,Justin Patrick,brownjames@example.net,59,Female,Technology,North America,501-1000,Premium,2020-08-03
CUST00908,Holly Taylor,brownjohn@example.net,58,Male,Government & Public Sector,North America,201-500,Standard,2020-06-21
CUST00909,Rebecca Robinson,brownkathryn@example.net,29,Male,Professional Services,Asia-Pacific,1000+,Standard,2019-07-05
CUST00910,Erin Espinoza,brownmichael@example.com,26,Female,Other,Asia-Pacific,1-10,Standard,2020-03-08
CUST00911,John Green,brownmichael@example.net,35,Other,Technology,Asia-Pacific,11-50,Premium,2020-04-04
CUST00912,Gregory Robinson,brownmichael@example.org,65,Male,Financial Services,Asia-Pacific,11-50,Premium,2021-01-10
CUST00913,Katherine Allen,brownnancy@example.org,18,Male,Media & Communications,Asia-Pacific,201-500,Premium,2021-04-11
CUST00914,Melissa Valentine,brownnicole@example.org,46,Male,Professional Services,North America,501-1000,Standard,2019-08-19
CUST00915,Brett Maldonado,brownray@example.org,40,Other,Professional Services,Europe,51-200,Premium,2019-12-22
CUST00916,Debra Smith,brownrebecca@example.net,30,Female,Financial Services,Asia-Pacific,1-10,Standard,2020-12-23
CUST00917,Ashley Smith,brownrebecca@example.org,59,Female,Technology,Asia-Pacific,501-1000,Standard,2020-04-04
CUST00918,Dean Sparks,brownronald@example.net,62,Other,Manufacturing,North America,201-500,Premium,2020-09-18
CUST00919,Jeremy Valencia,brownsamantha@example.net,42,Female,Retail,Asia-Pacific,11-50,Standard,2019-10-03
CUST00920,Daniel Bowman,browntaylor@example.net,56,Female,Media & Communications,North America,51-200,Free,2020-07-06
CUST00921,Rickey Kirby,brownthomas@example.org,31,Female,Professional Services,North America,201-500,Enterprise,2019-06-03
CUST00922,Stephanie Boyer,browntiffany@example.com,69,Female,Education,Other,1-10,Standard,2020-10-07
CUST00923,Timothy Williams,browntimothy@example.net,43,Female,Government & Public Sector,Asia-Pacific,1-10,Free,2020-03-29
CUST00924,Matthew Miller,bruce88@example.org,35,Female,Government & Public Sector,Other,201-500,Premium,2021-05-30
CUST00925,Brian Garcia,bruce97@example.com,59,Other,Retail,Europe,51-200,Premium,2021-07-27
CUST00926,Martin Floyd,bruce99@example.net,57,Female,Healthcare,Australia & New Zealand,501-1000,Free,2019-10-09
CUST00927,Nicole Thomas,brucebrian@example.com,46,Other,Technology,North America,1000+,Premium,2021-08-21
CUST00928,Robert Simpson,brucejulie@example.org,33,Other,Professional Services,Asia-Pacific,11-50,Standard,2019-12-10
CUST00929,Katherine Adams,brucereed@example.org,67,Female,Retail,Australia & New Zealand,51-200,Standard,2019-10-15
CUST00930,Kelly Dunn,brucespencer@example.org,30,Female,Professional Services,Australia & New Zealand,51-200,Premium,2020-11-26
CUST00931,Christian Snow,brucewhite@example.com,27,Female,Financial Services,Europe,11-50,Premium,2020-08-23
CUST00932,Robert Trevino,bryan03@example.com,50,Female,Healthcare,Australia & New Zealand,501-1000,Free,2020-12-03
CUST00933,Evan Brown,bryan24@example.net,56,Other,Financial Services,Australia & New Zealand,11-50,Free,2020-08-03
CUST00934,Gary Boyd,bryan71@example.com,48,Male,Government & Public Sector,Australia & New Zealand,51-200,Standard,2020-01-12
CUST00935,Samuel Johns,bryanbrown@example.org,25,Female,Financial Services,Other,1000+,Free,2018-10-07
CUST00936,Maria Davis,bryanknight@example.com,65,Other,Healthcare,North America,1-10,Standard,2019-06-12
CUST00937,Thomas Frost,bryanlopez@example.org,25,Female,Education,North America,51-200,Standard,2020-06-26
CUST00938,Matthew Moore,bryanolson@example.net,46,Other,Healthcare,Europe,51-200,Premium,2019-12-20
CUST00939,Craig Miller,bryanschwartz@example.org,44,Other,Professional Services,Europe,11-50,Premium,2020-08-12
CUST00940,Jerry Mccullough,bryansmith@example.org,44,Male,Professional Services,Other,1000+,Free,2020-02-25
CUST00941,Brittany Rios,bryantjessica@example.com,53,Male,Retail,North America,501-1000,Enterprise,2021-01-27
CUST00942,Christopher Washington,bryantpatricia@example.net,65,Female,Other,Europe,51-200,Standard,2019-09-05
CUST00943,Robert Farley,bryceshepherd@example.com,65,Female,Healthcare,North America,1000+,Standard,2021-08-15
CUST00944,Anna Rivera,bsantos@example.com,21,Other,Technology,Other,1-10,Standard,2020-07-28
CUST00945,Alan Garcia,bscott@example.org,22,Male,Technology,Europe,11-50,Standard,2019-08-03
CUST00946,Caitlin Robinson,bsmith@example.com,24,Female,Financial Services,North America,51-200,Premium,2018-09-13
CUST00947,Nicholas Rodriguez,bsmith@example.net,18,Other,Professional Services,Other,201-500,Standard,2019-07-13
CUST00948,Amy Green,bspears@example.com,38,Female,Technology,Europe,11-50,Enterprise,2019-05-22
CUST00949,Tom Hunt,bstevenson@example.net,32,Male,Other,Europe,501-1000,Standard,2019-11-14
CUST00950,Brent Smith,bsummers@example.net,60,Female,Financial Services,Europe,201-500,Standard,2020-08-31
CUST00951,David Mccoy,btanner@example.org,45,Female,Education,Asia-Pacific,51-200,Standard,2020-09-14
CUST00952,Michelle Beasley,btaylor@example.net,67,Male,Technology,Other,1000+,Enterprise,2020-05-12
CUST00953,Maurice Savage,bthompson@example.com,22,Female,Financial Services,Europe,11-50,Premium,2019-07-21
CUST00954,Danielle Martin,buchananpenny@example.com,35,Female,Education,Other,51-200,Premium,2020-07-28
CUST00955,Ethan Spencer,buckapril@example.org,57,Other,Professional Services,Other,201-500,Premium,2019-03-21
CUST00956,Joshua Glover,buckrebecca@example.net,21,Male,Technology,Australia & New Zealand,1000+,Standard,2019-09-19
CUST00957,Vicki Blankenship,burchgina@example.net,60,Other,Media & Communications,Asia-Pacific,51-200,Standard,2020-12-18
CUST00958,Jason Davies,burchmackenzie@example.com,68,Female,Other,Asia-Pacific,1-10,Standard,2020-11-02
CUST00959,Robert Sutton,burgesschad@example.com,20,Other,Financial Services,Australia & New Zealand,51-200,Enterprise,2020-01-07
CUST00960,Taylor Sanchez,burkeraymond@example.com,49,Female,Financial Services,Australia & New Zealand,11-50,Premium,2020-08-12
CUST00961,Matthew Evans,burnsadam@example.com,69,Other,Media & Communications,Australia & New Zealand,11-50,Premium,2019-05-09
CUST00962,Tracy Hall,burnsfaith@example.com,30,Female,Education,Europe,51-200,Premium,2020-07-09
CUST00963,Robert Washington,burtonjulie@example.net,53,Other,Technology,Australia & New Zealand,11-50,Standard,2020-11-14
CUST00964,Mrs. Marcia Lewis,bushlindsay@example.org,63,Male,Technology,Australia & New Zealand,501-1000,Standard,2019-07-14
CUST00965,Mark Smith,butleralyssa@example.com,44,Female,Other,Australia & New Zealand,51-200,Free,2020-06-15
CUST00966,Deborah Rangel,butlermatthew@example.net,67,Male,Healthcare,Asia-Pacific,201-500,Premium,2019-03-04
CUST00967,Angel Hodge,butlerstephanie@example.net,52,Female,Education,Australia & New Zealand,501-1000,Standard,2019-11-21
CUST00968,Kristen Hoffman,bvargas@example.com,25,Female,Technology,Asia-Pacific,501-1000,Premium,2019-11-27
CUST00969,Victoria Chapman,bvillanueva@example.org,56,Male,Government & Public Sector,Australia & New Zealand,51-200,Standard,2020-08-14
CUST00970,Lance Miller,bvincent@example.com,58,Female,Professional Services,Europe,201-500,Standard,2019-08-23
CUST00971,Jessica Webster,bwagner@example.org,59,Female,Professional Services,North America,51-200,Standard,2019-01-03
CUST00972,Joshua Lee,bwaller@example.net,47,Other,Media & Communications,Australia & New Zealand,51-200,Standard,2020-09-14
CUST00973,Stacey Franklin,bwalters@example.org,51,Male,Manufacturing,North America,11-50,Free,2020-01-27
CUST00974,Robert Fisher,bwatkins@example.org,68,Male,Technology,Europe,501-1000,Standard,2019-08-31
CUST00975,Rebecca Cruz,bwilliams@example.org,55,Female,Retail,Europe,1-10,Free,2019-01-28
CUST00976,Richard Webster,bwright@example.com,26,Female,Professional Services,Australia & New Zealand,11-50,Enterprise,2018-10-06
CUST00977,Megan Steele,byoder@example.com,53,Other,Other,North America,201-500,Standard,2019-09-30
CUST00978,Jordan Gonzalez,bzimmerman@example.org,22,Male,Professional Services,Australia & New Zealand,11-50,Free,2020-05-18
CUST00979,Mark Johnson,cabreradaniel@example.net,48,Male,Financial Services,Australia & New Zealand,51-200,Standard,2020-07-22
CUST00980,Eric Stein,cacevedo@example.net,46,Other,Healthcare,North America,201-500,Premium,2021-06-02
CUST00981,Ana Salazar,caitlin38@example.net,69,Female,Government & Public Sector,Australia & New Zealand,201-500,Free,2018-09-13
CUST00982,Evan Mckenzie,calderonjoseph@example.net,70,Other,Retail,North America,201-500,Standard,2020-09-17
CUST00983,Matthew Salazar,caldwellalexa@example.org,34,Other,Retail,Asia-Pacific,51-200,Free,2020-03-06
CUST00984,Nathan Rivera,caldwellmatthew@example.org,32,Female,Technology,Australia & New Zealand,501-1000,Standard,2019-10-26
CUST00985,Nathan Oconnor,caleb35@example.org,45,Other,Financial Services,Europe,51-200,Standard,2019-08-17
CUST00986,Ronnie Stewart,caleb52@example.com,64,Other,Media & Communications,Australia & New Zealand,1000+,Enterprise,2019-08-05
CUST00987,Andrew Campbell,caleb56@example.net,43,Female,Technology,Other,501-1000,Standard,2019-07-28
CUST00988,Jason Simon,caleb76@example.org,33,Female,Other,Australia & New Zealand,51-200,Free,2020-09-01
CUST00989,Tyler Gray,calebguzman@example.com,44,Other,Other,Europe,11-50,Standard,2020-02-17
CUST00990,Joseph Costa,calvarez@example.org,37,Other,Retail,Asia-Pacific,1000+,Enterprise,2019-06-09
CUST00991,Denise Adams,calvinfernandez@example.org,59,Other,Financial Services,Australia & New Zealand,51-200,Premium,2020-03-25
CUST00992,Henry Daniels,calvinwright@example.net,37,Female,Government & Public Sector,North America,201-500,Premium,2020-03-12
CUST00993,Richard Cunningham,camachojason@example.com,18,Female,Media & Communications,Europe,201-500,Premium,2020-11-21
CUST00994,Maureen Watson,camachotara@example.org,38,Female,Healthcare,Asia-Pacific,51-200,Enterprise,2019-10-25
CUST00995,Theodore Sanford,cameron10@example.org,48,Male,Technology,North America,1000+,Enterprise,2019-07-27
CUST00996,Angela White,cameron64@example.com,64,Female,Retail,Australia & New Zealand,11-50,Standard,2018-10-01
CUST00997,Johnny Hensley,cameron78@example.com,55,Female,Manufacturing,Europe,1000+,Premium,2019-12-03
CUST00998,Joseph Brown,cameron86@example.org,68,Male,Financial Services,Australia & New Zealand,1000+,Standard,2020-10-22
CUST00999,Amy Bradley,cameronfuller@example.com,60,Male,Financial Services,Europe,201-500,Enterprise,2021-05-22
CUST01000,Bethany Powell,cameronjerry@example.com,45,Female,Professional Services,Australia & New Zealand,201-500,Free,2020-05-25
CUST01001,Scott Adams,cameronreeves@example.com,61,Male,Media & Communications,North America,1-10,Standard,2021-04-13
CUST01002,Crystal Baker,camerontiffany@example.com,58,Other,Technology,North America,1-10,Enterprise,2020-12-15
CUST01003,Laura Barnett,cameronvargas@example.net,69,Male,Healthcare,North America,51-200,Premium,2020-05-06
CUST01004,Jeremy Curtis,campbellbetty@example.org,39,Female,Retail,Europe,201-500,Standard,2020-10-31
CUST01005,Brian Ward,campbelljoseph@example.com,32,Male,Healthcare,North America,51-200,Standard,2019-12-16
CUST01006,Cody Combs,campbellkurt@example.org,60,Female,Technology,Asia-Pacific,501-1000,Standard,2019-01-23
CUST01007,Justin Thompson,campbellnicholas@example.com,36,Female,Other,Europe,1000+,Premium,2019-03-06
CUST01008,Heather Fleming,campbellpaul@example.net,31,Male,Technology,North America,201-500,Premium,2019-10-10
CUST01009,Richard Johnson,campbellsonya@example.com,66,Female,Manufacturing,Australia & New Zealand,11-50,Premium,2019-01-18
CUST01010,Sarah Lester,campbelltheodore@example.net,58,Female,Technology,Australia & New Zealand,11-50,Free,2020-03-11
CUST01011,Marcus Schneider,campbellwilliam@example.org,66,Female,Healthcare,Australia & New Zealand,11-50,Standard,2018-09-24
CUST01012,David Lopez,camposnatalie@example.org,46,Other,Financial Services,Asia-Pacific,1000+,Premium,2020-02-05
CUST01013,Kimberly Keller,camposwilliam@example.com,60,Male,Professional Services,Australia & New Zealand,51-200,Premium,2019-03-02
CUST01014,Stephanie Mcgrath,candace40@example.org,60,Female,Manufacturing,Europe,11-50,Premium,2021-04-06
CUST01015,Brittany Fischer,candace49@example.org,68,Other,Professional Services,North America,51-200,Premium,2021-01-24
CUST01016,Anthony Joyce,candace52@example.org,64,Other,Education,North America,51-200,Premium,2019-08-01
CUST01017,David Martin,candace63@example.org,18,Female,Retail,Europe,11-50,Standard,2020-02-11
CUST01018,Robert Luna,candaceriggs@example.com,70,Female,Technology,Asia-Pacific,51-200,Standard,2019-12-07
CUST01019,Kevin Morris,candaceritter@example.com,39,Male,Healthcare,Europe,51-200,Standard,2020-04-11
CUST01020,Bonnie Stone,canderson@example.org,50,Other,Other,Europe,1-10,Standard,2020-08-19
CUST01021,Michael Lopez,candice32@example.com,38,Female,Professional Services,Other,201-500,Free,2019-05-19
CUST01022,Lindsay Owens,cannonbryan@example.org,25,Male,Manufacturing,Europe,11-50,Standard,2019-03-26
CUST01023,Hannah Fields,cannonjoshua@example.net,61,Male,Financial Services,North America,1000+,Standard,2020-01-30
CUST01024,Brent Hunt,cantrelljasmine@example.net,28,Female,Education,Australia & New Zealand,201-500,Premium,2020-01-15
CUST01025,Adam Garcia,cantualicia@example.org,44,Female,Financial Services,North America,11-50,Standard,2019-09-10
CUST01026,Michele Ferrell,cantuamber@example.org,54,Male,Financial Services,Europe,1-10,Premium,2019-12-14
CUST01027,Stephen Hickman,cardenasashley@example.org,56,Other,Retail,Asia-Pacific,1-10,Premium,2021-06-08
CUST01028,Natalie Davis,cardenasdavid@example.org,35,Other,Technology,Australia & New Zealand,11-50,Standard,2019-04-29
CUST01029,David Moran,cardenasterri@example.com,30,Male,Other,Australia & New Zealand,201-500,Standard,2020-03-15
CUST01030,Brandon May,careyjay@example.com,70,Other,Healthcare,North America,51-200,Standard,2020-08-30
CUST01031,Johnny Smith,carl25@example.com,52,Male,Financial Services,North America,1000+,Free,2020-11-04
CUST01032,Richard Fitzpatrick MD,carl83@example.com,50,Male,Retail,North America,51-200,Premium,2019-07-04
CUST01033,Sandy Rivas,carl84@example.com,61,Male,Technology,North America,1-10,Enterprise,2020-08-14
CUST01034,Crystal Ali,carla19@example.org,26,Other,Healthcare,Europe,11-50,Premium,2020-01-04
CUST01035,Timothy Benson,carlabarry@example.org,18,Male,Manufacturing,Australia & New Zealand,201-500,Standard,2020-03-01
CUST01036,Laura Pearson,carlabradshaw@example.com,59,Male,Media & Communications,Europe,201-500,Standard,2019-10-16
CUST01037,Darrell Carroll,carlabrown@example.org,33,Other,Technology,Europe,1-10,Free,2019-06-12
CUST01038,Dylan King,carlaharris@example.com,49,Male,Technology,Australia & New Zealand,1-10,Premium,2019-11-21
CUST01039,Frank Black,carlawilliams@example.org,27,Other,Healthcare,Asia-Pacific,1-10,Standard,2020-09-05
CUST01040,Mr. Vincent Olson,carlbutler@example.com,67,Male,Financial Services,North America,11-50,Standard,2019-04-05
CUST01041,Dr. Aaron Perez,carlglenn@example.net,24,Male,Government & Public Sector,Asia-Pacific,11-50,Free,2019-01-02
CUST01042,Carrie Barrett,carlos08@example.com,29,Male,Retail,Europe,51-200,Enterprise,2020-02-10
CUST01043,Linda Guzman,carlos11@example.com,57,Other,Retail,North America,11-50,Free,2020-09-14
CUST01044,Sara Thomas,carlos79@example.org,20,Female,Media & Communications,Europe,51-200,Enterprise,2019-06-24
CUST01045,Jorge Williams,carlosatkins@example.com,42,Other,Government & Public Sector,Australia & New Zealand,1000+,Free,2020-05-07
CUST01046,Kimberly Adkins,carloscline@example.net,60,Male,Education,Australia & New Zealand,11-50,Enterprise,2020-03-11
CUST01047,Melissa Garrett MD,carlosdavis@example.com,69,Other,Retail,Asia-Pacific,201-500,Enterprise,2020-03-27
CUST01048,Michael Butler,carlosmurray@example.org,60,Female,Technology,Australia & New Zealand,51-200,Standard,2019-11-04
CUST01049,Michael Sullivan,carlospatel@example.net,65,Male,Government & Public Sector,Europe,11-50,Enterprise,2019-12-08
CUST01050,Frank Ruiz,carlostaylor@example.org,43,Female,Government & Public Sector,Asia-Pacific,1-10,Free,2020-09-09
CUST01051,Michael Taylor,carlreese@example.com,47,Male,Technology,North America,51-200,Free,2021-02-18
CUST01052,Hannah Tapia,carlreid@example.net,33,Other,Professional Services,Australia & New Zealand,1000+,Free,2021-02-26
CUST01053,Steven Novak,carlsanchez@example.com,47,Other,Government & Public Sector,Asia-Pacific,201-500,Premium,2020-02-21
CUST01054,Daniel Warren,carlsonjessica@example.net,25,Female,Retail,Europe,201-500,Enterprise,2019-10-23
CUST01055,Antonio Scott,carlsonmatthew@example.org,63,Female,Professional Services,Europe,11-50,Premium,2020-05-25
CUST01056,Darrell Williams,carlwaller@example.net,39,Male,Professional Services,Australia & New Zealand,51-200,Premium,2020-09-14
CUST01057,Jeffrey Harmon,carmencaldwell@example.org,19,Other,Healthcare,Asia-Pacific,1-10,Premium,2020-07-20
CUST01058,Frank Russell,carmstrong@example.net,32,Female,Healthcare,Asia-Pacific,201-500,Standard,2020-12-15
CUST01059,Richard Johnson,carneynathan@example.com,53,Other,Technology,Australia & New Zealand,51-200,Standard,2019-10-18
CUST01060,Devin Hodges,carnold@example.org,35,Male,Professional Services,Australia & New Zealand,201-500,Premium,2021-03-08
CUST01061,Timothy Ware,carol08@example.net,27,Other,Manufacturing,Asia-Pacific,51-200,Standard,2021-01-15
CUST01062,Crystal Hunter,carol36@example.com,25,Female,Manufacturing,Asia-Pacific,51-200,Standard,2021-04-21
CUST01063,Casey Fleming,carol64@example.org,59,Male,Healthcare,North America,51-200,Standard,2019-01-07
CUST01064,Kathleen Gallegos,carol80@example.org,69,Female,Media & Communications,Australia & New Zealand,11-50,Standard,2021-01-11
CUST01065,Hannah Walls,carol86@example.net,29,Male,Healthcare,Europe,51-200,Premium,2019-11-03
CUST01066,Victoria Sawyer,carol93@example.net,37,Other,Manufacturing,North America,51-200,Standard,2019-12-13
CUST01067,Edward Long,carolgarcia@example.org,40,Female,Professional Services,North America,501-1000,Standard,2020-07-02
CUST01068,Leslie Douglas,carolinebrandt@example.org,30,Male,Technology,North America,11-50,Premium,2020-12-04
CUST01069,Jose Allen,carolinerandolph@example.com,48,Other,Technology,Australia & New Zealand,201-500,Standard,2021-11-26
CUST01070,Gary Wilkerson,carolvalencia@example.com,43,Other,Retail,North America,51-200,Free,2018-11-04
CUST01071,Isaiah Miller,carolyn49@example.org,67,Other,Technology,North America,201-500,Standard,2018-11-06
CUST01072,Jason Hernandez,carolyn66@example.net,42,Male,Manufacturing,Asia-Pacific,51-200,Free,2020-06-26
CUST01073,Ruben Lopez,carolynfigueroa@example.com,23,Male,Technology,Asia-Pacific,1000+,Standard,2020-03-01
CUST01074,Benjamin Key,carolynjackson@example.org,39,Other,Manufacturing,North America,201-500,Premium,2020-12-05
CUST01075,Richard Leonard,carolynwhite@example.net,69,Male,Professional Services,Europe,11-50,Premium,2019-07-18
CUST01076,William Kim,carpenterjessica@example.com,45,Male,Technology,Australia & New Zealand,11-50,Premium,2020-01-05
CUST01077,Claudia Phillips,carrdaniel@example.net,43,Male,Professional Services,Australia & New Zealand,11-50,Premium,2019-08-03
CUST01078,Denise Robinson,carremily@example.org,25,Other,Technology,Australia & New Zealand,201-500,Standard,2018-12-30
CUST01079,Beth Wright,carrie68@example.net,20,Male,Financial Services,Europe,201-500,Enterprise,2020-07-29
CUST01080,Christian Bates,carrie91@example.net,60,Male,Technology,Asia-Pacific,11-50,Standard,2020-07-24
CUST01081,Ronald Ramos,carriemiller@example.org,56,Other,Other,North America,201-500,Premium,2019-09-30
CUST01082,Timothy Garcia,carrieschultz@example.org,57,Female,Professional Services,Asia-Pacific,11-50,Premium,2020-01-23
CUST01083,Mr. Paul Stark,carrilloanne@example.com,54,Male,Education,Europe,201-500,Standard,2020-12-21
CUST01084,Jason Benson,carrkristi@example.org,50,Female,Technology,Europe,11-50,Free,2020-09-03
CUST01085,Marisa Obrien,carrollallison@example.com,32,Other,Technology,Europe,1000+,Free,2021-02-12
CUST01086,Eric Kennedy,carrollandrew@example.net,40,Other,Retail,Australia & New Zealand,201-500,Standard,2019-05-04
CUST01087,Autumn Mendez,carrollbrittney@example.org,41,Male,Professional Services,Asia-Pacific,11-50,Free,2021-02-13
CUST01088,Jacob Bailey,carrollemily@example.com,61,Male,Financial Services,Europe,11-50,Free,2021-04-19
CUST01089,Kimberly Smith,carrollmichael@example.com,27,Female,Technology,Other,51-200,Free,2019-07-12
CUST01090,Amanda Perry,carrollnatalie@example.org,66,Other,Media & Communications,Europe,51-200,Standard,2020-05-24
CUST01091,Rachel Young,carroyo@example.org,49,Female,Other,Australia & New Zealand,11-50,Standard,2019-04-27
CUST01092,Geoffrey Espinoza,carrseth@example.org,54,Female,Professional Services,Europe,201-500,Enterprise,2020-06-06
CUST01093,Shannon Freeman,carrwilliam@example.org,70,Female,Professional Services,Australia & New Zealand,11-50,Free,2021-06-26
CUST01094,Erica Reed,carsonjames@example.net,64,Male,Financial Services,North America,501-1000,Premium,2019-11-06
CUST01095,Charles Wright,carterchristy@example.net,48,Female,Technology,North America,1000+,Standard,2019-07-09
CUST01096,Sheila Farrell,carterdestiny@example.net,51,Male,Professional Services,Australia & New Zealand,11-50,Standard,2020-09-02
CUST01097,Christina Leonard,carterjessica@example.org,59,Other,Manufacturing,Asia-Pacific,201-500,Premium,2020-06-29
CUST01098,Grace Lambert,carterpaula@example.net,69,Male,Technology,Australia & New Zealand,1-10,Standard,2019-03-12
CUST01099,Lisa Mcdowell,carterstephanie@example.org,24,Other,Manufacturing,Asia-Pacific,501-1000,Standard,2020-07-11
CUST01100,Brooke Moore,carterthomas@example.net,66,Male,Technology,Europe,1000+,Standard,2020-01-04
CUST01101,Stephen Johnson,casekimberly@example.net,33,Other,Education,Europe,11-50,Premium,2021-08-31
CUST01102,Maria Glover,casey02@example.com,27,Female,Media & Communications,North America,1000+,Standard,2020-01-13
CUST01103,Scott Cain DVM,casey27@example.org,49,Male,Professional Services,Australia & New Zealand,51-200,Standard,2020-01-05
CUST01104,Samantha Swanson,casey46@example.org,35,Female,Manufacturing,Europe,11-50,Standard,2019-11-26
CUST01105,Jacob Frank,caseybecker@example.com,54,Other,Media & Communications,Europe,1-10,Standard,2019-12-28
CUST01106,Brian Bell,caseyroger@example.net,60,Male,Retail,North America,1-10,Free,2018-10-18
CUST01107,Samuel Clark,cassandra09@example.net,51,Other,Professional Services,Australia & New Zealand,1000+,Standard,2020-01-29
CUST01108,Lori Vega,cassandra33@example.com,52,Other,Technology,Australia & New Zealand,51-200,Standard,2020-01-29
CUST01109,Patrick Allen,cassandraalexander@example.org,46,Other,Retail,Australia & New Zealand,1000+,Standard,2020-12-23
CUST01110,Daniel Maldonado,cassandracook@example.net,27,Female,Financial Services,North America,11-50,Premium,2021-02-25
CUST01111,George Martin,cassandrahowell@example.com,30,Male,Manufacturing,Asia-Pacific,501-1000,Premium,2019-12-30
CUST01112,Elizabeth Harris,castanedaamanda@example.org,51,Male,Manufacturing,Europe,1-10,Free,2020-06-19
CUST01113,David Guzman,castanedastephanie@example.org,31,Other,Education,Australia & New Zealand,51-200,Standard,2019-05-27
CUST01114,Michael Phillips,castillochristopher@example.com,62,Other,Healthcare,Europe,1-10,Enterprise,2019-06-09
CUST01115,Brittany Woods,castillosabrina@example.org,66,Female,Healthcare,Other,51-200,Standard,2020-11-30
CUST01116,Arthur Massey,castillotheodore@example.org,21,Male,Professional Services,Europe,201-500,Premium,2018-09-11
CUST01117,Dan Dixon,castrogabriel@example.net,31,Female,Technology,North America,1000+,Standard,2019-01-07
CUST01118,Gina Wolfe,catherine13@example.com,65,Male,Professional Services,Australia & New Zealand,51-200,Free,2019-11-28
CUST01119,Chelsea Oconnor,catherine19@example.net,62,Female,Education,Europe,1-10,Premium,2019-11-14
CUST01120,Matthew Howard,catherine27@example.com,19,Male,Healthcare,Australia & New Zealand,51-200,Enterprise,2020-05-24
CUST01121,Richard Blevins,catherine71@example.net,25,Male,Healthcare,Australia & New Zealand,51-200,Standard,2019-06-27
CUST01122,William Jones IV,catherineandrews@example.net,41,Other,Technology,North America,51-200,Premium,2019-11-12
CUST01123,Gina Hull,catherineduarte@example.com,25,Other,Government & Public Sector,North America,501-1000,Standard,2018-09-19
CUST01124,Michael Lee,catherinejohnson@example.net,30,Other,Financial Services,Other,1000+,Standard,2019-10-01
CUST01125,Elizabeth Williams,cathy61@example.org,29,Female,Financial Services,Europe,501-1000,Premium,2021-10-28
CUST01126,Timothy James,cathybarry@example.com,50,Female,Technology,North America,51-200,Enterprise,2019-12-23
CUST01127,David Madden,cathywatson@example.com,35,Male,Education,Asia-Pacific,1-10,Standard,2021-05-26
CUST01128,Gina Downs,cbailey@example.org,48,Other,Government & Public Sector,Asia-Pacific,201-500,Free,2020-01-16
CUST01129,Gerald Nash,cbrown@example.com,42,Other,Healthcare,Other,1000+,Standard,2019-10-15
CUST01130,Terri Howard,cbrown@example.net,48,Female,Education,Asia-Pacific,51-200,Premium,2019-07-06
CUST01131,Troy Elliott,ccarlson@example.net,25,Female,Manufacturing,Australia & New Zealand,201-500,Standard,2019-03-01
CUST01132,Rachel Peterson,cchristian@example.com,56,Other,Other,Europe,11-50,Premium,2019-12-26
CUST01133,Ashley White,cclements@example.com,20,Other,Retail,North America,501-1000,Free,2019-08-10
CUST01134,Deborah Tanner,ccoleman@example.net,53,Female,Media & Communications,Asia-Pacific,201-500,Enterprise,2019-03-03
CUST01135,Maria Rose,ccollins@example.net,44,Female,Other,Australia & New Zealand,11-50,Standard,2020-03-16
CUST01136,David Peterson,ccrawford@example.net,18,Other,Technology,Europe,11-50,Premium,2019-10-05
CUST01137,Anthony Blackburn,cdillon@example.com,24,Other,Retail,Asia-Pacific,201-500,Premium,2020-01-06
CUST01138,Julie Walsh,cdunn@example.com,63,Other,Healthcare,Asia-Pacific,51-200,Enterprise,2019-09-14
CUST01139,Melanie Thomas,cesarmoore@example.net,39,Male,Education,North America,201-500,Premium,2021-03-22
CUST01140,David Weaver,cesarrice@example.com,68,Female,Financial Services,Australia & New Zealand,51-200,Premium,2019-09-24
CUST01141,Dr. Kim Brewer,cfarmer@example.net,19,Female,Financial Services,Asia-Pacific,501-1000,Enterprise,2019-08-02
CUST01142,Zachary Flowers,cflores@example.com,41,Male,Government & Public Sector,Asia-Pacific,501-1000,Free,2020-02-10
CUST01143,Morgan Morales,cflowers@example.net,61,Male,Government & Public Sector,North America,11-50,Standard,2021-04-17
CUST01144,Elizabeth Combs,cgarcia@example.com,58,Female,Technology,Asia-Pacific,201-500,Enterprise,2019-06-11
CUST01145,Melissa Lee,cgray@example.com,28,Male,Media & Communications,Europe,11-50,Standard,2020-10-23
CUST01146,Jeffrey Chavez,cgriffin@example.com,46,Female,Healthcare,Australia & New Zealand,201-500,Standard,2020-09-28
CUST01147,Victoria Smith,cgutierrez@example.net,59,Male,Education,Asia-Pacific,11-50,Standard,2020-08-19
CUST01148,Courtney King,chad25@example.com,34,Female,Professional Services,North America,51-200,Premium,2020-08-18
CUST01149,Tamara Jacobson,chad37@example.com,41,Male,Professional Services,Australia & New Zealand,1000+,Premium,2020-12-09
CUST01150,John Kaufman,chadcollins@example.com,60,Female,Healthcare,Europe,201-500,Standard,2020-02-22
CUST01151,James Martinez,chadoliver@example.org,61,Female,Education,Asia-Pacific,501-1000,Standard,2020-12-31
CUST01152,Jonathan Bailey,chadstephens@example.net,66,Other,Healthcare,Europe,1-10,Standard,2019-10-17
CUST01153,Danny Ramirez,chall@example.net,35,Female,Healthcare,Other,51-200,Standard,2021-02-27
CUST01154,James Smith,chamberskristin@example.org,45,Female,Other,Asia-Pacific,51-200,Free,2020-03-27
CUST01155,David Moreno,chandlerpeter@example.net,38,Male,Healthcare,North America,501-1000,Free,2019-07-28
CUST01156,Stephanie Shea,changalicia@example.org,27,Other,Technology,Europe,501-1000,Standard,2020-11-03
CUST01157,Carolyn Flores,chanjerome@example.net,48,Female,Financial Services,Australia & New Zealand,1-10,Standard,2020-07-17
CUST01158,Katherine Reed,chapmanjessica@example.net,56,Male,Retail,Asia-Pacific,51-200,Enterprise,2020-02-13
CUST01159,Jennifer Davis,charlene66@example.net,59,Female,Technology,North America,51-200,Enterprise,2020-10-05
CUST01160,Shane Davila,charleneedwards@example.com,47,Other,Education,North America,201-500,Standard,2019-12-31
CUST01161,James Evans,charleneoconnor@example.com,24,Female,Financial Services,Europe,51-200,Standard,2019-05-27
CUST01162,Diana Thomas,charles04@example.org,42,Male,Technology,North America,11-50,Premium,2019-12-25
CUST01163,Ryan Craig,charles05@example.com,33,Other,Technology,Europe,201-500,Standard,2021-02-08
CUST01164,Joshua Pollard,charles10@example.org,59,Other,Technology,Asia-Pacific,501-1000,Standard,2020-05-13
CUST01165,Meghan Sparks,charles12@example.org,55,Female,Technology,North America,51-200,Standard,2020-07-23
CUST01166,James Francis,charles15@example.org,33,Male,Government & Public Sector,Europe,51-200,Enterprise,2020-09-16
CUST01167,Heidi Ware,charles20@example.net,36,Female,Professional Services,Australia & New Zealand,1-10,Premium,2020-12-15
CUST01168,Brandon Costa,charles26@example.net,27,Male,Government & Public Sector,Europe,51-200,Free,2020-08-01
CUST01169,Kayla Harmon,charles39@example.org,28,Female,Technology,Asia-Pacific,1-10,Free,2019-04-06
CUST01170,Robert Frank,charles51@example.net,40,Male,Retail,North America,1000+,Standard,2018-11-22
CUST01171,Rhonda Austin,charles58@example.com,37,Other,Education,Australia & New Zealand,1000+,Premium,2020-07-29
CUST01172,Martin Kelley,charles60@example.com,24,Other,Retail,Australia & New Zealand,11-50,Standard,2020-09-05
CUST01173,Stuart Macdonald,charles68@example.org,61,Other,Manufacturing,Europe,501-1000,Standard,2019-12-09
CUST01174,Kelly Hunter,charles72@example.net,62,Male,Professional Services,North America,11-50,Standard,2020-09-29
CUST01175,Emily Jones,charles74@example.com,42,Male,Healthcare,Europe,11-50,Enterprise,2020-06-04
CUST01176,Lori Warren,charles80@example.com,50,Female,Financial Services,Europe,51-200,Standard,2020-10-13
CUST01177,Michael Lewis,charles92@example.org,59,Other,Media & Communications,Australia & New Zealand,51-200,Enterprise,2021-06-05
CUST01178,Cassandra Bush MD,charlescastro@example.org,62,Female,Education,Australia & New Zealand,11-50,Premium,2021-04-06
CUST01179,Regina Copeland,charlescooper@example.com,31,Other,Technology,Europe,201-500,Standard,2019-08-30
CUST01180,Taylor Griffin,charlesdominguez@example.net,55,Female,Financial Services,Australia & New Zealand,201-500,Standard,2020-09-06
CUST01181,Gabriel Bell,charlesgarcia@example.com,57,Female,Technology,Europe,51-200,Premium,2019-03-02
CUST01182,James Chen,charleshowell@example.com,53,Other,Media & Communications,North America,1-10,Standard,2021-07-14
CUST01183,David Patton,charlesli@example.org,34,Female,Professional Services,Europe,201-500,Standard,2018-10-04
CUST01184,Alicia Patterson,charlesortega@example.org,21,Male,Education,Australia & New Zealand,201-500,Free,2020-01-27
CUST01185,Alan Smith,charlesruiz@example.net,45,Female,Retail,Asia-Pacific,201-500,Premium,2020-03-30
CUST01186,Marvin Meyer,charlottecole@example.com,46,Other,Professional Services,Other,51-200,Standard,2019-10-18
CUST01187,William Price,charlotteevans@example.net,60,Female,Other,Europe,201-500,Free,2019-10-27
CUST01188,Andrew Rios,charlottefranklin@example.net,34,Female,Media & Communications,North America,51-200,Standard,2020-05-03
CUST01189,Christina Miller,charlotteschneider@example.net,28,Other,Retail,Europe,51-200,Enterprise,2019-07-17
CUST01190,Leslie Thompson,charvey@example.net,44,Other,Technology,North America,51-200,Free,2019-08-20
CUST01191,Patrick Bender,chase67@example.net,28,Other,Professional Services,Europe,501-1000,Free,2020-08-29
CUST01192,Sarah Olson,chasegrant@example.com,32,Female,Professional Services,North America,1-10,Enterprise,2021-01-02
CUST01193,Erica Nixon,chasewilkinson@example.net,45,Male,Healthcare,Europe,11-50,Enterprise,2020-05-12
CUST01194,Thomas Allen,chavezedward@example.com,23,Male,Technology,Asia-Pacific,51-200,Standard,2020-05-01
CUST01195,Jose Rogers,chavezerica@example.com,67,Female,Technology,Australia & New Zealand,11-50,Free,2019-01-11
CUST01196,Julie Brown,chavezjoseph@example.com,39,Other,Media & Communications,Europe,1-10,Premium,2020-07-07
CUST01197,Derrick Freeman,chavezronald@example.com,23,Male,Professional Services,North America,11-50,Standard,2020-12-18
CUST01198,Jason Barton,chaynes@example.net,58,Female,Financial Services,Asia-Pacific,1000+,Premium,2020-03-17
CUST01199,Justin Barnett,chelsea47@example.org,60,Male,Technology,Other,1-10,Enterprise,2020-04-22
CUST01200,Eric Rodriguez,chelsea71@example.org,34,Female,Technology,North America,201-500,Standard,2021-05-01
CUST01201,Renee White,chelsea84@example.org,42,Other,Professional Services,Europe,501-1000,Premium,2021-03-27
CUST01202,Mark Williams,chelseagreene@example.com,47,Other,Education,Australia & New Zealand,11-50,Standard,2019-05-29
CUST01203,Eric Bentley,chelseaturner@example.com,19,Female,Other,North America,51-200,Standard,2019-06-30
CUST01204,Robert Meza,chelseygarcia@example.net,29,Female,Healthcare,Europe,51-200,Premium,2020-10-30
CUST01205,Christopher Sanchez,chenderek@example.com,48,Other,Financial Services,Europe,11-50,Premium,2021-04-27
CUST01206,Megan Morgan,chenraymond@example.org,47,Female,Healthcare,Asia-Pacific,51-200,Standard,2019-03-03
CUST01207,Leah Davis,chenrebecca@example.net,47,Male,Technology,North America,11-50,Free,2020-07-12
CUST01208,Jessica Chase,chentimothy@example.com,31,Other,Media & Communications,North America,1000+,Free,2020-08-21
CUST01209,Lisa Cantrell,cheryl25@example.net,68,Female,Professional Services,Europe,11-50,Standard,2019-02-10
CUST01210,Robert Edwards,cheryl58@example.org,57,Other,Healthcare,North America,1000+,Enterprise,2020-11-28
CUST01211,Heather Peterson,cheryl76@example.org,21,Female,Other,Asia-Pacific,1000+,Premium,2019-03-20
CUST01212,Christopher Scott,cherylcastillo@example.org,42,Male,Other,Asia-Pacific,51-200,Free,2019-01-03
CUST01213,Katie Jordan,cherylharris@example.com,47,Female,Retail,North America,11-50,Premium,2019-04-10
CUST01214,Brad Henderson,cheryljenkins@example.com,50,Male,Technology,Europe,201-500,Free,2021-03-14
CUST01215,Elizabeth Miller,cherylross@example.org,38,Female,Technology,Australia & New Zealand,1-10,Standard,2021-02-18
CUST01216,Tina Martinez,chicks@example.net,41,Female,Financial Services,Europe,501-1000,Standard,2020-05-27
CUST01217,Kelly Page,chloe63@example.com,42,Female,Technology,Asia-Pacific,1000+,Standard,2020-08-18
CUST01218,Jessica Willis,chloegarcia@example.net,58,Other,Financial Services,Asia-Pacific,201-500,Standard,2019-01-07
CUST01219,Jeffrey Luna,choijessica@example.com,64,Male,Government & Public Sector,Europe,51-200,Standard,2020-11-30
CUST01220,Edward Baker,choikathleen@example.net,42,Other,Financial Services,Other,51-200,Standard,2020-06-05
CUST01221,Kimberly Nguyen,chris83@example.org,61,Other,Professional Services,Europe,201-500,Premium,2019-12-22
CUST01222,Jeffrey Campbell PhD,christensenjulia@example.net,51,Male,Manufacturing,Asia-Pacific,501-1000,Standard,2020-05-21
CUST01223,Lisa Logan,christian83@example.net,59,Other,Media & Communications,Asia-Pacific,11-50,Free,2021-07-30
CUST01224,Heather Curtis,christian99@example.com,37,Female,Professional Services,Australia & New Zealand,51-200,Standard,2019-10-19
CUST01225,Dawn Randolph,christianfreeman@example.net,59,Female,Education,Asia-Pacific,11-50,Enterprise,2019-06-29
CUST01226,Joshua Henderson,christianhoffman@example.org,60,Female,Retail,Europe,501-1000,Free,2020-05-29
CUST01227,Megan Marks,christina07@example.net,28,Other,Healthcare,Asia-Pacific,1000+,Standard,2019-08-26
CUST01228,Ebony Wilson,christina10@example.net,41,Other,Technology,Asia-Pacific,201-500,Standard,2019-12-21
CUST01229,Bradley Harper,christina33@example.org,31,Male,Media & Communications,Asia-Pacific,1000+,Premium,2019-12-18
CUST01230,Ronald Moore,christina34@example.com,29,Other,Technology,Australia & New Zealand,51-200,Premium,2020-03-05
CUST01231,Rachael Adams,christina46@example.org,41,Female,Retail,Australia & New Zealand,501-1000,Enterprise,2020-05-11
CUST01232,Edward Nguyen,christina62@example.com,63,Male,Other,Asia-Pacific,51-200,Premium,2019-06-11
CUST01233,Melanie Mcclure,christina64@example.net,38,Female,Technology,Australia & New Zealand,51-200,Standard,2020-03-20
CUST01234,Victoria Lowe,christina68@example.com,61,Female,Media & Communications,Asia-Pacific,201-500,Free,2021-07-06
CUST01235,Yvette Smith,christina79@example.org,38,Female,Professional Services,Australia & New Zealand,201-500,Standard,2019-07-14
CUST01236,Nicholas Chapman,christina86@example.net,34,Female,Financial Services,North America,1000+,Free,2019-12-16
CUST01237,Jacob Hale,christina90@example.com,20,Other,Education,Asia-Pacific,11-50,Premium,2020-10-07
CUST01238,John Alvarez,christina93@example.com,51,Other,Technology,Asia-Pacific,501-1000,Premium,2021-06-24
CUST01239,Angela Nelson,christina96@example.com,27,Other,Professional Services,North America,11-50,Standard,2019-05-21
CUST01240,Ronald Ramirez,christinabryant@example.net,41,Other,Retail,Other,1000+,Premium,2020-12-23
CUST01241,Olivia Knight,christinadominguez@example.net,33,Other,Media & Communications,Europe,11-50,Enterprise,2020-03-19
CUST01242,Mr. Brian Thompson,christinaharrison@example.net,20,Male,Manufacturing,Asia-Pacific,11-50,Standard,2019-05-01
CUST01243,Tanya Smith,christinahernandez@example.org,48,Female,Government & Public Sector,North America,201-500,Enterprise,2019-11-21
CUST01244,Ashley Hall,christinahicks@example.com,20,Female,Education,North America,201-500,Standard,2021-05-18
CUST01245,Amy Norton,christinaoliver@example.com,54,Female,Government & Public Sector,North America,1000+,Standard,2021-05-17
CUST01246,Michael Morris,christinapowell@example.org,28,Male,Government & Public Sector,Europe,1-10,Premium,2020-08-03
CUST01247,Michelle Silva,christinasanchez@example.com,61,Female,Education,Australia & New Zealand,51-200,Premium,2019-11-05
CUST01248,Mr. Miguel Brown,christinashaw@example.net,47,Other,Technology,North America,51-200,Standard,2019-10-08
CUST01249,Manuel Cook,christinavincent@example.net,45,Male,Professional Services,Asia-Pacific,1-10,Standard,2021-01-27
CUST01250,Jennifer Roberts,christine34@example.org,61,Male,Media & Communications,North America,51-200,Premium,2020-09-22
CUST01251,Amanda Walsh,christine36@example.net,61,Female,Retail,North America,201-500,Enterprise,2020-05-20
CUST01252,Robert Carroll,christine38@example.com,50,Other,Technology,North America,501-1000,Enterprise,2021-02-22
CUST01253,Robert Johnson,christine65@example.org,24,Female,Manufacturing,Australia & New Zealand,51-200,Standard,2020-02-22
CUST01254,Joseph Mata,christine74@example.org,51,Other,Retail,Australia & New Zealand,201-500,Standard,2020-06-29
CUST01255,Suzanne Harris,christine88@example.net,46,Male,Technology,Other,51-200,Enterprise,2020-08-18
CUST01256,Matthew Welch,christineadams@example.com,45,Male,Manufacturing,North America,1-10,Standard,2018-11-10
CUST01257,William Shaw,christinebrown@example.net,28,Female,Education,Australia & New Zealand,11-50,Standard,2021-08-09
CUST01258,Renee Parks,christinecooley@example.net,44,Other,Professional Services,Australia & New Zealand,1-10,Premium,2020-12-17
CUST01259,Kathy Parker,christinedavidson@example.org,41,Other,Education,Europe,11-50,Standard,2020-01-13
CUST01260,Angela Garcia,christinejohnson@example.com,41,Male,Education,North America,1-10,Standard,2019-11-09
CUST01261,Lisa Miller,christinelewis@example.com,26,Male,Other,Australia & New Zealand,501-1000,Enterprise,2020-08-28
CUST01262,Linda Owens,christinemolina@example.net,18,Other,Healthcare,Europe,201-500,Premium,2019-11-03
CUST01263,Laura Johnson,christinepeters@example.net,66,Other,Financial Services,Europe,11-50,Premium,2018-12-01
CUST01264,Yvonne Garcia,christinepoole@example.com,66,Male,Professional Services,Asia-Pacific,11-50,Enterprise,2019-08-30
CUST01265,Christopher Ellis,christinerichards@example.net,69,Male,Technology,North America,501-1000,Free,2020-08-28
CUST01266,Ronnie Berry,christinerivera@example.com,64,Other,Professional Services,Europe,1000+,Free,2020-07-24
CUST01267,Louis Sanchez,christopher18@example.net,64,Other,Media & Communications,Australia & New Zealand,201-500,Premium,2020-10-20
CUST01268,Caitlin Harper,christopher23@example.com,69,Female,Professional Services,Europe,201-500,Premium,2021-01-20
CUST01269,Meagan Jones,christopher29@example.net,21,Other,Media & Communications,Asia-Pacific,1000+,Free,2020-10-12
CUST01270,Carol Gallagher,christopher34@example.net,59,Male,Professional Services,Australia & New Zealand,51-200,Premium,2020-01-18
CUST01271,John Huber DDS,christopher39@example.com,62,Male,Retail,Other,1-10,Standard,2020-09-03
CUST01272,Chloe Lang,christopher40@example.com,67,Other,Technology,North America,51-200,Free,2020-05-24
CUST01273,Michael Erickson,christopher42@example.com,65,Female,Technology,Australia & New Zealand,51-200,Free,2019-02-19
CUST01274,Elizabeth Schmitt,christopher42@example.net,47,Female,Professional Services,Europe,501-1000,Premium,2020-10-06
CUST01275,Angela Conner,christopher43@example.org,37,Other,Government & Public Sector,Australia & New Zealand,51-200,Standard,2019-09-18
CUST01276,Marilyn Ford,christopher50@example.com,54,Other,Healthcare,Europe,501-1000,Standard,2019-11-13
CUST01277,Elizabeth Berg,christopher56@example.net,54,Female,Financial Services,Australia & New Zealand,1000+,Free,2020-09-28
CUST01278,Lisa White,christopher57@example.net,39,Male,Financial Services,Other,11-50,Premium,2019-03-05
CUST01279,Cynthia Simmons,christopher59@example.com,23,Male,Technology,Asia-Pacific,11-50,Premium,2019-03-30
CUST01280,Mark Barnes,christopher65@example.com,57,Male,Retail,Asia-Pacific,51-200,Standard,2020-04-20
CUST01281,Jason Bradford,christopher65@example.net,65,Male,Other,Europe,201-500,Standard,2019-04-25
CUST01282,David Lee,christopher67@example.net,46,Female,Retail,Asia-Pacific,501-1000,Premium,2020-07-04
CUST01283,Stephen Green,christopher69@example.net,65,Other,Media & Communications,Australia & New Zealand,201-500,Premium,2019-09-18
CUST01284,Stephanie Flores,christopher88@example.net,34,Male,Professional Services,Australia & New Zealand,1-10,Standard,2019-01-24
CUST01285,Anna Harris,christopher90@example.org,67,Other,Media & Communications,North America,1-10,Free,2020-04-29
CUST01286,William Stewart,christopheranderson@example.org,50,Female,Education,Europe,201-500,Standard,2021-01-18
CUST01287,Connie Ferguson,christopherbarnett@example.net,35,Female,Healthcare,Australia & New Zealand,201-500,Free,2020-06-01
CUST01288,Richard Keller,christopherberger@example.net,32,Other,Financial Services,North America,201-500,Standard,2020-03-18
CUST01289,Raven Hodges,christophercarpenter@example.com,59,Female,Healthcare,Europe,51-200,Standard,2019-08-03
CUST01290,Shannon Bishop,christopherchristensen@example.org,21,Male,Financial Services,Australia & New Zealand,51-200,Free,2019-11-30
CUST01291,Daniel Mullins,christopherclark@example.net,26,Male,Professional Services,North America,201-500,Premium,2019-09-09
CUST01292,Tammy Stevenson,christopherconley@example.net,63,Female,Financial Services,Europe,11-50,Premium,2021-01-02
CUST01293,Ms. Tiffany Jackson DDS,christopherdiaz@example.com,54,Other,Professional Services,Europe,501-1000,Enterprise,2019-08-18
CUST01294,David Hutchinson,christopherdixon@example.net,56,Male,Financial Services,Australia & New Zealand,11-50,Standard,2020-04-09
CUST01295,William Gomez,christopherforbes@example.org,34,Other,Retail,Europe,51-200,Premium,2019-10-29
CUST01296,Jonathan Flowers,christopherglover@example.net,57,Other,Retail,North America,501-1000,Premium,2021-04-17
CUST01297,Gwendolyn Fisher,christophergutierrez@example.net,28,Male,Financial Services,Asia-Pacific,11-50,Standard,2020-01-14
CUST01298,Amanda Suarez,christopherharris@example.com,65,Male,Media & Communications,Europe,11-50,Standard,2019-05-03
CUST01299,Edward Hughes,christopherhickman@example.org,59,Female,Healthcare,Europe,51-200,Standard,2021-03-27
CUST01300,Derek Tucker,christopherlewis@example.com,51,Female,Other,Australia & New Zealand,1-10,Enterprise,2021-03-15
CUST01301,Scott Day,christopherlewis@example.net,50,Female,Manufacturing,Europe,51-200,Premium,2020-07-21
CUST01302,Valerie Burke,christophermays@example.net,26,Female,Other,Australia & New Zealand,1-10,Standard,2020-09-14
CUST01303,Sarah Freeman,christophermiller@example.net,58,Other,Government & Public Sector,Asia-Pacific,201-500,Standard,2020-05-09
CUST01304,Michael Carlson,christophermorrow@example.org,46,Male,Government & Public Sector,Australia & New Zealand,201-500,Premium,2020-07-27
CUST01305,Brittany Campbell,christopheroliver@example.com,31,Male,Other,Europe,1-10,Premium,2020-10-09
CUST01306,Andrea Madden,christopherpeterson@example.com,44,Male,Other,Other,501-1000,Standard,2019-04-27
CUST01307,Dr. Angela George,christophersantiago@example.org,62,Male,Professional Services,Australia & New Zealand,51-200,Premium,2018-09-02
CUST01308,Lori Hess,christopherschwartz@example.org,18,Female,Technology,Australia & New Zealand,11-50,Standard,2020-04-22
CUST01309,Glenn Brown,christophertaylor@example.org,47,Other,Government & Public Sector,Europe,201-500,Standard,2020-01-13
CUST01310,James Ross,christopherwelch@example.com,26,Female,Professional Services,Australia & New Zealand,51-200,Standard,2021-02-05
CUST01311,Jacqueline Porter,christopherwhite@example.com,57,Male,Manufacturing,North America,11-50,Premium,2020-06-09
CUST01312,Michael Dudley,christopheryoung@example.net,48,Female,Other,North America,11-50,Premium,2020-01-25
CUST01313,Savannah Collins,christy59@example.org,56,Female,Retail,Australia & New Zealand,1-10,Free,2020-07-07
CUST01314,Emily Hayes,chriswest@example.com,57,Other,Financial Services,Asia-Pacific,201-500,Premium,2019-11-12
CUST01315,Jessica Pham,chudson@example.org,66,Male,Healthcare,Asia-Pacific,201-500,Free,2020-05-31
CUST01316,Joshua Thompson,cindy05@example.org,34,Male,Manufacturing,Europe,51-200,Standard,2020-10-26
CUST01317,Jonathan Hines,cindy06@example.com,36,Other,Technology,North America,501-1000,Free,2019-08-25
CUST01318,Karen Johnson,cindy14@example.com,31,Female,Manufacturing,Asia-Pacific,501-1000,Enterprise,2019-10-08
CUST01319,Annette Morales,cindy50@example.com,27,Female,Healthcare,North America,501-1000,Premium,2020-03-14
CUST01320,Kevin Crawford,cindy50@example.org,39,Male,Government & Public Sector,North America,1000+,Free,2021-09-08
CUST01321,Isabella Lewis,cindy54@example.com,70,Other,Professional Services,Asia-Pacific,51-200,Standard,2019-12-28
CUST01322,Zachary Weiss,cindy89@example.org,19,Female,Government & Public Sector,North America,501-1000,Free,2021-02-01
CUST01323,Kimberly Patel,cindycastillo@example.net,34,Female,Technology,North America,201-500,Standard,2019-12-22
CUST01324,Rebecca Mendez,cindyjohnson@example.net,44,Female,Healthcare,Other,11-50,Premium,2019-12-16
CUST01325,Kevin Keith,cjohnson@example.com,56,Male,Government & Public Sector,Australia & New Zealand,1-10,Standard,2020-07-27
CUST01326,Justin Mcconnell,cjones@example.net,68,Male,Retail,Australia & New Zealand,11-50,Enterprise,2020-06-02
CUST01327,Ashley Stevens,ckelley@example.com,60,Other,Technology,Asia-Pacific,51-200,Standard,2021-01-26
CUST01328,Jenna Carroll,ckramer@example.net,25,Female,Other,Australia & New Zealand,201-500,Free,2019-07-21
CUST01329,John Pittman Jr.,claire07@example.com,44,Other,Retail,Australia & New Zealand,201-500,Standard,2019-08-02
CUST01330,Ricky Green,clarence80@example.net,25,Other,Financial Services,North America,1000+,Premium,2019-06-25
CUST01331,Shawna Shepherd,clarencecompton@example.org,62,Female,Government & Public Sector,Australia & New Zealand,501-1000,Free,2020-12-23
CUST01332,Michael Miller,clarencefranklin@example.com,32,Male,Manufacturing,Europe,1-10,Enterprise,2020-06-23
CUST01333,Edward Bush,clarkadrian@example.org,37,Other,Government & Public Sector,Asia-Pacific,1000+,Standard,2018-11-19
CUST01334,Natalie Smith,clarkamber@example.org,18,Male,Retail,Australia & New Zealand,1-10,Premium,2021-02-19
CUST01335,Jessica Rios,clarkeashley@example.com,42,Female,Financial Services,North America,11-50,Standard,2019-12-07
CUST01336,Suzanne Hart,clarkemarcus@example.org,47,Female,Retail,Other,51-200,Premium,2019-05-06
CUST01337,Felicia Jordan,clarkjason@example.com,46,Female,Education,Other,51-200,Standard,2019-10-30
CUST01338,Kelly Williams,clarkjason@example.net,33,Female,Education,Australia & New Zealand,51-200,Premium,2019-05-05
CUST01339,Sandra Allen,clarkjason@example.org,30,Other,Technology,Europe,51-200,Standard,2019-03-15
CUST01340,James Forbes,clarkjenna@example.com,70,Male,Financial Services,Asia-Pacific,501-1000,Standard,2019-06-05
CUST01341,Brian Grant,clarklinda@example.net,18,Female,Financial Services,Europe,51-200,Premium,2020-03-28
CUST01342,Nathan Phillips,clarkthomas@example.net,27,Male,Technology,Asia-Pacific,1-10,Premium,2020-04-02
CUST01343,Thomas Mitchell,clarktoni@example.net,68,Male,Professional Services,Other,51-200,Premium,2020-01-25
CUST01344,David Velez,claydonna@example.org,37,Other,Professional Services,Asia-Pacific,501-1000,Enterprise,2019-03-23
CUST01345,Beth Gonzales,claytoncheryl@example.net,37,Other,Healthcare,Asia-Pacific,11-50,Enterprise,2020-09-01
CUST01346,Mark Vazquez,claytoncole@example.net,27,Male,Education,Asia-Pacific,1-10,Enterprise,2020-06-27
CUST01347,Lydia Anderson,clee@example.org,49,Male,Education,North America,51-200,Standard,2020-06-22
CUST01348,Joshua Young,clewis@example.com,35,Female,Technology,Australia & New Zealand,1000+,Standard,2018-11-29
CUST01349,Amy Rodriguez,clifford26@example.com,53,Female,Financial Services,Europe,501-1000,Free,2019-06-24
CUST01350,Daniel Rodriguez,cliffordwright@example.org,36,Female,Professional Services,North America,201-500,Enterprise,2019-06-07
CUST01351,Brenda Thomas,clinton01@example.net,64,Female,Technology,Australia & New Zealand,201-500,Free,2019-10-02
CUST01352,William Dawson,clopez@example.com,27,Male,Financial Services,Asia-Pacific,51-200,Standard,2019-08-13
CUST01353,Anthony Barnes,clopez@example.net,19,Female,Professional Services,Asia-Pacific,51-200,Premium,2020-06-13
CUST01354,Anna Williams,cmartin@example.com,33,Female,Financial Services,North America,51-200,Premium,2019-11-18
CUST01355,Christine Cain,cmay@example.com,23,Male,Financial Services,Asia-Pacific,1000+,Enterprise,2020-01-09
CUST01356,Allison Nicholson,cmaynard@example.com,30,Female,Media & Communications,Europe,1000+,Standard,2020-10-23
CUST01357,Cynthia Edwards,cmclean@example.com,47,Female,Professional Services,Other,11-50,Free,2020-06-26
CUST01358,Mark Chandler DDS,cmeyers@example.com,60,Male,Professional Services,Europe,11-50,Premium,2019-12-28
CUST01359,Maria Welch,cmiller@example.com,44,Female,Media & Communications,Asia-Pacific,11-50,Premium,2021-02-22
CUST01360,Kevin Jimenez,cmiller@example.net,43,Female,Media & Communications,North America,201-500,Standard,2018-09-24
CUST01361,Michael Young,cmiller@example.org,60,Female,Healthcare,Australia & New Zealand,51-200,Standard,2021-03-27
CUST01362,Eric Howell,cmiranda@example.net,32,Female,Retail,North America,11-50,Premium,2020-01-13
CUST01363,Jonathan Mcdonald,cmoran@example.org,30,Male,Technology,Europe,11-50,Premium,2020-06-23
CUST01364,Rhonda Fox,cnelson@example.org,30,Female,Manufacturing,North America,201-500,Free,2019-09-08
CUST01365,Patricia Crawford,cobbdaniel@example.net,21,Female,Retail,Europe,51-200,Standard,2019-04-17
CUST01366,Billy Prince,cochranmichael@example.com,57,Female,Other,North America,501-1000,Premium,2019-04-30
CUST01367,Jamie Nelson,cody03@example.org,41,Male,Technology,Other,201-500,Premium,2020-03-21
CUST01368,Amanda Sanchez,cody33@example.com,30,Male,Technology,Australia & New Zealand,51-200,Standard,2020-04-15
CUST01369,Richard Brown,cody37@example.com,64,Other,Government & Public Sector,Australia & New Zealand,1-10,Enterprise,2020-03-02
CUST01370,Michael Richards,cody61@example.net,42,Male,Professional Services,Australia & New Zealand,51-200,Free,2020-05-24
CUST01371,James Johnson,codyklein@example.net,63,Female,Other,North America,51-200,Premium,2020-09-20
CUST01372,David Scott,coffeyscott@example.org,40,Female,Media & Communications,Europe,51-200,Standard,2020-07-01
CUST01373,Brittany Chapman,cohengabriela@example.com,39,Female,Financial Services,Asia-Pacific,51-200,Premium,2019-10-24
CUST01374,Sarah Whitaker,colechristopher@example.com,57,Other,Retail,North America,11-50,Premium,2018-11-30
CUST01375,Danielle Hardy,colechristopher@example.org,19,Female,Professional Services,Australia & New Zealand,11-50,Standard,2020-04-15
CUST01376,Jamie Snyder,colemanalex@example.com,55,Other,Manufacturing,Australia & New Zealand,11-50,Free,2021-01-20
CUST01377,Samuel Hines,colemanmichael@example.org,25,Female,Retail,North America,501-1000,Premium,2020-02-21
CUST01378,Regina Armstrong,colerobert@example.com,32,Male,Healthcare,Europe,201-500,Standard,2020-12-04
CUST01379,Heather Gardner,colinhodges@example.net,41,Female,Financial Services,Australia & New Zealand,51-200,Enterprise,2020-08-27
CUST01380,Daniel Nguyen,colleen76@example.net,62,Other,Technology,North America,51-200,Enterprise,2020-02-16
CUST01381,Nicole Gonzalez,colleen89@example.net,58,Female,Professional Services,North America,11-50,Premium,2018-12-22
CUST01382,Shelby James,colleencline@example.com,46,Other,Healthcare,Europe,201-500,Premium,2020-11-07
CUST01383,Roger Mason,colleenking@example.org,37,Female,Government & Public Sector,Europe,51-200,Standard,2020-01-18
CUST01384,Ricky Miller,colleenwilson@example.org,37,Other,Financial Services,North America,1-10,Free,2019-10-18
CUST01385,Danielle Richardson,collin34@example.net,54,Other,Education,North America,51-200,Premium,2019-07-19
CUST01386,Kelly Rodriguez,collin87@example.com,43,Female,Government & Public Sector,North America,11-50,Standard,2019-04-14
CUST01387,Lisa Smith,collinscarrie@example.org,44,Other,Financial Services,Europe,1-10,Enterprise,2019-05-27
CUST01388,Laura Neal,collinsdavid@example.com,41,Female,Healthcare,North America,51-200,Enterprise,2019-03-18
CUST01389,Terry Johnson,collinsheather@example.org,46,Other,Government & Public Sector,Europe,51-200,Enterprise,2019-01-09
CUST01390,Debra Brown,collinssarah@example.com,58,Male,Retail,North America,11-50,Standard,2020-11-19
CUST01391,Amy Crosby,collinssteven@example.org,23,Male,Technology,Australia & New Zealand,1000+,Standard,2020-01-10
CUST01392,Kelsey Allen,combselizabeth@example.net,29,Other,Healthcare,Europe,201-500,Premium,2020-03-29
CUST01393,Erik Walker,combssuzanne@example.org,30,Male,Technology,North America,11-50,Standard,2020-12-16
CUST01394,Rose Cruz,comptonjeremy@example.net,65,Female,Financial Services,Other,201-500,Standard,2020-05-13
CUST01395,Jessica Potts,conleykenneth@example.net,52,Other,Government & Public Sector,Australia & New Zealand,51-200,Free,2019-04-02
CUST01396,Bradley Friedman,conleytheresa@example.net,33,Female,Healthcare,Australia & New Zealand,1000+,Enterprise,2021-04-17
CUST01397,Michelle Johnson,connerjanice@example.com,29,Other,Financial Services,Europe,11-50,Premium,2021-01-11
CUST01398,Jamie Stevens,connie09@example.org,55,Other,Healthcare,North America,201-500,Premium,2019-06-07
CUST01399,William Meza,connie52@example.com,21,Male,Retail,North America,201-500,Standard,2020-04-01
CUST01400,Kelly Silva,connie65@example.com,24,Male,Media & Communications,North America,201-500,Premium,2019-04-28
CUST01401,Jessica Williams,connieali@example.com,60,Other,Healthcare,Australia & New Zealand,1-10,Premium,2019-01-07
CUST01402,Jennifer Jackson,conniehobbs@example.com,56,Other,Manufacturing,North America,1000+,Enterprise,2020-03-12
CUST01403,Erica Reyes,connor65@example.org,31,Male,Healthcare,North America,51-200,Premium,2020-08-22
CUST01404,Norman Randolph,connor77@example.org,63,Male,Technology,Europe,51-200,Free,2020-07-19
CUST01405,Cynthia Fox,connor86@example.org,49,Other,Education,Other,11-50,Free,2019-05-22
CUST01406,Corey Barnes,conradelizabeth@example.org,33,Female,Technology,Australia & New Zealand,1000+,Premium,2018-12-23
CUST01407,Angel Jackson,conradstacy@example.org,20,Male,Financial Services,North America,51-200,Premium,2021-07-04
CUST01408,Adam Booth,contrerasadam@example.com,68,Other,Financial Services,Australia & New Zealand,11-50,Premium,2020-11-21
CUST01409,Jennifer Flowers,conwaywendy@example.org,37,Other,Education,North America,11-50,Standard,2021-04-03
CUST01410,Alyssa Bush,cookabigail@example.net,64,Male,Professional Services,Other,501-1000,Premium,2019-08-22
CUST01411,Brandon May,cookdavid@example.com,21,Female,Financial Services,Australia & New Zealand,1000+,Free,2021-07-15
CUST01412,Jessica Sandoval,cookmichelle@example.com,28,Female,Manufacturing,Asia-Pacific,11-50,Standard,2020-10-28
CUST01413,Robin Thomas,cooktravis@example.net,33,Female,Technology,Europe,1000+,Premium,2021-10-16
CUST01414,Kenneth Burnett,cooperashley@example.com,39,Other,Education,Australia & New Zealand,201-500,Standard,2020-09-25
CUST01415,Sarah Jarvis,cooperchristopher@example.net,29,Other,Retail,North America,11-50,Free,2020-03-03
CUST01416,Carrie Wise,coopergloria@example.net,70,Female,Technology,Australia & New Zealand,51-200,Premium,2020-05-10
CUST01417,Susan Stewart,cooperjesse@example.org,29,Female,Education,North America,51-200,Standard,2020-08-08
CUST01418,Michael Baker,cooperjustin@example.com,56,Other,Professional Services,North America,51-200,Premium,2021-03-26
CUST01419,Melissa Weiss,cooperkerri@example.net,36,Male,Manufacturing,Asia-Pacific,51-200,Standard,2021-01-27
CUST01420,Ryan Murillo,coopermaria@example.org,70,Other,Technology,Europe,501-1000,Standard,2021-05-29
CUST01421,Johnny Mitchell,cooperrobert@example.net,28,Female,Technology,North America,1-10,Premium,2020-09-28
CUST01422,Jennifer Bryan,cooperthomas@example.com,37,Other,Education,Australia & New Zealand,51-200,Premium,2020-05-04
CUST01423,Kevin Maldonado,cordovajudy@example.net,18,Female,Healthcare,Australia & New Zealand,1000+,Standard,2020-10-10
CUST01424,Jessica Bentley,cordovaruth@example.net,70,Female,Manufacturing,North America,501-1000,Free,2020-07-17
CUST01425,Christopher Hughes,cordovastephanie@example.com,59,Male,Education,North America,1000+,Premium,2019-07-11
CUST01426,Katie Miller,corey15@example.org,49,Female,Other,Asia-Pacific,51-200,Premium,2018-08-20
CUST01427,Timothy Brown,corey21@example.net,18,Other,Healthcare,Asia-Pacific,51-200,Free,2020-06-10
CUST01428,Jacqueline Hanson,corey90@example.net,41,Other,Other,Australia & New Zealand,51-200,Free,2020-01-02
CUST01429,Kathleen Graves,coreymcmillan@example.net,64,Other,Manufacturing,Asia-Pacific,201-500,Enterprise,2020-02-19
CUST01430,Luis Williams,coreynunez@example.org,42,Male,Government & Public Sector,Australia & New Zealand,1000+,Enterprise,2020-11-26
CUST01431,Kevin Morgan,cortega@example.net,34,Male,Technology,Australia & New Zealand,11-50,Enterprise,2021-06-23
CUST01432,Karen Hill,cory75@example.org,38,Female,Government & Public Sector,North America,11-50,Standard,2020-12-29
CUST01433,Henry Carr,costachristina@example.net,46,Female,Healthcare,Australia & New Zealand,501-1000,Free,2019-12-22
CUST01434,Lauren Glover,courtneygriffin@example.org,62,Male,Technology,Asia-Pacific,1-10,Free,2020-01-01
CUST01435,James Garcia,courtneyjames@example.com,36,Female,Technology,Asia-Pacific,51-200,Premium,2020-05-08
CUST01436,Stacey Burns,courtneyjones@example.org,66,Other,Technology,Other,11-50,Premium,2020-06-11
CUST01437,Jasmin Dougherty,courtneylewis@example.org,33,Female,Education,Europe,1-10,Premium,2020-09-12
CUST01438,Jacqueline Johnson,courtneymartinez@example.org,23,Other,Technology,Australia & New Zealand,501-1000,Premium,2019-07-02
CUST01439,Glen Cox,courtneysimmons@example.com,46,Female,Professional Services,Asia-Pacific,51-200,Standard,2019-06-27
CUST01440,Charles Callahan,courtneysingh@example.com,70,Female,Technology,Europe,11-50,Premium,2020-03-18
CUST01441,Mr. Christopher Martinez,cowanfrank@example.net,49,Other,Technology,Europe,51-200,Enterprise,2020-11-08
CUST01442,Kathryn Thompson,cowanrobert@example.com,22,Other,Technology,North America,501-1000,Standard,2019-02-03
CUST01443,Kevin Mueller,coxaaron@example.net,51,Male,Technology,North America,501-1000,Standard,2019-01-07
CUST01444,Linda Johnson,coxalexandra@example.net,31,Male,Government & Public Sector,Europe,1-10,Standard,2019-08-06
CUST01445,Rodney Butler,coxaustin@example.net,45,Other,Healthcare,Asia-Pacific,51-200,Standard,2020-07-22
CUST01446,Andrew Smith,coxbrandon@example.org,41,Female,Retail,North America,51-200,Premium,2019-11-12
CUST01447,Kurt Freeman,coxdaniel@example.net,30,Other,Other,Australia & New Zealand,201-500,Standard,2020-11-06
CUST01448,Brandon Hernandez,coxjanet@example.org,70,Other,Retail,North America,1-10,Enterprise,2019-06-08
CUST01449,Dr. Brittany Mcfarland,coxsara@example.com,56,Other,Government & Public Sector,Australia & New Zealand,11-50,Enterprise,2020-06-02
CUST01450,Sarah Shields,cpacheco@example.net,48,Female,Healthcare,Asia-Pacific,51-200,Premium,2019-09-11
CUST01451,Richard Williams,cpeterson@example.com,48,Female,Professional Services,Other,201-500,Standard,2021-06-05
CUST01452,Kelsey Watson,cprice@example.org,22,Male,Healthcare,North America,11-50,Enterprise,2021-01-08
CUST01453,James Franco,cpugh@example.org,38,Male,Professional Services,Europe,51-200,Standard,2019-06-13
CUST01454,Lisa Morgan,craig54@example.com,52,Male,Technology,Australia & New Zealand,201-500,Premium,2019-11-06
CUST01455,Haley Hanson,craig85@example.org,56,Female,Technology,Europe,51-200,Standard,2020-09-03
CUST01456,Sheila Wilson,craigcook@example.net,34,Other,Government & Public Sector,Europe,1-10,Premium,2020-11-22
CUST01457,Gloria Gonzalez,craighunt@example.com,33,Other,Professional Services,Australia & New Zealand,201-500,Free,2020-03-22
CUST01458,Diane Lewis,craigjohn@example.com,47,Male,Manufacturing,Asia-Pacific,51-200,Premium,2019-05-26
CUST01459,Toni Callahan,craigmckenzie@example.net,36,Male,Professional Services,Australia & New Zealand,51-200,Standard,2019-06-26
CUST01460,April Mcdaniel,craignorman@example.net,53,Other,Technology,North America,201-500,Free,2020-07-01
CUST01461,Amanda Brown,craigortega@example.com,52,Other,Retail,Australia & New Zealand,501-1000,Premium,2019-04-12
CUST01462,Meghan Jones,craigromero@example.net,38,Male,Technology,Australia & New Zealand,1-10,Enterprise,2020-09-16
CUST01463,David Romero,cramirez@example.net,61,Female,Healthcare,North America,11-50,Standard,2020-01-03
CUST01464,Anne Ramsey,cramsey@example.org,63,Male,Professional Services,Australia & New Zealand,11-50,Standard,2021-02-11
CUST01465,Brandi Allen,craneduane@example.net,44,Other,Media & Communications,Other,51-200,Standard,2021-04-04
CUST01466,Jessica Lewis,crawfordjamie@example.com,27,Female,Technology,Europe,1000+,Free,2020-08-21
CUST01467,Joseph Smith,crawfordjulian@example.net,44,Female,Technology,Australia & New Zealand,201-500,Enterprise,2018-08-10
CUST01468,Matthew Sanders,cromero@example.org,21,Other,Technology,Asia-Pacific,51-200,Premium,2020-07-28
CUST01469,John Blevins,crosbymonica@example.org,47,Other,Other,Asia-Pacific,1000+,Standard,2020-03-24
CUST01470,Nathan Smith,crosbyshawn@example.com,51,Female,Financial Services,Australia & New Zealand,201-500,Free,2019-12-29
CUST01471,Miss Lori Hernandez,crosbyvanessa@example.org,19,Male,Retail,Europe,11-50,Enterprise,2020-05-22
CUST01472,Paul Mcbride,cruzdavid@example.com,69,Female,Professional Services,Europe,11-50,Premium,2019-08-04
CUST01473,Nicole Morgan,cruzkatie@example.net,27,Male,Financial Services,Asia-Pacific,1-10,Free,2020-08-07
CUST01474,Ashley Thomas,cruzmarc@example.net,24,Male,Technology,North America,201-500,Enterprise,2019-03-29
CUST01475,Michael Hill,cryan@example.net,52,Male,Retail,Asia-Pacific,501-1000,Free,2020-10-05
CUST01476,Laura Davis,cryan@example.org,30,Other,Education,North America,51-200,Enterprise,2019-06-02
CUST01477,Darin Reed,crystal08@example.org,44,Female,Other,Europe,51-200,Premium,2020-05-08
CUST01478,Kirsten Pruitt,crystal13@example.com,70,Male,Manufacturing,Europe,11-50,Standard,2020-02-27
CUST01479,Brianna Smith,crystal14@example.org,69,Other,Manufacturing,North America,51-200,Standard,2020-02-05
CUST01480,Kathy Knight,crystal28@example.com,41,Male,Technology,North America,1000+,Standard,2019-02-21
CUST01481,Jessica Willis,crystal29@example.com,38,Other,Education,Europe,1000+,Standard,2019-03-22
CUST01482,Kelly Johnson,crystal35@example.com,32,Female,Technology,Other,201-500,Premium,2020-06-23
CUST01483,John Hensley,crystal41@example.net,65,Female,Manufacturing,Australia & New Zealand,51-200,Premium,2018-10-12
CUST01484,Stephanie Brennan,crystal57@example.com,53,Other,Financial Services,North America,201-500,Premium,2020-03-31
CUST01485,Lauren Phillips,crystal62@example.com,59,Other,Professional Services,Australia & New Zealand,201-500,Standard,2019-01-14
CUST01486,Patrick Brock,crystal76@example.org,58,Male,Financial Services,North America,51-200,Standard,2021-08-17
CUST01487,Shawn Thomas,crystaldoyle@example.org,53,Female,Technology,Australia & New Zealand,11-50,Free,2020-09-20
CUST01488,David Black,crystaledwards@example.org,38,Female,Other,Australia & New Zealand,11-50,Premium,2020-05-06
CUST01489,Debbie Young,crystalhampton@example.org,61,Other,Retail,Other,1-10,Standard,2020-05-09
CUST01490,Kim Wall,crystaljohnson@example.org,23,Female,Education,Australia & New Zealand,51-200,Free,2020-01-29
CUST01491,Brenda Deleon,crystaljones@example.net,20,Other,Media & Communications,Europe,51-200,Standard,2021-05-16
CUST01492,Michelle Potter,crystalkennedy@example.org,27,Other,Education,North America,51-200,Premium,2020-06-28
CUST01493,Daniel Mclaughlin,crystalnavarro@example.net,40,Other,Manufacturing,Other,1-10,Standard,2020-03-31
CUST01494,Richard Mullen,cschmidt@example.com,67,Female,Manufacturing,Asia-Pacific,51-200,Premium,2020-09-16
CUST01495,Jordan Bird,cschmidt@example.net,61,Female,Technology,Australia & New Zealand,1-10,Standard,2020-12-04
CUST01496,Brandon Ford,csimmons@example.net,60,Other,Education,Other,11-50,Premium,2021-08-15
CUST01497,Shannon Cook,csmith@example.org,60,Male,Technology,North America,11-50,Free,2019-04-26
CUST01498,Ryan Sanders,cstevens@example.com,52,Male,Professional Services,Australia & New Zealand,11-50,Enterprise,2021-05-08
CUST01499,Michael Sharp,csuarez@example.net,35,Female,Professional Services,Europe,51-200,Standard,2021-04-26
CUST01500,Daniel Gallegos,ctaylor@example.com,22,Male,Media & Communications,Asia-Pacific,501-1000,Standard,2019-05-25
CUST01501,Ashley Bailey,cturner@example.org,44,Male,Financial Services,Other,201-500,Standard,2018-11-06
CUST01502,Robert Collins,cuevaslisa@example.net,35,Female,Retail,Australia & New Zealand,501-1000,Premium,2019-02-04
CUST01503,Christina Bennett,cummingscassidy@example.org,24,Other,Education,Asia-Pacific,201-500,Standard,2020-09-13
CUST01504,Michael Stewart,cummingsjoel@example.org,51,Other,Manufacturing,Australia & New Zealand,11-50,Standard,2021-06-27
CUST01505,Amber Harris,cummingsmariah@example.net,63,Other,Manufacturing,Asia-Pacific,1-10,Standard,2019-04-03
CUST01506,Douglas Harvey,cummingsyolanda@example.net,53,Male,Technology,Europe,51-200,Standard,2019-07-05
CUST01507,John Castillo,cunninghamchristopher@example.net,61,Other,Media & Communications,North America,1000+,Free,2019-03-07
CUST01508,Edward Gomez,cunninghamkevin@example.net,69,Male,Technology,Australia & New Zealand,1000+,Enterprise,2019-02-20
CUST01509,Anthony Myers,currycheryl@example.net,65,Female,Healthcare,North America,1000+,Premium,2020-11-06
CUST01510,Douglas Rice,curryjuan@example.com,42,Male,Technology,Australia & New Zealand,201-500,Standard,2020-05-23
CUST01511,Daniel Franklin,currytodd@example.net,69,Male,Technology,Other,1000+,Standard,2019-09-17
CUST01512,Angela Rodriguez,curtis45@example.net,37,Male,Government & Public Sector,Australia & New Zealand,201-500,Enterprise,2020-06-17
CUST01513,James Lewis,curtis49@example.com,58,Male,Manufacturing,North America,1-10,Enterprise,2020-07-21
CUST01514,Daniel Newton,curtis59@example.org,24,Other,Education,Australia & New Zealand,201-500,Standard,2019-05-15
CUST01515,Joshua Garcia,curtishart@example.com,34,Male,Financial Services,Europe,1-10,Free,2020-06-10
CUST01516,Shane Reed,cwaller@example.org,19,Female,Financial Services,Asia-Pacific,11-50,Premium,2019-12-19
CUST01517,Kristen Lawrence,cwerner@example.com,19,Female,Financial Services,Europe,501-1000,Free,2020-10-16
CUST01518,Michael Espinoza,cwilliams@example.com,51,Female,Professional Services,Australia & New Zealand,1000+,Premium,2019-10-10
CUST01519,Dr. Jennifer Wood,cwilliams@example.org,55,Female,Technology,North America,51-200,Standard,2020-01-26
CUST01520,Angela Miller,cwu@example.org,41,Male,Professional Services,Asia-Pacific,51-200,Premium,2021-05-25
CUST01521,Michelle Smith,cynthia08@example.net,42,Female,Technology,Asia-Pacific,201-500,Standard,2020-01-25
CUST01522,Alexander Ritter,cynthia15@example.com,29,Female,Technology,Europe,501-1000,Enterprise,2020-07-17
CUST01523,Sarah Hunter,cynthia21@example.net,38,Male,Manufacturing,Australia & New Zealand,201-500,Standard,2021-06-15
CUST01524,Anthony Munoz,cynthia33@example.net,55,Other,Healthcare,Asia-Pacific,201-500,Enterprise,2020-08-07
CUST01525,Kimberly Wood,cynthia35@example.com,22,Other,Media & Communications,Australia & New Zealand,51-200,Standard,2019-04-01
CUST01526,Regina Pacheco,cynthia45@example.org,34,Female,Healthcare,Australia & New Zealand,51-200,Premium,2020-01-16
CUST01527,Rachel Carr,cynthia51@example.net,55,Female,Professional Services,Europe,11-50,Standard,2019-04-11
CUST01528,James Turner,cynthia74@example.com,34,Female,Healthcare,Europe,501-1000,Standard,2019-03-13
CUST01529,Becky Johnson,cynthia77@example.com,39,Other,Government & Public Sector,Australia & New Zealand,201-500,Premium,2019-08-09
CUST01530,James Mitchell,cynthia82@example.net,53,Other,Government & Public Sector,North America,201-500,Premium,2019-04-06
CUST01531,Grace Ortiz,cynthiabernard@example.org,55,Female,Professional Services,Europe,51-200,Standard,2020-11-01
CUST01532,Natalie Davis,cynthiabrooks@example.org,43,Female,Government & Public Sector,Asia-Pacific,1-10,Enterprise,2021-10-17
CUST01533,Caleb Hoffman,cynthiabrown@example.net,70,Male,Media & Communications,Europe,1-10,Premium,2020-06-12
CUST01534,Ryan Cardenas,cynthiahays@example.com,59,Other,Financial Services,North America,501-1000,Free,2020-05-29
CUST01535,Sandra Charles,cynthiahunter@example.net,23,Other,Retail,North America,1000+,Premium,2020-04-23
CUST01536,Lori Porter,cynthiamooney@example.com,44,Male,Financial Services,Asia-Pacific,11-50,Free,2020-02-28
CUST01537,Jeffrey Baker,cynthiapowell@example.com,45,Other,Financial Services,Other,1-10,Standard,2020-12-10
CUST01538,Tiffany Nicholson,cynthiareed@example.com,44,Other,Education,Europe,501-1000,Standard,2019-07-22
CUST01539,Julie Kennedy,cynthiasmith@example.org,19,Female,Retail,Asia-Pacific,1000+,Free,2021-01-20
CUST01540,Kara Mccarthy,cynthiastuart@example.net,19,Female,Technology,North America,11-50,Free,2020-09-25
CUST01541,Dr. Logan Mayo V,cynthiawolfe@example.com,70,Male,Professional Services,North America,501-1000,Free,2019-05-02
CUST01542,Melissa Avery,dadams@example.net,48,Other,Professional Services,Asia-Pacific,1000+,Premium,2019-03-30
CUST01543,Alison Duran,daisy61@example.org,52,Female,Financial Services,Australia & New Zealand,51-200,Premium,2019-11-24
CUST01544,Lisa Smith,dakota86@example.com,62,Male,Healthcare,North America,201-500,Premium,2019-02-15
CUST01545,Daniel Sharp,dale77@example.com,48,Other,Financial Services,Europe,51-200,Enterprise,2020-01-08
CUST01546,Brian Chavez,dale99@example.com,43,Male,Retail,North America,51-200,Premium,2019-06-30
CUST01547,Dr. Preston Romero,dalestrong@example.com,46,Other,Manufacturing,Asia-Pacific,501-1000,Free,2020-06-26
CUST01548,Yvette Randolph,dalewebb@example.org,41,Male,Government & Public Sector,Other,51-200,Standard,2020-03-15
CUST01549,Brittany Rogers,dallen@example.net,54,Other,Technology,Europe,201-500,Enterprise,2020-07-03
CUST01550,Jeffery Fox,dalton56@example.com,37,Other,Financial Services,Other,501-1000,Free,2019-09-13
CUST01551,Jeffrey Hodges,daltonsherman@example.org,24,Male,Financial Services,North America,1-10,Premium,2019-04-06
CUST01552,Angela Phillips,damon52@example.org,32,Male,Professional Services,Europe,11-50,Enterprise,2021-04-01
CUST01553,Daniel Deleon,dana27@example.net,37,Female,Financial Services,Asia-Pacific,1-10,Standard,2019-08-12
CUST01554,Eddie Dixon,dana72@example.org,27,Male,Healthcare,Other,11-50,Standard,2020-02-14
CUST01555,Mark Pena,dana80@example.org,32,Female,Education,Asia-Pacific,201-500,Free,2020-01-03
CUST01556,Chelsea James,dana94@example.net,30,Male,Technology,Europe,11-50,Standard,2020-07-29
CUST01557,Connie Bennett,dana98@example.org,59,Other,Financial Services,Other,1-10,Premium,2020-07-07
CUST01558,Patrick Martin,danacarney@example.com,19,Other,Financial Services,Other,51-200,Enterprise,2019-06-12
CUST01559,Jeremy Gibbs,danalopez@example.com,48,Male,Media & Communications,Europe,201-500,Free,2019-12-30
CUST01560,Matthew Lam,dananewman@example.net,63,Male,Technology,North America,501-1000,Premium,2020-12-21
CUST01561,Justin Navarro,danapena@example.net,36,Male,Technology,Europe,11-50,Standard,2020-03-06
CUST01562,Dr. Cameron Horton,danasantana@example.net,27,Male,Retail,North America,51-200,Free,2019-11-01
CUST01563,Christopher Johnson,danderson@example.org,39,Other,Technology,Australia & New Zealand,201-500,Premium,2021-10-05
CUST01564,David Bailey,daniel01@example.com,39,Male,Healthcare,Europe,51-200,Standard,2019-11-03
CUST01565,Christopher West,daniel12@example.org,33,Female,Technology,North America,501-1000,Enterprise,2020-02-06
CUST01566,Karen Scott,daniel14@example.net,34,Female,Retail,Asia-Pacific,1-10,Standard,2020-04-09
CUST01567,Kenneth Mcgee,daniel16@example.org,39,Male,Professional Services,Other,1-10,Standard,2020-01-05
CUST01568,Alejandro Delgado,daniel18@example.net,49,Male,Technology,Australia & New Zealand,51-200,Premium,2019-10-13
CUST01569,Tara Foster,daniel23@example.net,46,Female,Healthcare,North America,11-50,Free,2020-04-22
CUST01570,Wendy Jackson,daniel27@example.net,18,Male,Technology,North America,501-1000,Premium,2020-07-15
CUST01571,David Phillips,daniel45@example.com,63,Other,Media & Communications,North America,51-200,Enterprise,2021-04-13
CUST01572,Jenna Reese,daniel45@example.net,30,Other,Government & Public Sector,Europe,201-500,Standard,2020-05-26
CUST01573,Austin Murphy,daniel46@example.com,45,Male,Financial Services,Other,1000+,Standard,2019-08-11
CUST01574,Heather Weiss,daniel47@example.net,65,Male,Education,North America,11-50,Standard,2021-03-05
CUST01575,Ricky Garner,daniel54@example.net,62,Male,Healthcare,Australia & New Zealand,11-50,Enterprise,2020-01-14
CUST01576,Alexandra Wells,daniel57@example.org,19,Female,Financial Services,Australia & New Zealand,1000+,Premium,2020-01-19
CUST01577,Christopher Underwood,daniel67@example.com,30,Female,Retail,Europe,201-500,Enterprise,2018-12-12
CUST01578,Christina Ward,daniel81@example.org,26,Male,Technology,Australia & New Zealand,11-50,Premium,2021-01-28
CUST01579,Christian Goodman,daniel92@example.org,37,Other,Professional Services,Asia-Pacific,201-500,Premium,2020-06-14
CUST01580,Nicholas Mitchell,daniel99@example.com,36,Male,Financial Services,Europe,501-1000,Free,2021-04-14
CUST01581,Karen Brewer,danielatkinson@example.com,70,Male,Healthcare,Australia & New Zealand,1000+,Premium,2020-01-05
CUST01582,Karen Brown,danielbarry@example.com,46,Male,Retail,North America,501-1000,Premium,2021-04-21
CUST01583,Theresa Duran,danielbennett@example.net,29,Other,Healthcare,Australia & New Zealand,501-1000,Standard,2019-12-18
CUST01584,Christopher Wolf,danielcarter@example.org,27,Male,Manufacturing,Asia-Pacific,201-500,Standard,2019-06-18
CUST01585,Joshua Brown,danielcurtis@example.org,70,Male,Government & Public Sector,Europe,11-50,Free,2020-10-05
CUST01586,Jennifer Herring,danielfoster@example.com,64,Female,Technology,Other,11-50,Enterprise,2019-11-08
CUST01587,Deborah Schultz,danielgarrison@example.net,50,Female,Retail,Europe,501-1000,Premium,2021-02-16
CUST01588,Joanna Hernandez,danielgolden@example.net,59,Female,Professional Services,Australia & New Zealand,51-200,Enterprise,2021-02-22
CUST01589,Mary Barber,danielgray@example.com,35,Other,Professional Services,Australia & New Zealand,51-200,Free,2019-03-01
CUST01590,Shawn Monroe,danielhall@example.org,46,Other,Manufacturing,North America,201-500,Free,2019-05-29
CUST01591,Larry Lee,danieljohnson@example.org,40,Other,Education,Europe,11-50,Standard,2019-12-27
CUST01592,Bryan Williams,danieljones@example.com,48,Female,Professional Services,Asia-Pacific,1000+,Standard,2020-10-25
CUST01593,Erica Turner,danielle09@example.com,51,Other,Technology,Europe,501-1000,Free,2020-07-11
CUST01594,Chase Hendrix,danielle18@example.org,68,Other,Media & Communications,Asia-Pacific,501-1000,Free,2020-04-03
CUST01595,Charles Miller,danielle29@example.net,22,Other,Manufacturing,Australia & New Zealand,51-200,Standard,2018-09-18
CUST01596,Tyler Jennings,danielle37@example.org,45,Other,Healthcare,North America,11-50,Premium,2019-07-08
CUST01597,Monica Olson,danielle55@example.com,44,Female,Healthcare,Europe,51-200,Standard,2021-04-01
CUST01598,Brenda Crawford,danielle89@example.org,57,Female,Technology,Australia & New Zealand,51-200,Premium,2020-12-26
CUST01599,Mary Thompson,danielle91@example.com,67,Male,Professional Services,Europe,51-200,Enterprise,2020-01-18
CUST01600,Stacey Wilcox,daniellebrown@example.com,24,Other,Education,Asia-Pacific,51-200,Free,2021-05-29
CUST01601,Jenna Daniels,daniellebrown@example.net,29,Other,Media & Communications,Asia-Pacific,501-1000,Premium,2020-07-10
CUST01602,Melinda Mccann,daniellecline@example.net,25,Other,Technology,Europe,1-10,Free,2020-10-01
CUST01603,Alyssa Reynolds,danielleerickson@example.net,39,Female,Financial Services,Europe,201-500,Standard,2019-11-26
CUST01604,Joseph Smith,daniellejohnson@example.net,27,Male,Other,North America,51-200,Standard,2020-03-24
CUST01605,Wesley Lewis,daniellewhitaker@example.net,30,Male,Technology,Australia & New Zealand,1000+,Premium,2019-08-31
CUST01606,Melissa Garner,danielleyoung@example.org,46,Other,Healthcare,Asia-Pacific,201-500,Standard,2019-05-29
CUST01607,Trevor Perry,daniellowe@example.org,25,Female,Professional Services,North America,11-50,Premium,2021-03-07
CUST01608,Shannon Morris,danielmaddox@example.net,23,Other,Manufacturing,North America,501-1000,Premium,2019-05-18
CUST01609,Michael Campbell,danielmercer@example.org,28,Female,Technology,North America,51-200,Enterprise,2019-12-17
CUST01610,John Tran,danielmurphy@example.net,44,Female,Healthcare,North America,1-10,Standard,2018-10-21
CUST01611,Darrell Maxwell,danielortiz@example.net,43,Male,Other,Europe,51-200,Standard,2020-11-25
CUST01612,Joshua Suarez,danielpatel@example.org,55,Female,Healthcare,North America,11-50,Enterprise,2020-09-18
CUST01613,Adam French,danielpatrick@example.com,48,Female,Professional Services,North America,51-200,Premium,2020-08-04
CUST01614,Joseph Leonard,danielreed@example.com,21,Other,Other,Europe,51-200,Standard,2019-08-23
CUST01615,Mary George,danielsbrittany@example.net,26,Female,Media & Communications,North America,501-1000,Free,2018-12-03
CUST01616,Brittany Lopez,danielscody@example.org,22,Female,Healthcare,Asia-Pacific,51-200,Standard,2020-02-08
CUST01617,Steven Cooper,danielscott@example.net,57,Female,Financial Services,Asia-Pacific,51-200,Premium,2020-02-15
CUST01618,Robert Mcintosh,danielshaley@example.org,41,Other,Media & Communications,Australia & New Zealand,501-1000,Standard,2020-07-22
CUST01619,Kathryn Miller,danielsnoah@example.net,50,Male,Government & Public Sector,Europe,201-500,Free,2019-09-10
CUST01620,Timothy Jackson,danielspencer@example.net,67,Female,Retail,Australia & New Zealand,51-200,Standard,2020-07-08
CUST01621,Richard Cole,danielsselena@example.org,67,Other,Professional Services,Australia & New Zealand,11-50,Enterprise,2020-12-17
CUST01622,David Cabrera,danielssheila@example.org,34,Male,Other,North America,201-500,Enterprise,2020-03-23
CUST01623,Ronald Walsh,danielssusan@example.org,37,Male,Technology,North America,201-500,Premium,2019-11-29
CUST01624,Brian Gutierrez,danielstodd@example.org,56,Other,Professional Services,Australia & New Zealand,1000+,Free,2021-01-19
CUST01625,David Hamilton,danieltorres@example.com,57,Female,Other,Australia & New Zealand,51-200,Standard,2021-03-27
CUST01626,Jesse Mckinney,danielvasquez@example.net,65,Other,Retail,Australia & New Zealand,51-200,Standard,2020-04-06
CUST01627,Dorothy Parks,danielwalker@example.net,64,Female,Technology,Australia & New Zealand,1-10,Free,2019-10-04
CUST01628,Kristen Richardson,danielwarner@example.net,29,Female,Retail,North America,51-200,Standard,2019-05-19
CUST01629,Lynn Adams DVM,danielwilson@example.com,24,Male,Other,Europe,501-1000,Enterprise,2019-07-05
CUST01630,Tina Howard,danielwyatt@example.org,68,Female,Government & Public Sector,Asia-Pacific,201-500,Free,2020-02-16
CUST01631,Benjamin Wilson,danny04@example.org,43,Male,Financial Services,Asia-Pacific,51-200,Premium,2021-02-23
CUST01632,Tiffany Mitchell,danny16@example.org,20,Female,Financial Services,Other,51-200,Free,2018-12-01
CUST01633,Derrick Perez,danny44@example.net,46,Male,Financial Services,Asia-Pacific,201-500,Premium,2020-04-07
CUST01634,Steven Johnson,dannyyoung@example.org,60,Female,Financial Services,Australia & New Zealand,201-500,Premium,2019-10-23
CUST01635,Daniel Carter,darin95@example.org,23,Other,Technology,Asia-Pacific,11-50,Premium,2018-10-13
CUST01636,Anthony Shaw,darius23@example.net,47,Other,Financial Services,North America,11-50,Premium,2020-08-08
CUST01637,Ryan Reed,darlene10@example.com,51,Female,Media & Communications,Asia-Pacific,1-10,Premium,2020-08-24
CUST01638,Ryan Garcia,darlene62@example.net,68,Other,Education,Asia-Pacific,11-50,Premium,2020-03-30
CUST01639,Jesse Hubbard,darleneayers@example.net,67,Female,Financial Services,Australia & New Zealand,51-200,Standard,2020-01-01
CUST01640,Timothy Lyons,darlenelee@example.org,50,Male,Manufacturing,North America,51-200,Standard,2020-12-09
CUST01641,Carol Russell,darleneryan@example.net,19,Female,Professional Services,Asia-Pacific,11-50,Premium,2019-06-27
CUST01642,Ryan Jones,darrell97@example.net,39,Other,Technology,Europe,1000+,Enterprise,2020-09-17
CUST01643,Rebecca Martin,darren53@example.net,65,Male,Retail,North America,201-500,Standard,2018-11-01
CUST01644,Emma Fox,darrentaylor@example.net,29,Female,Technology,Australia & New Zealand,51-200,Premium,2020-09-16
CUST01645,Rachel Welch,darroyo@example.com,52,Other,Technology,Europe,11-50,Free,2019-11-04
CUST01646,Rebecca Smith,darryllawrence@example.org,41,Male,Media & Communications,Australia & New Zealand,201-500,Free,2021-03-07
CUST01647,Tanya Martinez,darylcollins@example.net,53,Male,Financial Services,Asia-Pacific,51-200,Premium,2019-03-03
CUST01648,Jessica Phillips,david00@example.com,55,Other,Retail,North America,51-200,Standard,2020-10-28
CUST01649,Grace Carroll,david05@example.com,32,Female,Professional Services,Australia & New Zealand,501-1000,Enterprise,2019-10-23
CUST01650,Benjamin Leon,david07@example.org,19,Male,Other,Other,1-10,Free,2020-01-03
CUST01651,Paula Wood,david09@example.net,47,Male,Technology,Europe,51-200,Premium,2018-11-27
CUST01652,Michael Gutierrez,david14@example.org,58,Other,Other,Australia & New Zealand,11-50,Standard,2019-12-26
CUST01653,William Cook,david15@example.org,41,Other,Healthcare,North America,51-200,Premium,2020-12-12
CUST01654,Mr. William Mitchell DVM,david17@example.net,47,Female,Other,North America,1000+,Premium,2020-01-30
CUST01655,Beverly Smith,david20@example.net,57,Male,Technology,Australia & New Zealand,11-50,Premium,2019-12-02
CUST01656,Christopher Cooper,david25@example.org,22,Female,Financial Services,North America,51-200,Premium,2021-02-06
CUST01657,Marcia Morris,david30@example.com,42,Other,Technology,Australia & New Zealand,51-200,Standard,2020-02-29
CUST01658,Tyler Collins,david32@example.net,26,Female,Other,Asia-Pacific,11-50,Free,2021-09-19
CUST01659,Juan Mendoza,david36@example.com,64,Other,Financial Services,Australia & New Zealand,11-50,Standard,2019-09-16
CUST01660,Ricky Guzman,david39@example.org,65,Female,Financial Services,Other,11-50,Enterprise,2020-04-06
CUST01661,Patricia Wang,david40@example.org,29,Male,Education,North America,51-200,Premium,2019-12-04
CUST01662,Carlos Moore,david41@example.com,18,Female,Government & Public Sector,North America,11-50,Standard,2019-05-17
CUST01663,Roberta Kennedy,david43@example.org,61,Other,Education,Other,501-1000,Standard,2020-02-12
CUST01664,Tammy Davis,david50@example.com,58,Male,Technology,Asia-Pacific,51-200,Standard,2021-07-01
CUST01665,Michelle Schneider,david52@example.net,55,Other,Professional Services,North America,1000+,Premium,2020-02-22
CUST01666,Kenneth Gregory,david60@example.org,66,Other,Retail,North America,1000+,Free,2019-11-24
CUST01667,Zoe Roberts,david61@example.org,21,Other,Education,Other,501-1000,Premium,2020-08-22
CUST01668,Krista Martin,david65@example.org,60,Male,Financial Services,North America,1-10,Enterprise,2019-06-08
CUST01669,Jimmy Mayo,david66@example.org,40,Male,Professional Services,Europe,11-50,Standard,2019-12-07
CUST01670,Kenneth Jordan,david68@example.com,28,Male,Professional Services,Australia & New Zealand,51-200,Free,2020-01-22
CUST01671,Ann Carter,david73@example.com,18,Female,Technology,Asia-Pacific,11-50,Free,2021-06-14
CUST01672,Nicole Delgado,david77@example.net,25,Other,Retail,North America,51-200,Enterprise,2019-04-03
CUST01673,Joshua Jones,david77@example.org,63,Other,Manufacturing,Asia-Pacific,11-50,Free,2021-07-16
CUST01674,Nicole Smith,david78@example.org,29,Female,Technology,Australia & New Zealand,51-200,Premium,2021-03-25
CUST01675,Jared Smith,david79@example.com,52,Other,Media & Communications,Australia & New Zealand,11-50,Premium,2021-01-11
CUST01676,Brandy Webb,david81@example.net,26,Male,Professional Services,Australia & New Zealand,1000+,Standard,2020-07-28
CUST01677,Hannah Norton,david91@example.net,46,Male,Financial Services,Asia-Pacific,201-500,Free,2020-01-03
CUST01678,Connie Davis,david98@example.org,42,Female,Retail,Europe,51-200,Free,2020-09-04
CUST01679,Jeremiah Allen,david99@example.com,57,Female,Technology,Europe,51-200,Standard,2020-09-07
CUST01680,Kelly Mckay,davidanita@example.org,40,Other,Financial Services,Australia & New Zealand,1000+,Premium,2020-11-23
CUST01681,Alyssa Vazquez,davidburton@example.net,58,Other,Manufacturing,Asia-Pacific,501-1000,Enterprise,2019-03-19
CUST01682,Daniel Mccullough,davidcox@example.com,61,Male,Professional Services,Asia-Pacific,11-50,Premium,2020-03-11
CUST01683,Mary Rush,davidcox@example.org,43,Other,Other,North America,201-500,Premium,2018-12-06
CUST01684,Lauren Gonzalez,daviddiaz@example.net,63,Male,Financial Services,Europe,201-500,Premium,2019-07-05
CUST01685,Mary Munoz,daviddonovan@example.net,30,Female,Financial Services,Australia & New Zealand,501-1000,Enterprise,2019-06-26
CUST01686,Jessica Lucero,davidellis@example.com,70,Other,Education,Asia-Pacific,51-200,Premium,2020-09-20
CUST01687,Ryan Schwartz,davidfleming@example.com,46,Male,Media & Communications,Europe,1-10,Free,2021-05-17
CUST01688,Allison Sullivan,davidford@example.net,61,Male,Media & Communications,Australia & New Zealand,51-200,Premium,2020-01-06
CUST01689,Erica Norman,davidfranklin@example.org,52,Other,Financial Services,North America,11-50,Standard,2020-02-29
CUST01690,Melissa Morgan,davidgarcia@example.org,39,Other,Technology,Other,11-50,Free,2020-04-06
CUST01691,Phillip Clark,davidgarner@example.org,25,Other,Professional Services,North America,501-1000,Enterprise,2020-11-26
CUST01692,Gail Beck,davidhunter@example.net,22,Male,Professional Services,Asia-Pacific,1-10,Free,2020-02-17
CUST01693,Mr. Eric Pugh,davidjames@example.com,39,Male,Technology,Europe,201-500,Standard,2019-04-13
CUST01694,Kayla Jones,davidjenkins@example.net,60,Female,Technology,Asia-Pacific,11-50,Premium,2020-12-09
CUST01695,Monica Shah,davidlee@example.org,66,Female,Media & Communications,Other,201-500,Standard,2020-03-08
CUST01696,Pamela Salazar,davidparks@example.net,42,Male,Financial Services,Asia-Pacific,1-10,Standard,2020-02-07
CUST01697,Jordan Rodriguez MD,davidpowers@example.com,34,Male,Government & Public Sector,Asia-Pacific,51-200,Standard,2019-12-10
CUST01698,Gary Galloway,davidrivers@example.org,56,Other,Education,Europe,201-500,Standard,2021-08-06
CUST01699,Kevin Miranda,davidroberts@example.net,64,Male,Technology,Asia-Pacific,11-50,Premium,2020-06-21
CUST01700,Kelly Scott,davidscott@example.org,50,Other,Healthcare,Australia & New Zealand,1000+,Standard,2020-06-03
CUST01701,Kristine Perez,davidsimon@example.org,19,Female,Technology,North America,201-500,Enterprise,2020-08-15
CUST01702,Emily Ross,davidsmith@example.com,65,Female,Professional Services,Australia & New Zealand,51-200,Standard,2020-11-10
CUST01703,Cheryl Clements DVM,davidsonanne@example.com,18,Male,Professional Services,Asia-Pacific,1-10,Standard,2021-01-27
CUST01704,Christy Guzman,davidsonaudrey@example.com,31,Female,Technology,Australia & New Zealand,11-50,Standard,2019-03-04
CUST01705,Shelby Robinson,davidsonteresa@example.com,41,Female,Government & Public Sector,Other,1000+,Standard,2019-07-04
CUST01706,Patrick Baker,davidsontracey@example.org,34,Male,Financial Services,Australia & New Zealand,201-500,Premium,2020-09-17
CUST01707,Jacob Wright,davidswanson@example.org,32,Female,Retail,Europe,1000+,Enterprise,2020-01-05
CUST01708,Samantha Lewis,davidtaylor@example.com,38,Female,Financial Services,Australia & New Zealand,201-500,Standard,2019-02-09
CUST01709,Debra Smith,davidtaylor@example.org,58,Other,Retail,Australia & New Zealand,11-50,Standard,2020-07-11
CUST01710,Justin Walker,davidvang@example.org,23,Female,Manufacturing,North America,1-10,Premium,2019-06-22
CUST01711,Christopher Wagner,davidwelch@example.org,24,Other,Technology,Europe,51-200,Free,2020-02-04
CUST01712,Kimberly Hampton,davidwilliams@example.com,34,Male,Professional Services,Australia & New Zealand,201-500,Standard,2020-04-24
CUST01713,John Mendoza,daviesandrew@example.org,52,Other,Education,Asia-Pacific,51-200,Free,2021-02-28
CUST01714,Amy Ferguson,daviesmichael@example.net,53,Female,Technology,North America,1000+,Standard,2018-11-08
CUST01715,Michael Wright,daviesryan@example.org,61,Other,Retail,North America,501-1000,Free,2020-01-25
CUST01716,Bonnie Larson,davisantonio@example.org,50,Female,Other,North America,201-500,Standard,2019-07-27
CUST01717,Eric Harris,davisashley@example.net,28,Male,Media & Communications,Australia & New Zealand,51-200,Standard,2020-02-27
CUST01718,Ethan Ball,davisbrandon@example.com,20,Other,Education,North America,1000+,Standard,2019-07-03
CUST01719,Donald Hanson,daviscathy@example.org,51,Other,Financial Services,Asia-Pacific,51-200,Standard,2019-05-17
CUST01720,Cathy Brown,davischristopher@example.com,67,Other,Technology,Europe,11-50,Premium,2020-11-11
CUST01721,Abigail White PhD,davischristopher@example.net,40,Other,Manufacturing,Europe,201-500,Free,2020-01-03
CUST01722,Lisa Barnett,davisdavid@example.com,29,Female,Healthcare,Europe,201-500,Free,2020-06-25
CUST01723,Jocelyn Morrison,davisdeborah@example.net,38,Female,Media & Communications,North America,51-200,Enterprise,2020-06-02
CUST01724,Brandi Clarke,davisgary@example.com,45,Male,Education,Australia & New Zealand,1-10,Premium,2019-08-26
CUST01725,Brandon Arnold,davisjohn@example.net,51,Male,Technology,Europe,201-500,Free,2021-02-27
CUST01726,Elizabeth Turner,davisjoshua@example.com,56,Other,Retail,Australia & New Zealand,1000+,Standard,2019-08-31
CUST01727,Andrew Bennett,daviskaitlyn@example.org,31,Female,Education,Asia-Pacific,1000+,Premium,2021-05-27
CUST01728,Steven Edwards,daviskathleen@example.org,54,Male,Technology,Asia-Pacific,51-200,Enterprise,2019-11-26
CUST01729,Lisa Stark,daviskathy@example.net,63,Other,Professional Services,Australia & New Zealand,1-10,Standard,2020-01-29
CUST01730,Michael Parker,davislori@example.org,48,Other,Retail,Australia & New Zealand,51-200,Free,2021-02-06
CUST01731,Dawn Harris,davismark@example.net,52,Female,Technology,Asia-Pacific,201-500,Premium,2021-08-30
CUST01732,Mrs. Deanna Campbell MD,davismiranda@example.org,53,Male,Financial Services,Asia-Pacific,501-1000,Premium,2021-01-22
CUST01733,Michael Mcdaniel,davismitchell@example.com,27,Female,Financial Services,Other,51-200,Premium,2020-04-08
CUST01734,Linda Campbell,davisnatalie@example.net,60,Male,Healthcare,Asia-Pacific,501-1000,Standard,2020-05-31
CUST01735,Michael Sullivan,davisrussell@example.org,46,Male,Professional Services,North America,1000+,Free,2020-04-23
CUST01736,Stephen Johnson,davissamantha@example.org,28,Male,Retail,North America,501-1000,Free,2020-04-19
CUST01737,Amber Yates,davisstephanie@example.com,22,Female,Professional Services,Australia & New Zealand,51-200,Premium,2020-11-03
CUST01738,Kyle Lopez,davisstephen@example.com,68,Male,Professional Services,Australia & New Zealand,1000+,Standard,2021-01-12
CUST01739,Bradley Haney,davisthomas@example.org,48,Other,Technology,Asia-Pacific,1000+,Free,2021-09-13
CUST01740,Robert Torres,davistravis@example.org,24,Other,Professional Services,Other,11-50,Standard,2019-07-29
CUST01741,Crystal Herrera,dawn00@example.com,19,Male,Other,Europe,11-50,Premium,2018-11-05
CUST01742,James Burns,dawn23@example.org,53,Other,Media & Communications,North America,501-1000,Premium,2021-03-30
CUST01743,Charles Burton,dawn31@example.org,56,Other,Healthcare,Australia & New Zealand,501-1000,Standard,2020-10-31
CUST01744,Kendra Andrews,dawn57@example.com,59,Male,Media & Communications,Asia-Pacific,201-500,Standard,2019-11-13
CUST01745,Mark Woodward,dawn75@example.com,39,Male,Technology,Australia & New Zealand,51-200,Enterprise,2019-02-28
CUST01746,Sherry Olsen,dawn90@example.com,54,Other,Media & Communications,North America,201-500,Standard,2020-06-22
CUST01747,Jason Miles,dawnfitzpatrick@example.net,38,Other,Media & Communications,Australia & New Zealand,11-50,Premium,2021-09-28
CUST01748,Amanda Smith,dawngalvan@example.net,61,Female,Healthcare,Europe,51-200,Free,2020-07-08
CUST01749,Isaiah Mcpherson,dawngreene@example.org,26,Other,Government & Public Sector,Australia & New Zealand,51-200,Free,2020-03-25
CUST01750,Kara Wright PhD,dawnmartinez@example.net,47,Female,Technology,Australia & New Zealand,201-500,Standard,2019-06-11
CUST01751,Louis Marks,dawnsalazar@example.org,68,Other,Technology,Other,51-200,Standard,2019-12-08
CUST01752,Cameron Pittman,dawnthomas@example.org,31,Male,Government & Public Sector,Asia-Pacific,51-200,Free,2020-04-06
CUST01753,Jamie Mclaughlin,dawsonmaria@example.org,57,Male,Professional Services,Australia & New Zealand,51-200,Enterprise,2021-01-15
CUST01754,Alexis Lynn,dawsontami@example.com,69,Female,Other,Asia-Pacific,51-200,Free,2021-08-14
CUST01755,Daniel Brown,dayjonathan@example.org,18,Other,Education,Australia & New Zealand,51-200,Enterprise,2021-01-16
CUST01756,James Nelson,dbaldwin@example.org,18,Male,Professional Services,Asia-Pacific,201-500,Standard,2019-10-15
CUST01757,Jack Skinner,dbarajas@example.net,35,Other,Media & Communications,Europe,11-50,Standard,2019-09-25
CUST01758,Tracey Lee,dbauer@example.com,61,Male,Education,North America,201-500,Premium,2020-04-27
CUST01759,Susan Ingram,dbell@example.com,51,Male,Technology,Australia & New Zealand,501-1000,Standard,2020-12-30
CUST01760,Michelle Mills,dberger@example.org,22,Other,Professional Services,North America,51-200,Standard,2020-05-02
CUST01761,Tammy Reid,dbowen@example.net,23,Male,Financial Services,North America,501-1000,Premium,2019-04-06
CUST01762,Antonio Edwards,dboyd@example.net,45,Female,Government & Public Sector,Asia-Pacific,51-200,Enterprise,2020-05-02
CUST01763,James Gardner,dbrown@example.com,56,Female,Manufacturing,North America,201-500,Standard,2020-02-16
CUST01764,Jacqueline Fox,dbrown@example.net,36,Male,Technology,North America,201-500,Premium,2020-03-25
CUST01765,Laurie Buck,dbrown@example.org,31,Female,Professional Services,Europe,51-200,Enterprise,2019-04-08
CUST01766,Dawn Thomas,dbrowning@example.net,48,Female,Manufacturing,North America,11-50,Enterprise,2020-11-12
CUST01767,Brandi Johnson,dbryant@example.net,69,Female,Technology,North America,201-500,Standard,2020-08-27
CUST01768,Eric Torres,dburton@example.com,21,Male,Technology,Asia-Pacific,11-50,Free,2019-10-01
CUST01769,Michael Martin,dbush@example.net,37,Other,Technology,North America,51-200,Standard,2021-04-17
CUST01770,Teresa Aguirre,dcarney@example.net,43,Male,Government & Public Sector,North America,51-200,Premium,2020-01-15
CUST01771,Charles Bryant,dchavez@example.net,22,Male,Education,Europe,1000+,Standard,2020-01-06
CUST01772,Yesenia Miles,dchavez@example.org,39,Other,Technology,North America,51-200,Premium,2020-11-06
CUST01773,Sarah Lee,dclark@example.net,50,Other,Financial Services,North America,201-500,Standard,2020-08-15
CUST01774,Louis Lowe,dcollier@example.com,43,Female,Technology,Asia-Pacific,51-200,Standard,2020-06-25
CUST01775,John Young Jr.,dcooper@example.com,58,Male,Retail,Australia & New Zealand,201-500,Premium,2021-04-23
CUST01776,James Wilson,dcrane@example.org,48,Male,Financial Services,Australia & New Zealand,51-200,Standard,2020-07-13
CUST01777,Thomas Smith,ddavis@example.net,24,Male,Retail,North America,11-50,Premium,2020-08-07
CUST01778,Phillip Rose,ddavis@example.org,51,Other,Other,Europe,501-1000,Premium,2021-01-15
CUST01779,Sara Torres,ddean@example.org,38,Female,Retail,Australia & New Zealand,51-200,Enterprise,2021-05-08
CUST01780,Crystal Jenkins,dean84@example.com,38,Female,Financial Services,North America,11-50,Premium,2020-04-14
CUST01781,Craig Smith,deannabarton@example.org,42,Female,Technology,Europe,11-50,Standard,2019-07-11
CUST01782,Renee Henry,deannagibbs@example.net,35,Female,Financial Services,Australia & New Zealand,1-10,Enterprise,2021-03-14
CUST01783,Mackenzie Burns,deannakaiser@example.com,53,Male,Education,Europe,501-1000,Standard,2019-10-16
CUST01784,Mrs. Heather Holmes,deannathomas@example.org,44,Female,Financial Services,North America,1000+,Premium,2020-08-17
CUST01785,Shannon Perkins,deansmith@example.net,57,Male,Technology,Europe,11-50,Premium,2020-10-10
CUST01786,Brian Horne,deantodd@example.org,40,Male,Media & Communications,Asia-Pacific,51-200,Standard,2018-12-10
CUST01787,Kelly Lowe,debbie17@example.net,45,Female,Retail,Asia-Pacific,1-10,Premium,2020-10-04
CUST01788,Philip Harris,debbie78@example.net,32,Male,Healthcare,Europe,51-200,Standard,2020-12-22
CUST01789,Steven Alvarado,debbiemiller@example.com,27,Male,Professional Services,North America,1000+,Free,2019-08-26
CUST01790,Taylor Koch,debbiewalker@example.org,59,Female,Financial Services,North America,11-50,Free,2020-07-03
CUST01791,Luke Mccullough,deborah02@example.org,19,Male,Retail,Other,201-500,Premium,2019-05-04
CUST01792,Danielle Carpenter,deborah06@example.org,66,Other,Professional Services,North America,11-50,Enterprise,2018-11-04
CUST01793,James Mendez,deborah65@example.org,36,Female,Financial Services,Asia-Pacific,201-500,Free,2020-07-01
CUST01794,Jacqueline Bell,deborah71@example.org,56,Female,Manufacturing,Europe,501-1000,Standard,2021-05-03
CUST01795,Kimberly Carlson,deborah77@example.org,19,Female,Other,Europe,201-500,Premium,2020-06-01
CUST01796,Jody Rodriguez,deborah92@example.com,67,Male,Media & Communications,Europe,51-200,Free,2021-04-13
CUST01797,Amy Hayes,deborahcortez@example.org,52,Other,Government & Public Sector,North America,201-500,Free,2020-11-05
CUST01798,Kelly Kim,debra25@example.net,60,Other,Retail,North America,51-200,Free,2019-10-07
CUST01799,Rebecca Choi,debra38@example.org,58,Male,Financial Services,Europe,501-1000,Standard,2021-07-15
CUST01800,Alexis Hodge,debra78@example.net,48,Other,Manufacturing,Australia & New Zealand,51-200,Free,2019-07-22
CUST01801,Tonya Huber,debra81@example.net,29,Female,Healthcare,Asia-Pacific,501-1000,Premium,2018-12-30
CUST01802,James Smith,debra98@example.net,69,Female,Technology,Australia & New Zealand,201-500,Standard,2018-12-13
CUST01803,Jamie Phelps,debragarcia@example.com,23,Female,Other,Europe,1-10,Standard,2019-03-08
CUST01804,Karen Wells,debramcbride@example.org,59,Male,Other,Europe,11-50,Free,2020-06-18
CUST01805,Lori Martinez,debraphillips@example.org,49,Other,Professional Services,North America,201-500,Free,2020-10-27
CUST01806,Elizabeth Castillo,deckernathan@example.com,48,Male,Professional Services,North America,51-200,Enterprise,2020-07-12
CUST01807,Bradley Fox,deleonamber@example.org,31,Female,Professional Services,Europe,501-1000,Free,2019-07-30
CUST01808,Julia Hendricks,deleoncory@example.com,52,Other,Education,North America,11-50,Enterprise,2021-03-24
CUST01809,Dan Newton,deleonedward@example.net,22,Other,Financial Services,Europe,201-500,Premium,2019-08-15
CUST01810,Johnathan Meadows,deleonlindsey@example.com,60,Female,Technology,Australia & New Zealand,11-50,Standard,2019-09-04
CUST01811,Angela Johnson,deleonmichael@example.net,46,Other,Government & Public Sector,Australia & New Zealand,51-200,Enterprise,2021-03-17
CUST01812,Olivia Riggs,deleonsherry@example.com,63,Male,Healthcare,North America,201-500,Premium,2019-12-08
CUST01813,Matthew Chambers,dellis@example.com,61,Female,Other,Other,201-500,Free,2019-07-26
CUST01814,Amber Shaw,denise15@example.com,26,Female,Healthcare,North America,1000+,Standard,2019-11-22
CUST01815,Clayton Clark,denise27@example.net,32,Male,Professional Services,Australia & New Zealand,501-1000,Premium,2021-05-06
CUST01816,Tara Torres,denise35@example.com,46,Male,Media & Communications,Australia & New Zealand,51-200,Standard,2021-03-07
CUST01817,Michael Gibbs,denise50@example.org,32,Male,Financial Services,Australia & New Zealand,501-1000,Free,2021-03-07
CUST01818,Brian Ryan,denise79@example.net,38,Male,Other,Other,11-50,Premium,2021-04-06
CUST01819,David Lin,denise95@example.com,23,Other,Professional Services,Asia-Pacific,1000+,Standard,2020-05-09
CUST01820,Theresa King,denisebrown@example.com,50,Male,Professional Services,North America,51-200,Standard,2020-03-29
CUST01821,Randall Stuart,denisedaniel@example.net,63,Other,Healthcare,Australia & New Zealand,51-200,Premium,2020-01-18
CUST01822,Juan Wall,denisedillon@example.net,37,Female,Financial Services,Australia & New Zealand,1000+,Free,2018-12-12
CUST01823,Kimberly Wallace,denisemedina@example.com,52,Female,Professional Services,Australia & New Zealand,201-500,Standard,2021-02-09
CUST01824,Diana Jackson,denisesmith@example.net,29,Male,Professional Services,Asia-Pacific,501-1000,Premium,2020-01-20
CUST01825,Jonathan Jones,deniseyoung@example.net,45,Other,Technology,Australia & New Zealand,201-500,Enterprise,2020-09-10
CUST01826,Steve Fleming,dennis21@example.net,55,Other,Retail,North America,11-50,Standard,2020-02-20
CUST01827,Miranda Nielsen,dennis34@example.org,46,Other,Retail,Australia & New Zealand,51-200,Premium,2020-11-28
CUST01828,Leslie Terry,dennis39@example.org,58,Other,Professional Services,North America,51-200,Free,2021-02-21
CUST01829,Richard James,dennis52@example.org,36,Other,Professional Services,Asia-Pacific,1-10,Standard,2020-01-06
CUST01830,Nicolas Wood,dennishorton@example.org,63,Male,Technology,North America,501-1000,Premium,2019-07-31
CUST01831,Jeremy Miranda,dennisklein@example.org,60,Male,Financial Services,Australia & New Zealand,51-200,Free,2021-07-07
CUST01832,Kara May,dennismay@example.com,63,Male,Healthcare,Europe,1000+,Enterprise,2021-06-12
CUST01833,Frank Brandt,dennisortiz@example.org,48,Male,Education,Europe,201-500,Free,2020-04-12
CUST01834,Keith Tucker,dennissavage@example.com,59,Male,Technology,Australia & New Zealand,51-200,Premium,2020-08-14
CUST01835,Stephen Benitez,derek66@example.net,25,Female,Technology,Australia & New Zealand,1-10,Free,2019-10-28
CUST01836,Charles Hunter,derek72@example.org,21,Other,Education,Europe,1000+,Standard,2019-08-03
CUST01837,Caitlin Johnson,derek73@example.com,20,Female,Education,Europe,1-10,Standard,2019-05-26
CUST01838,Harold Hansen,derekbarrett@example.com,31,Other,Education,Australia & New Zealand,51-200,Premium,2020-10-28
CUST01839,Lisa Zhang,derekdavis@example.org,66,Male,Retail,Europe,11-50,Free,2020-09-29
CUST01840,Russell Harper,dereksandoval@example.com,34,Other,Professional Services,Australia & New Zealand,1000+,Standard,2019-09-29
CUST01841,Melinda Ortiz,derrick12@example.com,19,Male,Professional Services,Australia & New Zealand,501-1000,Free,2019-09-26
CUST01842,Eugene Sanders,derrickstone@example.com,37,Other,Professional Services,Asia-Pacific,11-50,Standard,2020-07-15
CUST01843,Allen Scott,derrickweiss@example.com,29,Female,Retail,Europe,11-50,Premium,2019-09-07
CUST01844,Hannah Gibbs,desiree63@example.com,54,Male,Technology,North America,1-10,Standard,2020-04-28
CUST01845,Diane Patton,desiree94@example.com,23,Female,Healthcare,Australia & New Zealand,1-10,Enterprise,2018-12-15
CUST01846,Kelly Fernandez,desireeknight@example.net,41,Male,Media & Communications,North America,11-50,Premium,2019-04-08
CUST01847,Charles Ruiz,destinyreed@example.org,34,Female,Professional Services,Europe,51-200,Premium,2019-05-18
CUST01848,John Walters,destinyroberts@example.com,49,Female,Technology,Australia & New Zealand,51-200,Free,2020-02-29
CUST01849,Jack Lewis,destinywong@example.net,61,Female,Healthcare,Other,201-500,Standard,2021-04-20
CUST01850,Jon Boone,devin83@example.net,43,Other,Retail,Europe,1-10,Premium,2019-09-09
CUST01851,Dr. Nicholas Miller,devinburgess@example.net,24,Other,Media & Communications,Europe,11-50,Standard,2019-06-29
CUST01852,Robin Flynn,devinpaul@example.org,59,Male,Technology,North America,51-200,Premium,2020-01-20
CUST01853,Julia Campbell,dferguson@example.org,48,Female,Retail,North America,1-10,Free,2021-04-14
CUST01854,William Byrd,dflores@example.org,28,Female,Professional Services,Australia & New Zealand,51-200,Standard,2020-04-13
CUST01855,Melissa Crawford,dfloyd@example.com,35,Other,Technology,Europe,1000+,Standard,2021-03-06
CUST01856,Melissa Henderson,dfoley@example.net,24,Other,Retail,Other,11-50,Enterprise,2020-09-06
CUST01857,Nicole Contreras,dfranklin@example.net,60,Male,Education,Australia & New Zealand,51-200,Standard,2020-01-24
CUST01858,Katrina Crawford,dgeorge@example.com,63,Female,Media & Communications,Australia & New Zealand,51-200,Enterprise,2019-12-13
CUST01859,Alexandra Solis,dgordon@example.com,46,Other,Professional Services,Australia & New Zealand,201-500,Enterprise,2020-11-16
CUST01860,Melanie Kim,dgreen@example.com,59,Other,Professional Services,Europe,501-1000,Standard,2019-07-28
CUST01861,Rebecca Cole,dgriffith@example.org,54,Male,Financial Services,Australia & New Zealand,51-200,Standard,2019-12-31
CUST01862,Jessica Vaughn,dhaas@example.net,29,Male,Education,Australia & New Zealand,51-200,Standard,2020-06-17
CUST01863,Sara Patterson,dhamilton@example.org,29,Female,Education,Australia & New Zealand,1-10,Premium,2019-11-08
CUST01864,Katherine Stark,dhansen@example.com,27,Male,Technology,North America,51-200,Standard,2020-01-24
CUST01865,Justin Kerr,dharper@example.org,25,Female,Other,North America,51-200,Premium,2018-09-10
CUST01866,Henry Anderson,dharris@example.org,60,Male,Manufacturing,Australia & New Zealand,51-200,Premium,2020-02-10
CUST01867,Hunter Meza,dholmes@example.org,29,Other,Manufacturing,North America,201-500,Free,2020-02-20
CUST01868,Joshua Dodson,dhowell@example.net,19,Male,Education,Asia-Pacific,501-1000,Free,2019-04-20
CUST01869,Deborah Brooks,diana15@example.net,69,Female,Professional Services,Asia-Pacific,201-500,Standard,2019-02-21
CUST01870,David Smith,diana22@example.org,56,Female,Healthcare,Europe,201-500,Enterprise,2018-10-14
CUST01871,Abigail Harrison,diana50@example.org,19,Female,Other,North America,1-10,Free,2019-12-04
CUST01872,Brian Downs,dianachapman@example.net,37,Male,Media & Communications,Asia-Pacific,201-500,Free,2020-09-06
CUST01873,Jacob Owens,dianahendrix@example.org,60,Other,Technology,Europe,11-50,Enterprise,2019-09-02
CUST01874,Cynthia Moyer,dianajohnson@example.org,60,Female,Media & Communications,Australia & New Zealand,501-1000,Premium,2021-08-19
CUST01875,Chad Jackson,dianaking@example.org,27,Other,Education,Asia-Pacific,11-50,Premium,2021-09-26
CUST01876,Robert Martinez,dianataylor@example.org,57,Other,Technology,North America,11-50,Premium,2020-03-19
CUST01877,Jason Martinez,diane25@example.net,59,Female,Financial Services,North America,51-200,Premium,2020-01-28
CUST01878,Anthony Morrison,diane47@example.net,70,Other,Government & Public Sector,Australia & New Zealand,51-200,Standard,2019-02-08
CUST01879,Emma Peterson,diane74@example.com,58,Male,Education,Australia & New Zealand,11-50,Standard,2019-08-12
CUST01880,Jessica Harrison,dianegonzalez@example.org,43,Female,Media & Communications,Asia-Pacific,1-10,Standard,2019-05-21
CUST01881,Julie Miller,dianejackson@example.com,62,Female,Professional Services,North America,1-10,Enterprise,2020-04-06
CUST01882,Jillian Hester,diazjanice@example.org,38,Female,Technology,Australia & New Zealand,51-200,Standard,2019-10-22
CUST01883,Taylor Cohen,diazjohn@example.com,43,Female,Retail,North America,51-200,Free,2021-08-06
CUST01884,Christopher Henderson,diazjulie@example.net,69,Female,Financial Services,Europe,1-10,Premium,2020-04-19
CUST01885,Jessica Nguyen,diazkevin@example.com,19,Female,Technology,Australia & New Zealand,1000+,Standard,2021-10-03
CUST01886,Jeremy Gonzales,diazrebekah@example.com,58,Female,Healthcare,Australia & New Zealand,11-50,Premium,2020-10-31
CUST01887,Julian Robinson,dickersonneil@example.org,50,Male,Retail,Asia-Pacific,11-50,Free,2020-04-17
CUST01888,Patrick Preston,dillonsteven@example.com,28,Male,Financial Services,Europe,501-1000,Standard,2020-10-02
CUST01889,Shawn Stewart,dixondavid@example.com,26,Other,Technology,North America,201-500,Standard,2019-10-07
CUST01890,Wesley Morales,dixonmichael@example.org,41,Other,Manufacturing,North America,201-500,Standard,2019-09-08
CUST01891,Todd Vaughn,djefferson@example.org,52,Female,Healthcare,Europe,201-500,Premium,2020-07-08
CUST01892,Rebecca Garcia,djohnson@example.com,48,Male,Technology,Australia & New Zealand,51-200,Premium,2019-02-14
CUST01893,Michelle Nash,djones@example.org,62,Male,Media & Communications,North America,51-200,Standard,2020-03-24
CUST01894,David Lawrence,dking@example.org,24,Other,Professional Services,Australia & New Zealand,1000+,Standard,2020-09-16
CUST01895,Aaron Reese,dlindsey@example.org,21,Male,Media & Communications,North America,1-10,Standard,2019-08-14
CUST01896,Megan Cameron,dlopez@example.net,28,Other,Manufacturing,North America,11-50,Free,2020-07-07
CUST01897,Tiffany Key,dmaldonado@example.com,53,Male,Technology,Australia & New Zealand,1000+,Standard,2021-08-17
CUST01898,Amanda Johnson,dmalone@example.net,55,Male,Education,Europe,51-200,Standard,2019-09-01
CUST01899,Nicholas Thomas,dmarquez@example.com,44,Other,Media & Communications,Australia & New Zealand,201-500,Standard,2019-07-22
CUST01900,Kendra Nelson,dmata@example.net,34,Female,Other,Australia & New Zealand,11-50,Premium,2020-02-29
CUST01901,Jeffrey Hall,dmays@example.org,56,Male,Healthcare,Australia & New Zealand,51-200,Enterprise,2020-03-22
CUST01902,Jordan Kennedy,dmccall@example.net,43,Female,Healthcare,Europe,51-200,Free,2020-05-08
CUST01903,Paul Boone,dmelendez@example.net,35,Other,Other,Australia & New Zealand,1000+,Enterprise,2020-01-21
CUST01904,Roberta Robinson,dmiller@example.org,26,Male,Technology,Asia-Pacific,201-500,Enterprise,2019-12-15
CUST01905,Christopher Shaw,dmorales@example.net,70,Other,Retail,North America,201-500,Free,2020-02-20
CUST01906,Emma Ward,dmorse@example.net,34,Female,Healthcare,North America,1000+,Standard,2020-03-22
CUST01907,Cristina Potter,dnunez@example.org,50,Female,Professional Services,Europe,11-50,Premium,2018-12-29
CUST01908,Kelsey Bartlett,dolson@example.org,56,Male,Retail,North America,1-10,Standard,2019-04-28
CUST01909,Emily Walker,dominguezcollin@example.net,25,Male,Professional Services,Europe,201-500,Standard,2021-05-29
CUST01910,Nicole Anderson,dominique22@example.net,44,Female,Technology,Europe,1000+,Enterprise,2019-04-02
CUST01911,Michele Brown,dominiquelarson@example.net,24,Male,Professional Services,Europe,1-10,Standard,2021-01-02
CUST01912,Matthew Gibson,donald17@example.net,32,Other,Technology,North America,1000+,Premium,2019-12-10
CUST01913,Natalie Smith,donald23@example.net,31,Male,Healthcare,North America,11-50,Standard,2020-06-11
CUST01914,Denise Phillips,donald49@example.net,24,Other,Government & Public Sector,Other,11-50,Free,2021-01-06
CUST01915,Robert Singh,donald54@example.com,35,Male,Technology,Asia-Pacific,51-200,Enterprise,2021-01-19
CUST01916,Diana Shaw,donald77@example.com,38,Male,Government & Public Sector,Other,51-200,Free,2020-02-02
CUST01917,Ashley Lee,donaldarroyo@example.net,57,Male,Financial Services,North America,51-200,Free,2020-01-03
CUST01918,Adam Silva,donaldgordon@example.com,69,Other,Technology,Asia-Pacific,11-50,Free,2020-01-11
CUST01919,Matthew Morales,donaldhuffman@example.net,39,Male,Professional Services,North America,201-500,Standard,2019-08-27
CUST01920,Jacqueline Wright,donaldkeith@example.org,24,Other,Professional Services,Australia & New Zealand,51-200,Premium,2019-11-20
CUST01921,Joseph Reid,donaldlandry@example.org,68,Other,Manufacturing,Australia & New Zealand,501-1000,Premium,2019-09-11
CUST01922,Vanessa Hayes,donaldroberts@example.net,31,Female,Retail,Europe,501-1000,Standard,2020-03-31
CUST01923,Jason Marshall,donking@example.net,29,Male,Technology,Australia & New Zealand,51-200,Standard,2021-04-10
CUST01924,Elizabeth Williams,donna01@example.net,69,Female,Financial Services,Australia & New Zealand,201-500,Standard,2020-10-25
CUST01925,Hannah Joseph,donna07@example.net,41,Female,Healthcare,Australia & New Zealand,201-500,Standard,2020-07-26
CUST01926,Ronald Guerrero,donna20@example.org,23,Other,Education,Australia & New Zealand,51-200,Free,2020-09-25
CUST01927,Rebecca Skinner,donna27@example.org,63,Female,Retail,Asia-Pacific,1000+,Enterprise,2019-09-13
CUST01928,Vanessa Tate,donna63@example.net,54,Other,Technology,Europe,201-500,Enterprise,2018-10-31
CUST01929,Margaret Mcguire,donna69@example.com,50,Other,Retail,North America,501-1000,Enterprise,2019-06-05
CUST01930,Summer Bentley,donna93@example.net,29,Male,Professional Services,Australia & New Zealand,1-10,Enterprise,2019-11-03
CUST01931,Richard Compton,donnaaustin@example.net,24,Male,Technology,Other,1-10,Standard,2020-03-22
CUST01932,Heather Morrison,donnablackburn@example.org,58,Male,Professional Services,Australia & New Zealand,51-200,Free,2020-12-18
CUST01933,Adrian Valenzuela,donnacraig@example.org,19,Other,Retail,Other,11-50,Standard,2019-08-11
CUST01934,Jonathan Fox,donnadodson@example.com,58,Male,Retail,Europe,1000+,Premium,2019-05-24
CUST01935,Zachary Medina,donnaespinoza@example.com,36,Male,Financial Services,North America,11-50,Enterprise,2019-11-09
CUST01936,Jane Hall,donnahill@example.com,52,Female,Education,North America,1-10,Standard,2019-12-14
CUST01937,Stacy King,donnalee@example.net,61,Other,Professional Services,Europe,1-10,Premium,2020-10-03
CUST01938,Sarah Flores,donnaphillips@example.net,36,Other,Education,Europe,201-500,Free,2019-08-16
CUST01939,Andrea Castaneda,donnawhite@example.net,26,Male,Media & Communications,Asia-Pacific,51-200,Premium,2018-11-20
CUST01940,Luis Cross,donnawood@example.org,45,Other,Retail,Europe,11-50,Standard,2019-06-11
CUST01941,Ashley Huff,donovanerik@example.com,38,Female,Professional Services,North America,11-50,Premium,2021-03-19
CUST01942,Randall Barton,dorothy70@example.net,29,Other,Technology,North America,51-200,Premium,2019-02-21
CUST01943,Christian Hamilton,doughertytravis@example.net,22,Male,Financial Services,North America,1000+,Standard,2021-02-06
CUST01944,Marie Cunningham,douglas01@example.net,46,Female,Media & Communications,Australia & New Zealand,201-500,Free,2020-07-05
CUST01945,Jacqueline Taylor,douglas14@example.org,23,Male,Financial Services,North America,51-200,Premium,2020-02-14
CUST01946,Barbara Carrillo,douglas50@example.org,24,Male,Healthcare,Asia-Pacific,11-50,Premium,2021-03-21
CUST01947,Evan Medina,douglas54@example.com,20,Female,Technology,Australia & New Zealand,1000+,Free,2020-04-09
CUST01948,Cynthia Smith,douglas84@example.com,38,Female,Technology,Asia-Pacific,501-1000,Enterprise,2021-03-26
CUST01949,Roy Ford,douglasclark@example.com,25,Other,Manufacturing,Australia & New Zealand,11-50,Standard,2020-03-22
CUST01950,Alexis Wagner,douglasdaniel@example.org,18,Male,Healthcare,Australia & New Zealand,501-1000,Premium,2019-11-21
CUST01951,April Robbins,douglasjames@example.net,35,Male,Technology,North America,11-50,Enterprise,2021-05-10
CUST01952,Brittany Miller,douglasjohnson@example.org,67,Male,Government & Public Sector,Asia-Pacific,201-500,Premium,2020-09-22
CUST01953,Steven Miller,douglasjones@example.org,67,Male,Manufacturing,Asia-Pacific,11-50,Standard,2020-11-01
CUST01954,Laura Collins,douglasmccormick@example.net,50,Other,Retail,Europe,51-200,Standard,2021-04-25
CUST01955,Kyle Spencer,douglassmith@example.com,35,Male,Professional Services,Asia-Pacific,201-500,Premium,2020-01-19
CUST01956,Michael Miller,douglasvilla@example.com,51,Other,Financial Services,Europe,1-10,Standard,2020-05-13
CUST01957,Susan Ford,douglaswilliams@example.net,42,Other,Professional Services,Asia-Pacific,201-500,Free,2020-07-31
CUST01958,Jennifer Leon,dowens@example.net,21,Other,Healthcare,Asia-Pacific,51-200,Premium,2020-11-10
CUST01959,Timothy Jones,doylelaura@example.org,35,Male,Financial Services,Asia-Pacific,501-1000,Standard,2019-05-05
CUST01960,Roberto Rogers,doylenatalie@example.org,21,Female,Media & Communications,Europe,201-500,Standard,2018-07-19
CUST01961,Vincent Nichols,dpacheco@example.net,55,Other,Other,Australia & New Zealand,51-200,Free,2020-09-18
CUST01962,John Woods,dparsons@example.org,59,Female,Healthcare,Europe,201-500,Standard,2020-09-17
CUST01963,Kyle Mcdonald,dpatton@example.org,27,Other,Technology,Asia-Pacific,1000+,Enterprise,2020-06-11
CUST01964,Natalie Gonzalez,dpayne@example.org,19,Male,Financial Services,Australia & New Zealand,501-1000,Standard,2020-05-20
CUST01965,Lauren Johnson,dperkins@example.org,55,Female,Technology,Europe,201-500,Premium,2020-04-16
CUST01966,Danielle Simmons,dpeterson@example.com,30,Male,Retail,North America,501-1000,Free,2018-10-24
CUST01967,Terry Flores,dpham@example.com,28,Male,Financial Services,Australia & New Zealand,51-200,Standard,2020-12-01
CUST01968,Samuel Williams,drakejasmin@example.com,19,Male,Financial Services,Australia & New Zealand,501-1000,Free,2020-02-17
CUST01969,Henry Newman Jr.,drakejeremy@example.org,67,Other,Technology,Asia-Pacific,51-200,Standard,2019-02-15
CUST01970,Cody Smith,drewsmith@example.org,55,Male,Retail,Europe,201-500,Premium,2020-05-11
CUST01971,Dawn Williams,drodriguez@example.com,41,Male,Healthcare,North America,1-10,Standard,2019-04-01
CUST01972,Daniel Stokes,drodriguez@example.net,55,Male,Retail,Europe,51-200,Standard,2020-12-29
CUST01973,Christine Wilson,drogers@example.org,55,Female,Technology,Asia-Pacific,201-500,Premium,2021-03-22
CUST01974,Bradley Simmons,droy@example.com,48,Male,Healthcare,Australia & New Zealand,11-50,Premium,2019-12-28
CUST01975,Alec Robinson,dschultz@example.com,28,Other,Government & Public Sector,Europe,51-200,Premium,2020-01-07
CUST01976,James Jones,dsilva@example.org,57,Other,Government & Public Sector,Asia-Pacific,11-50,Standard,2021-04-20
CUST01977,Anthony Dickerson,dsingh@example.net,59,Female,Other,North America,11-50,Enterprise,2019-04-11
CUST01978,Matthew Case,dsnyder@example.org,66,Other,Manufacturing,Australia & New Zealand,201-500,Premium,2020-11-05
CUST01979,Jennifer Martinez,dstewart@example.com,36,Other,Healthcare,Europe,1000+,Standard,2020-10-13
CUST01980,Karla West,dstewart@example.org,51,Other,Technology,North America,501-1000,Standard,2019-07-15
CUST01981,Alex Chaney,dstone@example.com,37,Male,Other,Asia-Pacific,51-200,Premium,2019-11-19
CUST01982,Luis Barton,dstrickland@example.org,29,Female,Financial Services,Australia & New Zealand,1000+,Premium,2020-11-02
CUST01983,Benjamin Mccoy,dthomas@example.com,53,Other,Professional Services,Australia & New Zealand,1000+,Premium,2019-06-12
CUST01984,Ryan Malone,dtran@example.org,54,Male,Government & Public Sector,Australia & New Zealand,201-500,Free,2020-10-02
CUST01985,Joshua Madden,duanehopkins@example.org,39,Female,Other,Australia & New Zealand,201-500,Standard,2019-11-25
CUST01986,Brianna Vaughn,duartemichael@example.net,22,Other,Professional Services,Asia-Pacific,11-50,Premium,2021-06-28
CUST01987,Daniel Brown,dudleycynthia@example.org,42,Male,Government & Public Sector,Europe,51-200,Premium,2019-10-19
CUST01988,Adam Smith,duncanhannah@example.com,42,Male,Technology,Europe,11-50,Premium,2019-06-25
CUST01989,Samantha Davis,dunlapkathy@example.org,50,Male,Financial Services,North America,201-500,Free,2020-02-03
CUST01990,Amanda Hayes,dunnjohn@example.org,45,Male,Technology,Asia-Pacific,11-50,Premium,2020-06-23
CUST01991,Zachary Costa,duranmaureen@example.org,20,Male,Healthcare,Europe,51-200,Premium,2020-08-28
CUST01992,Kevin Richardson,durhammatthew@example.org,43,Female,Technology,North America,201-500,Enterprise,2019-06-16
CUST01993,Dustin Ford,dustin11@example.com,34,Other,Retail,Other,1-10,Standard,2019-11-28
CUST01994,Johnny Herring,dustin19@example.com,59,Other,Professional Services,Australia & New Zealand,51-200,Standard,2020-01-22
CUST01995,Carla Oneill,dustin30@example.org,46,Male,Financial Services,Asia-Pacific,11-50,Enterprise,2019-01-19
CUST01996,Summer Wallace,dustin31@example.org,27,Other,Healthcare,North America,51-200,Premium,2020-03-19
CUST01997,Cameron Miller,dustin39@example.org,27,Female,Retail,Australia & New Zealand,51-200,Enterprise,2020-05-25
CUST01998,Christian Johnson,dustin49@example.org,63,Male,Professional Services,Australia & New Zealand,11-50,Standard,2020-04-14
CUST01999,Dominique Cervantes,dustin71@example.org,29,Female,Financial Services,Australia & New Zealand,201-500,Premium,2019-02-25
CUST02000,Anna Moore,dustindouglas@example.net,66,Female,Manufacturing,North America,1000+,Premium,2019-06-30
CUST02001,Bradley Jimenez,dvalentine@example.com,46,Female,Retail,Europe,11-50,Premium,2020-01-05
CUST02002,Laurie Mckenzie,dvasquez@example.org,62,Female,Other,Australia & New Zealand,51-200,Free,2020-11-10
CUST02003,James Noble Jr.,dwatson@example.net,39,Female,Technology,North America,1000+,Standard,2021-01-12
CUST02004,Kelly Rice,dwilliams@example.org,40,Other,Other,North America,11-50,Standard,2019-04-20
CUST02005,Steven Bullock,dwillis@example.org,58,Female,Other,Asia-Pacific,51-200,Free,2021-02-13
CUST02006,Denise Bennett,dylan31@example.net,53,Female,Government & Public Sector,North America,51-200,Free,2019-11-08
CUST02007,Bradley Hubbard,dylan60@example.net,55,Female,Professional Services,North America,51-200,Enterprise,2020-09-09
CUST02008,Kathryn Smith,dylanfoster@example.org,36,Male,Media & Communications,Europe,51-200,Enterprise,2020-09-12
CUST02009,Scott Hahn,ealvarado@example.com,65,Other,Education,North America,51-200,Standard,2020-03-08
CUST02010,Brian Wood,ealvarez@example.org,38,Male,Manufacturing,Asia-Pacific,11-50,Standard,2020-08-22
CUST02011,James White,ebarr@example.com,41,Female,Financial Services,Asia-Pacific,501-1000,Premium,2020-11-03
CUST02012,Mary Simpson,ebell@example.net,55,Other,Media & Communications,Asia-Pacific,1-10,Enterprise,2019-04-07
CUST02013,Michael Lewis,ebennett@example.net,63,Male,Technology,North America,51-200,Standard,2019-10-08
CUST02014,Michael Webb,ebenson@example.org,38,Male,Financial Services,Asia-Pacific,201-500,Standard,2019-05-01
CUST02015,Ashley Gutierrez,ebernard@example.net,56,Other,Professional Services,North America,1-10,Enterprise,2020-04-01
CUST02016,Sabrina Weber,eblankenship@example.net,20,Female,Technology,Asia-Pacific,11-50,Standard,2021-01-13
CUST02017,Meredith Pineda,ebowen@example.net,27,Female,Financial Services,Asia-Pacific,201-500,Standard,2019-03-15
CUST02018,William Lozano,ecallahan@example.org,41,Male,Healthcare,Asia-Pacific,51-200,Standard,2020-10-05
CUST02019,Sean Blackburn,ecastaneda@example.net,28,Male,Healthcare,Europe,501-1000,Standard,2020-01-29
CUST02020,Jerry Rivera,ecervantes@example.net,21,Male,Manufacturing,Australia & New Zealand,1-10,Free,2020-07-26
CUST02021,Sarah Mcfarland,echarles@example.net,31,Other,Government & Public Sector,Australia & New Zealand,51-200,Enterprise,2020-06-24
CUST02022,Ashley Yoder,echristensen@example.com,33,Female,Financial Services,Other,1000+,Standard,2019-11-15
CUST02023,Tracey Banks,echristensen@example.net,60,Female,Media & Communications,Asia-Pacific,51-200,Standard,2018-11-23
CUST02024,Thomas Smith,echurch@example.org,31,Other,Technology,Australia & New Zealand,11-50,Free,2019-06-01
CUST02025,Charles Wells,ecopeland@example.org,20,Female,Healthcare,Asia-Pacific,501-1000,Free,2018-11-03
CUST02026,Justin Greer,edavidson@example.com,40,Male,Technology,Europe,11-50,Premium,2020-03-25
CUST02027,Amy Johnson,eddie67@example.com,36,Other,Technology,North America,1-10,Standard,2019-01-29
CUST02028,Bryan Lee,edgar21@example.net,33,Other,Manufacturing,Australia & New Zealand,11-50,Premium,2020-04-13
CUST02029,Rodney Norton,edward21@example.org,21,Female,Healthcare,Australia & New Zealand,501-1000,Enterprise,2020-07-08
CUST02030,Amber Erickson,edward52@example.org,23,Other,Financial Services,Other,1000+,Standard,2021-02-27
CUST02031,Mr. Casey Bradley,edward53@example.com,28,Female,Media & Communications,Asia-Pacific,1000+,Standard,2020-02-22
CUST02032,Paula Davis,edward64@example.com,50,Female,Professional Services,Australia & New Zealand,51-200,Enterprise,2019-11-13
CUST02033,Hayden Hernandez,edward78@example.net,61,Male,Retail,North America,51-200,Enterprise,2020-07-03
CUST02034,Jack Huang,edward93@example.com,28,Female,Media & Communications,North America,11-50,Enterprise,2019-05-31
CUST02035,Vickie Kent,edwarderickson@example.org,26,Male,Technology,Europe,11-50,Standard,2019-04-19
CUST02036,Jessica George,edwardhaas@example.org,25,Male,Professional Services,Europe,11-50,Free,2019-11-01
CUST02037,Laura Johnson,edwardlewis@example.org,20,Other,Professional Services,Asia-Pacific,201-500,Standard,2021-04-25
CUST02038,William Barr,edwardphillips@example.org,32,Other,Healthcare,Asia-Pacific,201-500,Free,2021-04-07
CUST02039,Andrea Cross,edwardsamy@example.net,40,Female,Financial Services,Asia-Pacific,51-200,Free,2020-02-07
CUST02040,Neil Davis,edwardsandrew@example.org,33,Other,Retail,Australia & New Zealand,51-200,Standard,2019-12-24
CUST02041,Jennifer Webster,edwardsmartha@example.com,24,Male,Media & Communications,Other,51-200,Free,2020-06-15
CUST02042,Anthony Moreno,edwardsmelissa@example.com,50,Male,Financial Services,Other,201-500,Premium,2019-09-13
CUST02043,Fernando Johnson,edwardsrobin@example.org,39,Other,Professional Services,North America,1000+,Standard,2019-09-30
CUST02044,Erica Harmon,edwardsryan@example.net,60,Other,Technology,North America,51-200,Enterprise,2020-05-20
CUST02045,Isaac Wright,edwardwallace@example.com,46,Male,Education,North America,1000+,Enterprise,2020-06-13
CUST02046,Ronald Sloan,edwardwright@example.org,18,Male,Education,North America,1000+,Free,2020-10-11
CUST02047,Angela Williams,edwin13@example.org,61,Female,Healthcare,North America,51-200,Premium,2020-05-11
CUST02048,Shaun Kelley,edwin62@example.com,19,Other,Education,Europe,51-200,Standard,2021-01-13
CUST02049,Warren Gallagher,edwinwarren@example.net,69,Male,Manufacturing,Australia & New Zealand,11-50,Standard,2020-02-20
CUST02050,Sean Allen,efletcher@example.net,49,Male,Manufacturing,North America,1-10,Enterprise,2020-08-27
CUST02051,Michael Woodard,efloyd@example.com,50,Other,Technology,Europe,1000+,Standard,2019-03-23
CUST02052,Nichole Johnson,egallagher@example.net,42,Male,Retail,Europe,51-200,Standard,2020-07-29
CUST02053,Noah Clark,egarcia@example.com,18,Other,Healthcare,Australia & New Zealand,501-1000,Free,2019-12-07
CUST02054,Deborah Cook,egonzalez@example.net,21,Male,Education,Asia-Pacific,201-500,Standard,2021-08-04
CUST02055,Claudia Miller,egonzalez@example.org,47,Male,Financial Services,Australia & New Zealand,201-500,Premium,2019-09-13
CUST02056,Robin Sanchez,egreer@example.org,52,Male,Technology,Asia-Pacific,51-200,Premium,2018-08-27
CUST02057,Vicki Lopez,egross@example.org,51,Other,Media & Communications,Australia & New Zealand,51-200,Free,2019-08-28
CUST02058,Daniel Roberts,eharvey@example.com,50,Other,Technology,Other,201-500,Enterprise,2021-11-15
CUST02059,Krista Hernandez,ehayden@example.org,33,Female,Education,Other,501-1000,Free,2020-11-11
CUST02060,David Barajas,ehernandez@example.com,40,Female,Other,Europe,51-200,Enterprise,2018-07-29
CUST02061,Megan Brock,ehill@example.net,69,Other,Healthcare,Asia-Pacific,201-500,Standard,2020-03-10
CUST02062,Adam Dennis,eholmes@example.com,50,Other,Technology,Australia & New Zealand,51-200,Premium,2020-08-23
CUST02063,Natalie Edwards,ehuff@example.net,22,Other,Manufacturing,Asia-Pacific,1000+,Standard,2021-04-27
CUST02064,Karen Moses,ehunter@example.net,42,Female,Healthcare,North America,1000+,Premium,2020-06-28
CUST02065,Chad Pace,ejohnson@example.net,45,Male,Media & Communications,North America,51-200,Free,2021-01-30
CUST02066,Tanya Gross,ejones@example.org,44,Female,Financial Services,North America,11-50,Free,2019-11-22
CUST02067,Ashley Martin,ekelley@example.net,24,Female,Other,Australia & New Zealand,201-500,Free,2019-02-03
CUST02068,Michelle Gonzalez,eking@example.com,43,Male,Healthcare,Europe,201-500,Enterprise,2019-10-24
CUST02069,Nina Ortiz,elaine86@example.org,35,Other,Financial Services,Europe,11-50,Premium,2020-08-17
CUST02070,Meagan Wong,elainejohnson@example.net,46,Other,Professional Services,Australia & New Zealand,1-10,Standard,2020-01-24
CUST02071,Jason Smith,elainepreston@example.org,31,Other,Technology,Europe,51-200,Standard,2019-01-03
CUST02072,Amanda Garrison,elizabeth03@example.org,69,Other,Technology,Asia-Pacific,51-200,Standard,2020-11-14
CUST02073,Erik Beasley,elizabeth10@example.com,69,Other,Technology,Europe,501-1000,Standard,2020-05-24
CUST02074,Sean Dillon,elizabeth14@example.com,69,Male,Technology,Australia & New Zealand,51-200,Free,2020-01-24
CUST02075,William Cannon,elizabeth29@example.org,23,Other,Manufacturing,North America,11-50,Standard,2019-09-08
CUST02076,Michael Coleman,elizabeth48@example.net,41,Male,Retail,Europe,1-10,Enterprise,2019-04-06
CUST02077,Ryan Moran,elizabeth50@example.org,55,Male,Professional Services,Australia & New Zealand,51-200,Enterprise,2020-03-14
CUST02078,Patricia Johnson,elizabeth68@example.com,27,Female,Education,North America,501-1000,Free,2020-04-13
CUST02079,George Edwards,elizabeth72@example.net,56,Other,Other,Other,1000+,Premium,2019-04-20
CUST02080,Matthew Henson,elizabeth73@example.net,22,Male,Professional Services,North America,51-200,Enterprise,2018-12-23
CUST02081,Karen Stewart,elizabeth80@example.org,22,Other,Professional Services,Asia-Pacific,51-200,Premium,2019-12-20
CUST02082,Michael Newton,elizabeth82@example.net,40,Male,Technology,Asia-Pacific,1000+,Standard,2020-07-11
CUST02083,Judy Jennings,elizabeth97@example.com,58,Other,Technology,North America,1-10,Enterprise,2020-09-11
CUST02084,Allen Jones,elizabeth98@example.net,59,Male,Technology,Europe,201-500,Standard,2019-10-08
CUST02085,Susan Bennett,elizabethandersen@example.com,43,Female,Retail,Australia & New Zealand,11-50,Premium,2020-08-17
CUST02086,Gregory Barnett,elizabethclark@example.net,56,Female,Retail,North America,51-200,Standard,2019-12-27
CUST02087,Janet Harris,elizabethflores@example.net,58,Other,Education,Europe,501-1000,Premium,2020-06-27
CUST02088,Anna Gallegos,elizabethford@example.com,33,Male,Healthcare,Australia & New Zealand,201-500,Standard,2019-08-07
CUST02089,Jeremiah Jones,elizabethgomez@example.net,69,Male,Technology,Other,201-500,Standard,2020-02-26
CUST02090,Bobby Hoffman,elizabethjenkins@example.com,28,Other,Retail,Other,201-500,Free,2019-05-16
CUST02091,Joshua Gillespie,elizabethking@example.net,55,Other,Other,Australia & New Zealand,51-200,Enterprise,2019-11-13
CUST02092,Michael Riggs,elizabethkrause@example.org,56,Female,Retail,Europe,201-500,Premium,2020-01-19
CUST02093,Morgan Wagner,elizabethlamb@example.com,39,Female,Media & Communications,Europe,1000+,Free,2019-06-14
CUST02094,Amy Mann,elizabethlindsey@example.net,41,Male,Education,Asia-Pacific,201-500,Premium,2020-03-21
CUST02095,Karina Mcmahon,elizabethmanning@example.org,29,Other,Technology,Australia & New Zealand,1-10,Standard,2019-05-31
CUST02096,James Smith,elizabethmeadows@example.com,23,Female,Other,Other,11-50,Enterprise,2019-11-21
CUST02097,Brandon Floyd,elizabethmyers@example.com,66,Other,Professional Services,Australia & New Zealand,501-1000,Premium,2020-12-30
CUST02098,Vickie Nash,elizabethpearson@example.net,24,Female,Technology,Asia-Pacific,1000+,Standard,2019-06-06
CUST02099,Ms. Brandi Munoz,elizabethsilva@example.org,40,Other,Retail,Australia & New Zealand,51-200,Premium,2019-10-07
CUST02100,William Thomas,elizabethsmith@example.com,69,Male,Technology,Asia-Pacific,51-200,Standard,2020-05-06
CUST02101,Deborah Snow,elizabethtorres@example.net,29,Other,Professional Services,Australia & New Zealand,201-500,Standard,2020-06-18
CUST02102,Susan Carter,elizabethwhite@example.com,19,Other,Education,North America,1-10,Enterprise,2019-08-01
CUST02103,Brian Clark,elizabethwilcox@example.org,56,Female,Technology,Australia & New Zealand,1-10,Standard,2020-03-11
CUST02104,Maurice Brown,elliottcollin@example.com,33,Other,Government & Public Sector,Europe,1-10,Premium,2019-10-23
CUST02105,Joshua Young,elliottdaniel@example.com,37,Other,Financial Services,North America,1000+,Free,2020-01-21
CUST02106,Tyler Gilbert,elliottfrank@example.net,31,Male,Retail,Asia-Pacific,201-500,Free,2019-10-16
CUST02107,Molly Huynh,elliottrandall@example.org,39,Male,Healthcare,Other,1-10,Standard,2019-05-11
CUST02108,Kimberly Frazier,elliottryan@example.net,55,Female,Professional Services,Asia-Pacific,51-200,Premium,2020-12-14
CUST02109,Francisco Campbell,ellismario@example.org,39,Female,Government & Public Sector,North America,1000+,Standard,2021-01-08
CUST02110,Benjamin Rodgers,ellisonmelissa@example.net,59,Other,Media & Communications,Asia-Pacific,1-10,Free,2019-11-21
CUST02111,Jessica Ferrell,ellisvanessa@example.net,36,Male,Healthcare,North America,501-1000,Enterprise,2020-12-25
CUST02112,Charles Jordan,elloyd@example.net,68,Male,Retail,North America,51-200,Enterprise,2021-08-04
CUST02113,Brian Clark,emaldonado@example.com,60,Female,Media & Communications,North America,201-500,Enterprise,2020-09-27
CUST02114,Samantha Ryan,emanning@example.org,38,Female,Technology,North America,201-500,Standard,2020-04-16
CUST02115,Nicholas Mercado,emartinez@example.com,48,Other,Manufacturing,Australia & New Zealand,51-200,Enterprise,2020-10-11
CUST02116,Katie Anderson,emay@example.net,49,Male,Professional Services,North America,51-200,Standard,2020-03-17
CUST02117,Pamela Arnold,emay@example.org,56,Other,Technology,Asia-Pacific,11-50,Standard,2020-03-16
CUST02118,Kristine Rivera,emily36@example.com,37,Male,Professional Services,Australia & New Zealand,1-10,Enterprise,2019-09-14
CUST02119,Matthew Reyes,emily50@example.net,66,Female,Professional Services,Asia-Pacific,51-200,Enterprise,2019-12-06
CUST02120,Bryan Rivera,emily66@example.com,61,Male,Other,Asia-Pacific,1-10,Enterprise,2020-09-07
CUST02121,George Romero,emily67@example.org,38,Male,Financial Services,Asia-Pacific,51-200,Free,2021-01-14
CUST02122,Phillip Gaines,emily69@example.com,33,Male,Professional Services,Australia & New Zealand,11-50,Standard,2020-07-05
CUST02123,Leah Johnson,emily70@example.net,43,Other,Manufacturing,Other,1000+,Free,2019-02-07
CUST02124,Mitchell Kidd,emily89@example.com,28,Female,Manufacturing,North America,201-500,Standard,2020-12-01
CUST02125,Deborah Duncan,emilyanderson@example.net,20,Female,Education,Asia-Pacific,11-50,Enterprise,2020-05-15
CUST02126,Jeffrey Aguirre,emilydodson@example.com,43,Male,Manufacturing,Europe,1-10,Standard,2019-09-24
CUST02127,Seth Giles,emilyfoster@example.org,43,Female,Technology,Australia & New Zealand,51-200,Standard,2019-08-08
CUST02128,Francis Mitchell,emilygamble@example.net,33,Male,Healthcare,Australia & New Zealand,51-200,Enterprise,2019-02-23
CUST02129,Kathleen Kelley,emilygentry@example.net,32,Male,Technology,Europe,51-200,Standard,2020-05-01
CUST02130,Devon Decker,emilyholt@example.com,39,Female,Technology,Australia & New Zealand,51-200,Enterprise,2021-08-17
CUST02131,Laura Hernandez,emilymiles@example.org,43,Female,Other,Asia-Pacific,201-500,Standard,2019-10-16
CUST02132,David Conner PhD,emilyobrien@example.org,63,Male,Other,Europe,201-500,Premium,2020-05-04
CUST02133,Jose Erickson,emilyparsons@example.org,42,Female,Retail,Asia-Pacific,51-200,Standard,2021-08-19
CUST02134,Olivia Morton,emilyschmidt@example.org,30,Other,Professional Services,Asia-Pacific,11-50,Standard,2019-11-10
CUST02135,Christine Cobb,emilysilva@example.net,39,Female,Manufacturing,Asia-Pacific,201-500,Enterprise,2020-10-20
CUST02136,Caitlin Hughes DDS,emilyvasquez@example.org,70,Male,Professional Services,Europe,201-500,Premium,2020-08-26
CUST02137,Dillon Marshall,emilywilliams@example.org,40,Other,Retail,Asia-Pacific,51-200,Premium,2020-02-03
CUST02138,Kelly Dillon,emma03@example.org,68,Male,Technology,Australia & New Zealand,51-200,Premium,2018-12-27
CUST02139,Jessica Williamson,emma66@example.com,19,Other,Education,Europe,11-50,Free,2020-01-14
CUST02140,Lisa Turner,emmaanderson@example.net,64,Male,Technology,Australia & New Zealand,201-500,Premium,2021-07-22
CUST02141,Lisa Nolan,emmavalencia@example.org,52,Female,Professional Services,Australia & New Zealand,11-50,Standard,2019-07-22
CUST02142,Anthony Byrd,enavarro@example.org,53,Other,Financial Services,Australia & New Zealand,501-1000,Standard,2020-07-18
CUST02143,Christina Conner,enewton@example.net,46,Other,Healthcare,North America,1000+,Standard,2020-11-25
CUST02144,Marvin King,englishaustin@example.com,50,Female,Retail,Europe,1-10,Premium,2020-10-11
CUST02145,Debra Reyes,enicholson@example.com,30,Male,Manufacturing,North America,1-10,Standard,2020-10-05
CUST02146,Robin Calhoun,enorris@example.org,27,Male,Government & Public Sector,North America,501-1000,Free,2020-05-14
CUST02147,Lucas Bell,eoconnor@example.net,63,Other,Technology,Asia-Pacific,501-1000,Premium,2021-07-20
CUST02148,William Huerta,eortega@example.org,29,Female,Other,Europe,51-200,Premium,2019-02-28
CUST02149,Jennifer Nelson,eparker@example.org,33,Male,Manufacturing,Australia & New Zealand,11-50,Premium,2019-12-12
CUST02150,Maurice Martinez,eparks@example.net,24,Other,Professional Services,North America,51-200,Standard,2018-12-07
CUST02151,Tanya Powell,epatel@example.org,34,Female,Retail,Europe,51-200,Standard,2020-01-20
CUST02152,Robert Boyle,eperez@example.net,58,Male,Technology,Asia-Pacific,11-50,Enterprise,2020-05-20
CUST02153,Tami Elliott,eperry@example.net,48,Female,Financial Services,North America,11-50,Free,2019-01-20
CUST02154,John Myers,eraymond@example.org,37,Female,Professional Services,Europe,1-10,Enterprise,2019-10-14
CUST02155,Kenneth Wheeler,ereid@example.com,67,Other,Education,Europe,11-50,Standard,2020-07-05
CUST02156,Jerry Rodgers,eric03@example.org,56,Male,Technology,Asia-Pacific,51-200,Premium,2019-04-22
CUST02157,Ashley Martinez,eric07@example.org,19,Female,Other,Australia & New Zealand,1-10,Standard,2019-01-12
CUST02158,Gary Reyes,eric13@example.org,40,Female,Government & Public Sector,Australia & New Zealand,11-50,Standard,2020-11-15
CUST02159,Matthew Brown,eric17@example.net,65,Female,Professional Services,Australia & New Zealand,11-50,Standard,2020-08-16
CUST02160,Nathaniel Garrett,eric30@example.org,45,Female,Manufacturing,Europe,11-50,Premium,2019-08-18
CUST02161,Marc Harvey,eric45@example.net,51,Other,Education,Australia & New Zealand,51-200,Standard,2020-10-04
CUST02162,Anna Garza MD,eric49@example.net,54,Other,Financial Services,Europe,201-500,Free,2020-06-21
CUST02163,Willie Harmon,eric50@example.net,58,Other,Education,Asia-Pacific,501-1000,Standard,2021-07-04
CUST02164,Jason Barnes,eric62@example.org,53,Male,Technology,Australia & New Zealand,51-200,Standard,2020-09-20
CUST02165,Brandon Jenkins,eric63@example.com,27,Female,Retail,Other,201-500,Standard,2021-05-11
CUST02166,Rebecca Green,eric96@example.org,28,Female,Manufacturing,Europe,51-200,Standard,2021-01-04
CUST02167,Andrea Wood,erica00@example.net,55,Male,Technology,Asia-Pacific,201-500,Premium,2019-01-16
CUST02168,James Anderson,erica33@example.com,52,Female,Technology,Australia & New Zealand,11-50,Free,2021-01-02
CUST02169,Donna Barker,erica71@example.com,69,Male,Financial Services,Asia-Pacific,51-200,Standard,2021-11-24
CUST02170,Mathew Russo,ericadennis@example.org,49,Female,Technology,Australia & New Zealand,201-500,Enterprise,2019-10-07
CUST02171,Taylor Johnson,ericapadilla@example.com,62,Female,Technology,Asia-Pacific,11-50,Standard,2021-03-27
CUST02172,Kristina Nelson,ericaperez@example.org,56,Male,Media & Communications,Asia-Pacific,51-200,Standard,2020-05-30
CUST02173,Sandra Hamilton,ericavasquez@example.com,18,Female,Financial Services,Australia & New Zealand,51-200,Premium,2019-12-25
CUST02174,Susan Bailey,ericcarter@example.org,33,Male,Media & Communications,Asia-Pacific,11-50,Standard,2021-02-06
CUST02175,Amy Barr,ericflynn@example.org,49,Female,Financial Services,Other,501-1000,Enterprise,2020-06-09
CUST02176,Michael Hicks,erichaynes@example.com,21,Other,Professional Services,Asia-Pacific,11-50,Premium,2019-03-25
CUST02177,Billy Martinez,erichull@example.net,43,Female,Healthcare,Australia & New Zealand,1-10,Free,2021-03-21
CUST02178,Sandra Todd,ericingram@example.org,44,Other,Government & Public Sector,North America,201-500,Free,2021-01-19
CUST02179,Lindsey Garcia,ericjackson@example.net,39,Male,Education,Other,11-50,Free,2020-05-06
CUST02180,Sara Hess,ericksonamy@example.net,62,Male,Professional Services,Asia-Pacific,11-50,Standard,2019-02-04
CUST02181,Donald Rios,ericlee@example.org,46,Male,Healthcare,Asia-Pacific,1000+,Standard,2019-11-19
CUST02182,Jenny Miller DDS,ericmarquez@example.com,44,Female,Financial Services,Australia & New Zealand,51-200,Premium,2019-06-02
CUST02183,Stephanie Bowman,ericmckinney@example.com,67,Other,Financial Services,North America,11-50,Standard,2018-12-04
CUST02184,Lindsay Schmidt,ericmurphy@example.org,59,Other,Technology,Australia & New Zealand,51-200,Standard,2020-03-10
CUST02185,Andrew Peterson,ericperez@example.org,63,Female,Financial Services,Asia-Pacific,1000+,Enterprise,2019-08-20
CUST02186,Mr. Christian Henson Jr.,ericperry@example.com,45,Male,Retail,North America,1000+,Standard,2019-03-22
CUST02187,Caleb Carter,ericpham@example.net,31,Male,Retail,Asia-Pacific,11-50,Standard,2019-09-01
CUST02188,Toni Harris,ericsimmons@example.org,62,Female,Government & Public Sector,North America,201-500,Enterprise,2019-06-04
CUST02189,Erica Burton,ericthomas@example.com,69,Female,Financial Services,Australia & New Zealand,51-200,Enterprise,2020-10-31
CUST02190,Michelle Ward,ericvaughan@example.org,20,Male,Media & Communications,Asia-Pacific,501-1000,Premium,2019-04-01
CUST02191,Sarah Finley,ericwelch@example.org,27,Male,Retail,Australia & New Zealand,201-500,Standard,2020-05-15
CUST02192,James Kelley,erik46@example.net,34,Other,Other,North America,11-50,Premium,2021-03-12
CUST02193,David Castillo,erik82@example.org,29,Male,Other,North America,11-50,Free,2020-01-16
CUST02194,Heather Perry,erik95@example.com,60,Other,Education,Australia & New Zealand,1000+,Standard,2019-08-13
CUST02195,Elijah Waller,erika28@example.com,23,Female,Professional Services,Europe,51-200,Premium,2021-02-08
CUST02196,Jeremy Maldonado,erika34@example.org,22,Female,Manufacturing,Europe,201-500,Standard,2020-03-14
CUST02197,Shannon Murray,erika47@example.com,59,Male,Technology,Other,1000+,Free,2020-02-21
CUST02198,Hector Perez,erika47@example.org,43,Female,Healthcare,Australia & New Zealand,11-50,Standard,2020-05-12
CUST02199,Kimberly Perkins,erikacox@example.net,51,Other,Manufacturing,Europe,201-500,Standard,2021-06-10
CUST02200,Matthew Hayes,erikasanchez@example.com,59,Other,Government & Public Sector,Asia-Pacific,51-200,Premium,2021-07-08
CUST02201,Rebecca Stephens,erikawilliams@example.net,29,Male,Technology,Europe,201-500,Enterprise,2020-05-02
CUST02202,Joshua Stone,erikcarey@example.org,52,Female,Retail,Europe,51-200,Premium,2019-05-27
CUST02203,Krista Harrison MD,erikcoleman@example.net,33,Other,Professional Services,North America,51-200,Standard,2021-05-18
CUST02204,Jerry Warren,eriksmith@example.net,57,Female,Technology,Europe,1000+,Enterprise,2018-09-29
CUST02205,James Frank,erikwheeler@example.org,28,Other,Media & Communications,Australia & New Zealand,51-200,Standard,2019-09-06
CUST02206,Anthony Rivera,erin11@example.com,65,Male,Professional Services,Asia-Pacific,201-500,Standard,2020-05-10
CUST02207,Sherry Griffin,erin26@example.com,45,Male,Retail,Asia-Pacific,51-200,Standard,2020-08-11
CUST02208,Patrick Flores,erin54@example.com,27,Other,Professional Services,Asia-Pacific,51-200,Free,2020-07-28
CUST02209,Jackie Hunter,erin56@example.net,27,Other,Financial Services,Asia-Pacific,1000+,Premium,2021-02-26
CUST02210,Kathryn Madden,erin60@example.net,33,Female,Media & Communications,Australia & New Zealand,201-500,Standard,2019-02-21
CUST02211,Vincent Brown,erin72@example.org,57,Male,Manufacturing,Europe,201-500,Standard,2019-01-03
CUST02212,Richard Smith,erin98@example.net,27,Other,Technology,Australia & New Zealand,201-500,Standard,2019-05-29
CUST02213,Jesus Ramos,erinburns@example.org,52,Male,Education,North America,201-500,Standard,2018-12-10
CUST02214,Mrs. Danielle Melton,eringarcia@example.com,20,Male,Technology,Europe,201-500,Enterprise,2021-03-03
CUST02215,Michelle Davidson,erinholder@example.net,45,Other,Technology,North America,501-1000,Enterprise,2019-09-28
CUST02216,Marisa Santiago,erinperez@example.org,56,Other,Technology,Europe,51-200,Premium,2019-02-17
CUST02217,Kimberly Golden,erinwelch@example.org,59,Male,Media & Communications,Europe,201-500,Standard,2021-03-06
CUST02218,David Johnson,ernesthines@example.com,24,Other,Media & Communications,Australia & New Zealand,51-200,Premium,2020-07-12
CUST02219,Mr. George Davis,erobertson@example.org,66,Other,Professional Services,North America,201-500,Free,2020-09-25
CUST02220,Holly James,erogers@example.net,61,Male,Technology,North America,51-200,Enterprise,2021-10-30
CUST02221,Don Sloan,eromero@example.org,52,Other,Technology,Australia & New Zealand,11-50,Free,2021-07-29
CUST02222,Kimberly Porter,eross@example.org,70,Other,Technology,Europe,1000+,Standard,2020-01-01
CUST02223,Mr. Brad Mclean,eruiz@example.net,53,Male,Government & Public Sector,Australia & New Zealand,11-50,Standard,2021-02-24
CUST02224,Kristen Hamilton,erussell@example.net,23,Female,Professional Services,Other,51-200,Free,2020-01-12
CUST02225,Joshua Hernandez,esandoval@example.org,51,Other,Technology,North America,51-200,Enterprise,2019-11-03
CUST02226,Shawn Daniels,eschmidt@example.net,69,Male,Government & Public Sector,North America,11-50,Standard,2020-04-28
CUST02227,Nancy Acevedo,escobarbeth@example.net,24,Male,Government & Public Sector,Asia-Pacific,1000+,Standard,2019-05-07
CUST02228,Sandra Perez,escobarbrooke@example.org,55,Female,Professional Services,North America,1000+,Free,2021-05-16
CUST02229,Nancy Allen,esharp@example.net,63,Other,Professional Services,Australia & New Zealand,1000+,Premium,2020-12-06
CUST02230,Hunter Irwin,esmith@example.com,45,Male,Financial Services,Australia & New Zealand,51-200,Standard,2019-06-09
CUST02231,Michael Fuentes,esmith@example.org,69,Other,Retail,Europe,201-500,Premium,2019-11-06
CUST02232,Rose Watson,esnow@example.com,40,Other,Financial Services,North America,51-200,Standard,2020-09-07
CUST02233,Denise Perry,esoto@example.org,21,Other,Financial Services,Asia-Pacific,51-200,Premium,2019-12-23
CUST02234,Elizabeth Brown,esparzabrittany@example.com,34,Male,Government & Public Sector,Australia & New Zealand,51-200,Enterprise,2020-09-16
CUST02235,Brent Mitchell II,espinozabrian@example.org,33,Male,Technology,Australia & New Zealand,201-500,Free,2021-02-21
CUST02236,Priscilla Bowers,espinozamichael@example.com,31,Male,Technology,Asia-Pacific,51-200,Premium,2020-04-23
CUST02237,Teresa Guerrero,estesjon@example.org,51,Male,Technology,Europe,11-50,Standard,2019-07-07
CUST02238,Penny Sanchez,estewart@example.org,28,Male,Technology,Europe,11-50,Premium,2020-07-04
CUST02239,Patrick Morgan,estradajoseph@example.com,63,Female,Technology,North America,1-10,Standard,2020-01-28
CUST02240,George Thompson,estradapaul@example.org,61,Other,Government & Public Sector,Australia & New Zealand,51-200,Standard,2018-11-21
CUST02241,Christian Gonzalez,eswanson@example.com,18,Other,Other,North America,11-50,Standard,2020-05-18
CUST02242,Megan Estrada,ethan61@example.com,58,Other,Other,Australia & New Zealand,51-200,Enterprise,2021-07-09
CUST02243,Heather Moreno,ethomas@example.org,55,Female,Professional Services,Other,51-200,Premium,2020-06-09
CUST02244,Jonathan Poole,ethompson@example.net,26,Male,Other,Australia & New Zealand,501-1000,Standard,2020-10-25
CUST02245,Paul Hudson,etucker@example.net,62,Male,Government & Public Sector,Asia-Pacific,501-1000,Premium,2019-08-24
CUST02246,Caitlyn Myers,eturner@example.com,62,Other,Professional Services,Australia & New Zealand,1-10,Standard,2019-11-10
CUST02247,Jenny Romero,eugene25@example.org,51,Other,Retail,Australia & New Zealand,1000+,Standard,2019-02-09
CUST02248,Christopher Thomas,eugene94@example.org,54,Other,Retail,North America,51-200,Premium,2019-10-10
CUST02249,Adam Henson,eugeneflowers@example.net,28,Male,Technology,North America,51-200,Standard,2021-06-26
CUST02250,Dale Ruiz,evan91@example.org,22,Male,Media & Communications,Other,11-50,Enterprise,2020-12-09
CUST02251,Thomas Forbes,evan98@example.com,26,Female,Retail,North America,1-10,Premium,2021-05-08
CUST02252,Joseph Wagner,evanorr@example.com,65,Other,Professional Services,Australia & New Zealand,501-1000,Standard,2021-08-14
CUST02253,Mrs. Felicia Kelley DDS,evansamber@example.net,51,Female,Healthcare,Asia-Pacific,51-200,Free,2020-09-18
CUST02254,George Baker,evansbarbara@example.org,24,Male,Education,Asia-Pacific,11-50,Premium,2019-06-27
CUST02255,Joshua Alvarez,evanscraig@example.org,20,Other,Technology,Europe,501-1000,Standard,2019-10-19
CUST02256,Shari Chapman,evansjeffery@example.net,20,Male,Professional Services,Australia & New Zealand,51-200,Premium,2020-11-08
CUST02257,Vincent Cisneros,evansjose@example.org,61,Female,Technology,Australia & New Zealand,501-1000,Enterprise,2019-07-01
CUST02258,George Frey,evanstony@example.org,70,Other,Professional Services,Asia-Pacific,51-200,Premium,2019-12-28
CUST02259,Brandy Russell,evillarreal@example.com,63,Other,Financial Services,Australia & New Zealand,51-200,Standard,2019-04-21
CUST02260,Victoria Johnson,ewalker@example.org,28,Other,Technology,North America,501-1000,Standard,2019-02-06
CUST02261,Marco Esparza,ewhite@example.net,57,Female,Technology,North America,51-200,Premium,2020-04-12
CUST02262,Michael Valencia,ewilliams@example.com,63,Male,Technology,Other,51-200,Standard,2020-05-16
CUST02263,Sierra Stone,ewilliams@example.net,58,Female,Media & Communications,Australia & New Zealand,11-50,Premium,2020-04-29
CUST02264,Micheal Parker,ewilliams@example.org,32,Female,Manufacturing,North America,51-200,Standard,2019-05-05
CUST02265,Steven Pham,ewilson@example.com,43,Other,Financial Services,Europe,51-200,Standard,2021-06-26
CUST02266,Jaclyn Holland,fadams@example.org,61,Other,Professional Services,Australia & New Zealand,51-200,Free,2021-03-12
CUST02267,Sherri Miles,faith77@example.com,45,Male,Government & Public Sector,Australia & New Zealand,1000+,Free,2018-10-04
CUST02268,Marco Walker,falexander@example.org,32,Other,Professional Services,Other,201-500,Free,2019-09-07
CUST02269,Brian Wood,falvarez@example.org,51,Male,Retail,Europe,11-50,Enterprise,2019-06-20
CUST02270,Alexander Ramos,farleysamuel@example.com,20,Male,Healthcare,Australia & New Zealand,1000+,Standard,2020-11-06
CUST02271,Kathleen Martinez,farmerchad@example.net,34,Other,Retail,Asia-Pacific,501-1000,Standard,2020-10-22
CUST02272,Sabrina Coleman,farrellamy@example.org,62,Female,Other,Australia & New Zealand,1-10,Standard,2020-01-11
CUST02273,Roger Smith,farrellandrea@example.com,44,Other,Technology,Australia & New Zealand,1000+,Free,2021-03-24
CUST02274,Michael Garcia,farrellzachary@example.net,47,Female,Technology,Europe,201-500,Premium,2020-03-17
CUST02275,Jordan Ho,faulknercindy@example.net,20,Male,Other,North America,501-1000,Enterprise,2019-10-31
CUST02276,Ryan Contreras,fbarton@example.com,28,Female,Retail,Other,1000+,Free,2020-01-30
CUST02277,Philip Davis,fbenjamin@example.org,36,Other,Professional Services,Europe,51-200,Free,2019-12-30
CUST02278,Jonathan Phillips MD,fblackburn@example.net,23,Other,Other,Australia & New Zealand,501-1000,Standard,2020-06-09
CUST02279,Sarah Johnson,fbrown@example.net,47,Male,Government & Public Sector,North America,51-200,Standard,2020-03-09
CUST02280,Jodi Bailey,fburke@example.org,59,Female,Government & Public Sector,Europe,201-500,Standard,2020-09-06
CUST02281,Brett Blanchard,fcardenas@example.net,41,Other,Technology,Europe,1000+,Enterprise,2021-03-14
CUST02282,Andrea Garcia,fcarter@example.org,36,Other,Professional Services,Asia-Pacific,1000+,Enterprise,2020-03-21
CUST02283,Ann Molina,fchang@example.com,32,Other,Manufacturing,Asia-Pacific,51-200,Premium,2020-11-28
CUST02284,Meghan Sexton,fcoleman@example.com,24,Female,Professional Services,Europe,11-50,Enterprise,2019-11-16
CUST02285,Savannah Mcneil,fcox@example.org,20,Male,Healthcare,North America,1000+,Premium,2019-07-16
CUST02286,Jennifer Bailey,fcunningham@example.org,45,Male,Manufacturing,North America,1000+,Premium,2021-07-03
CUST02287,Sheila Pacheco,fdaniel@example.com,24,Female,Healthcare,North America,11-50,Standard,2019-08-21
CUST02288,Melinda Cook,fdavis@example.com,54,Male,Financial Services,Asia-Pacific,11-50,Standard,2020-10-18
CUST02289,Dawn Compton,fdavis@example.net,51,Other,Healthcare,Australia & New Zealand,11-50,Standard,2020-12-01
CUST02290,Pamela Lang,felicia10@example.net,54,Male,Other,Europe,51-200,Free,2019-06-15
CUST02291,James Todd,felicia89@example.net,23,Female,Professional Services,North America,1-10,Standard,2019-12-02
CUST02292,Patricia Berry,felicialindsey@example.com,20,Other,Financial Services,Europe,501-1000,Free,2020-08-19
CUST02293,Christine Parker,fergusonchristopher@example.org,63,Other,Retail,Australia & New Zealand,201-500,Standard,2020-02-15
CUST02294,Jack Jones,fergusonlisa@example.org,47,Female,Financial Services,Other,51-200,Premium,2019-12-17
CUST02295,William Torres,fergusonsara@example.org,54,Other,Professional Services,Asia-Pacific,51-200,Standard,2019-12-26
CUST02296,Kelsey Lin,fernandezkimberly@example.net,60,Male,Professional Services,North America,201-500,Enterprise,2019-01-28
CUST02297,Stacy Jones,fernandezmark@example.org,27,Male,Manufacturing,Australia & New Zealand,1-10,Standard,2021-03-24
CUST02298,Katherine King,fernandezmiguel@example.net,58,Male,Media & Communications,Australia & New Zealand,11-50,Free,2019-06-18
CUST02299,Michelle Sparks,ferrellmelissa@example.net,23,Female,Manufacturing,Asia-Pacific,51-200,Free,2019-10-06
CUST02300,Cindy Rose,festrada@example.com,22,Male,Technology,Australia & New Zealand,1-10,Premium,2020-12-27
CUST02301,Joshua Morrow,ffarmer@example.net,65,Other,Technology,North America,1-10,Standard,2021-05-02
CUST02302,Larry Lawrence,ffitzgerald@example.com,46,Male,Government & Public Sector,Europe,1000+,Premium,2019-12-10
CUST02303,Jennifer Jones,fflores@example.org,37,Male,Retail,Asia-Pacific,1000+,Standard,2020-01-10
CUST02304,Michael Norton,ffoley@example.net,48,Female,Other,Asia-Pacific,201-500,Premium,2020-03-13
CUST02305,Jennifer Scott,ffrazier@example.org,19,Female,Professional Services,Asia-Pacific,501-1000,Premium,2019-11-25
CUST02306,Robert Cobb,ffuentes@example.com,41,Male,Financial Services,Europe,11-50,Premium,2020-01-20
CUST02307,William Hensley MD,fgentry@example.net,42,Other,Retail,North America,501-1000,Standard,2019-12-04
CUST02308,Rodney Goodman,fgilbert@example.com,63,Male,Financial Services,Europe,1-10,Standard,2021-02-09
CUST02309,Heather Lyons,fhahn@example.com,63,Female,Financial Services,Europe,51-200,Standard,2019-11-22
CUST02310,Brittney Jones,fhall@example.net,47,Other,Professional Services,Australia & New Zealand,51-200,Enterprise,2019-03-04
CUST02311,John Walker,fhayes@example.net,65,Other,Media & Communications,Asia-Pacific,1000+,Free,2019-07-22
CUST02312,Luke Jennings,fhayes@example.org,69,Female,Education,Europe,501-1000,Standard,2019-09-21
CUST02313,Michael Matthews,fhoffman@example.org,43,Male,Retail,Australia & New Zealand,51-200,Free,2020-10-03
CUST02314,Adrienne Mcfarland,fhorne@example.com,42,Male,Education,Asia-Pacific,51-200,Premium,2020-12-18
CUST02315,Holly Fox,fhoward@example.com,36,Female,Other,Europe,51-200,Standard,2021-01-09
CUST02316,David Garza,fhumphrey@example.net,59,Female,Other,Europe,201-500,Enterprise,2020-08-23
CUST02317,Shelby Macdonald,fieldstony@example.org,35,Female,Education,Australia & New Zealand,11-50,Standard,2020-04-26
CUST02318,Patricia King,fingram@example.com,54,Female,Education,North America,11-50,Standard,2020-04-26
CUST02319,Kevin Sexton,fischerjonathan@example.org,61,Female,Technology,North America,201-500,Premium,2020-06-26
CUST02320,Lori Smith,fischermark@example.org,56,Other,Media & Communications,Australia & New Zealand,51-200,Free,2020-02-06
CUST02321,Jackie Knight,fischersteven@example.org,20,Other,Healthcare,Australia & New Zealand,201-500,Free,2020-01-21
CUST02322,Mrs. Nicole Torres,fisherwhitney@example.net,51,Other,Technology,Asia-Pacific,51-200,Standard,2018-11-21
CUST02323,Haley Richard,fitzpatrickerin@example.com,33,Male,Technology,North America,11-50,Standard,2021-07-07
CUST02324,Bailey West,fjones@example.net,45,Other,Technology,North America,51-200,Free,2019-12-08
CUST02325,Kimberly Smith,fjones@example.org,58,Other,Professional Services,Europe,501-1000,Enterprise,2019-07-29
CUST02326,Jack Velazquez,flemingmichael@example.org,31,Other,Retail,Asia-Pacific,1-10,Standard,2019-11-28
CUST02327,Andrew Dougherty,fletchersteven@example.com,34,Other,Technology,North America,501-1000,Premium,2019-12-01
CUST02328,Jessica Lee,flewis@example.org,67,Other,Other,Other,11-50,Premium,2020-04-01
CUST02329,Megan Evans,flindsey@example.com,23,Male,Technology,Australia & New Zealand,501-1000,Free,2020-12-05
CUST02330,Justin Barnes,floresbethany@example.net,32,Other,Technology,North America,51-200,Free,2020-11-03
CUST02331,Frank Sherman,floresbryan@example.net,64,Female,Media & Communications,Asia-Pacific,51-200,Free,2019-11-09
CUST02332,Justin Brown,floreslisa@example.net,58,Female,Healthcare,Europe,11-50,Standard,2020-08-17
CUST02333,Kim Jenkins,floresmary@example.net,36,Male,Manufacturing,Europe,1000+,Premium,2020-04-27
CUST02334,Cindy Thomas,floresnicholas@example.org,48,Male,Government & Public Sector,Australia & New Zealand,11-50,Free,2020-01-24
CUST02335,Samantha Taylor,florespamela@example.org,29,Male,Other,Asia-Pacific,51-200,Free,2020-01-02
CUST02336,Scott Harper,floressue@example.org,58,Male,Retail,Australia & New Zealand,51-200,Standard,2020-11-18
CUST02337,Abigail Vaughn,flowersalicia@example.net,29,Female,Retail,Asia-Pacific,11-50,Premium,2019-12-01
CUST02338,Mr. Shawn Bruce,flynnanthony@example.com,42,Male,Technology,Australia & New Zealand,51-200,Standard,2021-03-12
CUST02339,Brent Andrews,fmarshall@example.org,58,Other,Education,North America,1000+,Enterprise,2019-02-22
CUST02340,Julie Escobar,fmartin@example.org,28,Male,Financial Services,North America,51-200,Premium,2020-10-16
CUST02341,Amy Fuentes,fmathis@example.net,50,Other,Technology,Australia & New Zealand,501-1000,Standard,2020-01-18
CUST02342,Ryan Patrick,fmcfarland@example.org,59,Female,Retail,Asia-Pacific,1000+,Standard,2019-06-01
CUST02343,Michael Wilson,fmckay@example.com,64,Male,Technology,Australia & New Zealand,51-200,Enterprise,2020-02-05
CUST02344,Jennifer Banks,fmcneil@example.net,53,Other,Retail,North America,501-1000,Free,2021-03-27
CUST02345,Shirley Howard,fmiller@example.org,52,Other,Other,Other,1-10,Free,2020-02-10
CUST02346,Seth Foster,fmoore@example.com,50,Other,Professional Services,Europe,1000+,Standard,2021-08-10
CUST02347,Jordan Hopkins,fmoore@example.org,47,Other,Healthcare,North America,51-200,Enterprise,2020-02-18
CUST02348,Gregory Lee,fmoreno@example.net,52,Other,Technology,North America,11-50,Premium,2021-02-19
CUST02349,Jaime Lewis,fmoreno@example.org,46,Male,Professional Services,Australia & New Zealand,1-10,Premium,2020-09-26
CUST02350,Steven Johnson,fmorgan@example.com,37,Female,Technology,North America,51-200,Enterprise,2020-01-18
CUST02351,Emily Smith,fnguyen@example.org,26,Female,Financial Services,Europe,51-200,Standard,2020-05-20
CUST02352,Erica Harris,fnorton@example.net,57,Male,Technology,Australia & New Zealand,501-1000,Standard,2019-09-13
CUST02353,Patricia Wilkins,fobrien@example.net,55,Female,Education,Australia & New Zealand,201-500,Free,2020-09-30
CUST02354,Margaret Bell,fordanthony@example.org,67,Male,Media & Communications,North America,11-50,Premium,2019-11-26
CUST02355,Victoria Hansen,fordjennifer@example.net,65,Male,Healthcare,Europe,1000+,Standard,2020-11-15
CUST02356,Bethany Juarez,fosterjeffrey@example.net,38,Female,Other,North America,51-200,Standard,2020-11-13
CUST02357,Carol Wilson,fosterlinda@example.org,62,Female,Government & Public Sector,North America,501-1000,Standard,2019-09-05
CUST02358,William Glover,fowlersue@example.com,32,Other,Healthcare,North America,501-1000,Standard,2019-10-17
CUST02359,Eileen Hart,foxkelly@example.com,70,Other,Media & Communications,Europe,1-10,Free,2020-10-11
CUST02360,Diane Mills,foxrichard@example.com,27,Other,Retail,North America,11-50,Free,2020-07-12
CUST02361,Christopher Browning,fpatterson@example.com,31,Male,Technology,Asia-Pacific,51-200,Enterprise,2020-09-29
CUST02362,David Frost,fpatterson@example.net,67,Female,Media & Communications,Australia & New Zealand,51-200,Standard,2021-10-09
CUST02363,Kimberly Wright,fpayne@example.com,38,Female,Retail,Europe,1-10,Standard,2019-08-01
CUST02364,Steven Rodriguez,fpowell@example.org,54,Male,Government & Public Sector,Asia-Pacific,51-200,Enterprise,2020-06-03
CUST02365,Nathan Dominguez,frances17@example.org,39,Other,Technology,Europe,51-200,Free,2020-01-23
CUST02366,Jennifer Cooper,francis23@example.org,60,Other,Government & Public Sector,Other,201-500,Standard,2021-06-12
CUST02367,Mr. David Richardson,francischristy@example.org,66,Other,Technology,Asia-Pacific,1-10,Free,2019-03-16
CUST02368,Jillian Fletcher,francisco96@example.net,46,Female,Technology,Europe,501-1000,Free,2019-02-11
CUST02369,Mrs. Nicole Perez,franciscoali@example.com,38,Other,Retail,Australia & New Zealand,1000+,Standard,2020-10-27
CUST02370,Stephanie Webb,franciscorey@example.net,31,Male,Professional Services,North America,201-500,Standard,2021-04-13
CUST02371,Sean Tucker,franciselizabeth@example.com,40,Male,Education,Australia & New Zealand,11-50,Standard,2021-02-05
CUST02372,Joseph Brown,francokimberly@example.com,41,Male,Professional Services,Asia-Pacific,501-1000,Premium,2019-02-05
CUST02373,Phillip Curry,frank06@example.net,61,Female,Technology,Asia-Pacific,1000+,Premium,2020-09-22
CUST02374,Sara Chapman,frank19@example.net,26,Other,Manufacturing,North America,1-10,Premium,2020-02-10
CUST02375,Jason Nicholson,frank35@example.org,33,Male,Media & Communications,North America,11-50,Enterprise,2020-05-04
CUST02376,Robert Spears,frankcarey@example.org,64,Male,Financial Services,Australia & New Zealand,1-10,Premium,2020-07-21
CUST02377,Erica Henderson,frankcook@example.com,39,Female,Professional Services,North America,501-1000,Enterprise,2020-10-16
CUST02378,Douglas Marshall,frankcopeland@example.net,32,Female,Media & Communications,Asia-Pacific,1000+,Premium,2021-01-03
CUST02379,Jessica Erickson,frankgallagher@example.net,68,Male,Education,Asia-Pacific,51-200,Premium,2021-06-05
CUST02380,Tracy Frye,franklinharold@example.com,48,Other,Healthcare,Australia & New Zealand,11-50,Free,2020-08-27
CUST02381,Allison Stevenson,franklinjamie@example.com,21,Male,Government & Public Sector,Australia & New Zealand,1000+,Standard,2019-11-04
CUST02382,Mrs. Ashley Andrews,franklinkenneth@example.net,44,Other,Manufacturing,North America,1000+,Standard,2019-09-27
CUST02383,Nathan Huerta,franklucero@example.net,43,Other,Retail,North America,501-1000,Standard,2020-10-27
CUST02384,Randall Brown,frazierjessica@example.com,20,Other,Media & Communications,North America,51-200,Premium,2018-11-23
CUST02385,Michael Mclean,frederick35@example.com,34,Other,Technology,North America,1000+,Free,2020-08-18
CUST02386,William Romero,frederick71@example.com,21,Other,Manufacturing,North America,1000+,Standard,2018-12-06
CUST02387,Christine Daniels,frederickannette@example.com,27,Male,Financial Services,Asia-Pacific,201-500,Standard,2021-02-07
CUST02388,Christopher Romero,fredericksalazar@example.com,23,Female,Professional Services,North America,201-500,Premium,2019-06-30
CUST02389,Nicole Scott,freemanaaron@example.com,70,Other,Retail,Australia & New Zealand,1-10,Standard,2021-02-19
CUST02390,Jeffery Smith,freemanalan@example.com,69,Other,Professional Services,Asia-Pacific,501-1000,Premium,2019-01-18
CUST02391,Sara Miles,freemandaniel@example.org,67,Female,Manufacturing,Asia-Pacific,1-10,Standard,2021-04-15
CUST02392,Linda Doyle,freemanhaley@example.net,51,Female,Retail,Other,51-200,Standard,2019-12-28
CUST02393,Sara Martinez,freemankimberly@example.org,32,Male,Other,Australia & New Zealand,1-10,Premium,2019-09-20
CUST02394,Kimberly Johnson,freemanmax@example.org,18,Female,Financial Services,Europe,201-500,Enterprise,2020-04-14
CUST02395,Courtney Walsh,freemanrachel@example.com,64,Other,Healthcare,Australia & New Zealand,11-50,Standard,2019-07-01
CUST02396,Sherry Mills,freemanstephen@example.com,69,Male,Technology,Asia-Pacific,201-500,Premium,2020-12-09
CUST02397,Todd Bonilla,frenchroger@example.net,29,Male,Technology,North America,51-200,Premium,2021-12-04
CUST02398,Thomas Martinez,frenchthomas@example.org,34,Female,Education,Other,51-200,Premium,2019-07-28
CUST02399,Jessica Hernandez MD,frice@example.com,53,Male,Government & Public Sector,Europe,51-200,Standard,2020-06-21
CUST02400,Daniel Walker,friedmanjuan@example.org,53,Female,Education,Europe,201-500,Standard,2020-11-19
CUST02401,Christopher Moore,fritzanthony@example.org,67,Other,Retail,Asia-Pacific,201-500,Standard,2020-03-25
CUST02402,Summer Willis DDS,frobinson@example.com,37,Male,Other,Australia & New Zealand,1000+,Premium,2019-11-16
CUST02403,Lisa Lynch,frobinson@example.org,63,Male,Financial Services,Australia & New Zealand,201-500,Free,2019-10-22
CUST02404,Jeremy Ross,frodriguez@example.com,33,Male,Manufacturing,Europe,51-200,Standard,2018-10-23
CUST02405,Joan Walls,frodriguez@example.org,19,Male,Media & Communications,Europe,11-50,Premium,2020-08-21
CUST02406,Dustin Taylor,fromero@example.net,41,Female,Healthcare,Europe,501-1000,Free,2019-09-27
CUST02407,David Lam,frosterin@example.net,64,Other,Professional Services,Australia & New Zealand,51-200,Standard,2021-02-04
CUST02408,Calvin Brown,frycameron@example.org,69,Other,Manufacturing,Asia-Pacific,201-500,Free,2020-07-06
CUST02409,Tracy Bentley,fsandoval@example.net,51,Other,Other,Europe,11-50,Premium,2020-02-12
CUST02410,Joseph Mckay,fschwartz@example.org,42,Female,Professional Services,North America,51-200,Standard,2021-08-11
CUST02411,Stephanie Cook,fsparks@example.net,22,Female,Professional Services,Asia-Pacific,51-200,Premium,2019-06-24
CUST02412,Melissa Alvarado,ftanner@example.net,62,Female,Healthcare,North America,51-200,Premium,2020-05-08
CUST02413,Cynthia Garcia,ftaylor@example.net,32,Male,Education,North America,51-200,Standard,2020-04-06
CUST02414,James Clark,ftorres@example.org,69,Female,Financial Services,Europe,201-500,Premium,2018-12-04
CUST02415,Joshua Edwards,fuentesjeff@example.net,49,Female,Government & Public Sector,Australia & New Zealand,11-50,Standard,2020-11-30
CUST02416,Catherine Gomez,fulleranna@example.net,57,Male,Healthcare,Asia-Pacific,501-1000,Premium,2019-04-08
CUST02417,Ann Jones,fullerronald@example.com,50,Other,Professional Services,North America,51-200,Enterprise,2019-05-29
CUST02418,Crystal Vasquez,fullersteven@example.com,33,Male,Professional Services,North America,51-200,Free,2019-11-23
CUST02419,Lance Mcmillan,fvaldez@example.net,18,Other,Retail,Other,201-500,Premium,2018-12-04
CUST02420,Mary James,fwallace@example.net,57,Female,Financial Services,Europe,501-1000,Premium,2020-04-10
CUST02421,Mrs. Leah Harris,fward@example.net,44,Male,Retail,North America,11-50,Standard,2019-09-09
CUST02422,Jean Stewart,fward@example.org,37,Female,Technology,Australia & New Zealand,11-50,Standard,2019-07-26
CUST02423,Fernando Diaz,fweaver@example.com,27,Male,Professional Services,North America,201-500,Premium,2021-02-24
CUST02424,Dan Pratt,fweeks@example.com,42,Male,Media & Communications,Other,201-500,Premium,2020-10-20
CUST02425,Elizabeth Wells,fwells@example.net,48,Male,Technology,Europe,51-200,Free,2019-08-17
CUST02426,Dr. Phillip Wilkinson,fwest@example.com,55,Female,Healthcare,Australia & New Zealand,51-200,Standard,2020-09-03
CUST02427,Jaime Fisher,fwhite@example.com,45,Male,Healthcare,Australia & New Zealand,201-500,Standard,2021-05-27
CUST02428,Kevin Key MD,fwilliams@example.com,41,Female,Media & Communications,Europe,11-50,Free,2019-06-07
CUST02429,Joseph Martin,fwilliams@example.net,52,Other,Technology,Australia & New Zealand,11-50,Standard,2020-03-22
CUST02430,Kelly Turner DDS,fwilson@example.com,24,Male,Manufacturing,Asia-Pacific,51-200,Free,2019-04-18
CUST02431,Andrea Bowen,gabriel25@example.net,55,Other,Financial Services,Asia-Pacific,51-200,Enterprise,2019-11-29
CUST02432,Anthony Davis,gabriel60@example.net,56,Female,Technology,Asia-Pacific,11-50,Premium,2020-05-09
CUST02433,Eileen Kim,gabriel83@example.com,27,Male,Technology,Asia-Pacific,1000+,Enterprise,2020-03-07
CUST02434,Olivia Allen,gabrielcohen@example.com,42,Male,Retail,Europe,51-200,Premium,2020-11-20
CUST02435,Cory Rodgers,gabrielduran@example.org,57,Female,Healthcare,Europe,1000+,Standard,2021-05-09
CUST02436,Charlene Fernandez,gabriella01@example.org,46,Female,Retail,Europe,201-500,Premium,2018-12-17
CUST02437,David Warren,gabriella48@example.net,30,Male,Government & Public Sector,Australia & New Zealand,201-500,Enterprise,2021-07-18
CUST02438,Karen Torres,gabriellamcdonald@example.org,33,Female,Professional Services,Other,501-1000,Free,2021-03-22
CUST02439,Alexis Barrett,gabrielle49@example.com,35,Other,Technology,Australia & New Zealand,11-50,Enterprise,2020-03-03
CUST02440,William Johnson,gail67@example.com,30,Other,Financial Services,Europe,1-10,Standard,2019-03-30
CUST02441,Rebecca Figueroa,gailwatson@example.org,27,Female,Technology,Australia & New Zealand,11-50,Standard,2018-08-11
CUST02442,Juan Walsh,gallen@example.net,52,Male,Healthcare,North America,1000+,Free,2021-04-25
CUST02443,Zoe White,gallowayandrew@example.com,35,Male,Media & Communications,Australia & New Zealand,51-200,Standard,2020-08-08
CUST02444,Rebecca Stokes,gallowaywillie@example.com,40,Other,Education,Asia-Pacific,501-1000,Standard,2019-07-15
CUST02445,Stephanie Taylor,galvanheather@example.org,66,Female,Financial Services,North America,51-200,Standard,2019-06-15
CUST02446,Justin Padilla,galvarez@example.net,41,Other,Education,North America,1000+,Standard,2020-07-23
CUST02447,Maria Christian,gamblenicole@example.net,60,Other,Healthcare,North America,51-200,Standard,2020-11-19
CUST02448,Sarah Weaver,garciachristopher@example.org,32,Other,Technology,North America,1-10,Standard,2019-06-02
CUST02449,Sarah Bean,garciadavid@example.org,23,Male,Education,Europe,1-10,Premium,2019-05-11
CUST02450,Jasmine Mcdowell,garciadenise@example.net,52,Male,Financial Services,Asia-Pacific,11-50,Standard,2020-06-13
CUST02451,Wayne Miller,garciadevin@example.net,20,Other,Media & Communications,Other,201-500,Enterprise,2020-07-03
CUST02452,Ruben Oliver,garciajames@example.com,31,Male,Education,Australia & New Zealand,201-500,Premium,2020-02-28
CUST02453,Joel Walsh,garcialawrence@example.org,58,Other,Education,Europe,501-1000,Standard,2020-03-19
CUST02454,Scott Pacheco,garciaoscar@example.com,43,Female,Education,Australia & New Zealand,11-50,Free,2020-11-17
CUST02455,Molly Wood,garciarebecca@example.org,45,Other,Professional Services,Australia & New Zealand,201-500,Standard,2021-02-26
CUST02456,Ms. Judith Fisher,garciastacey@example.com,43,Other,Manufacturing,North America,501-1000,Enterprise,2019-02-28
CUST02457,Christine Wang,garciastacy@example.com,30,Other,Technology,Asia-Pacific,11-50,Premium,2019-02-15
CUST02458,James Garcia,garciathomas@example.com,60,Female,Financial Services,Asia-Pacific,501-1000,Free,2020-10-04
CUST02459,Jonathan Peters,garciathomas@example.org,61,Other,Professional Services,Australia & New Zealand,501-1000,Standard,2019-08-11
CUST02460,Carmen Clayton,gardnercarl@example.org,37,Male,Technology,Australia & New Zealand,51-200,Premium,2021-02-24
CUST02461,Margaret Jones,gardnerjoel@example.com,27,Female,Healthcare,Asia-Pacific,201-500,Premium,2020-09-05
CUST02462,Matthew Henry,gardnerrenee@example.com,32,Other,Technology,North America,1000+,Free,2019-05-25
CUST02463,Christopher Spencer,garrett37@example.com,27,Female,Retail,North America,1000+,Enterprise,2021-04-13
CUST02464,Margaret Ramsey,garrettjennifer@example.com,55,Female,Media & Communications,Australia & New Zealand,51-200,Standard,2018-12-22
CUST02465,Richard Contreras,garrettjessica@example.net,25,Other,Financial Services,Australia & New Zealand,51-200,Free,2020-08-02
CUST02466,Rhonda Edwards,garrettjoshua@example.com,59,Female,Financial Services,North America,201-500,Standard,2021-01-28
CUST02467,Paul English,garrettlittle@example.org,66,Other,Education,North America,501-1000,Enterprise,2019-01-22
CUST02468,James Larson,garrettmiranda@example.net,64,Male,Professional Services,Europe,501-1000,Standard,2020-05-25
CUST02469,Michael Bennett,garrettwarren@example.org,62,Other,Financial Services,North America,51-200,Enterprise,2020-04-28
CUST02470,Adam Jensen,gary07@example.com,61,Other,Retail,North America,201-500,Premium,2018-10-28
CUST02471,Natasha Johnson,gary43@example.com,42,Male,Financial Services,North America,1000+,Standard,2020-02-12
CUST02472,Ricky Bryan DDS,gary48@example.net,62,Male,Healthcare,Australia & New Zealand,11-50,Standard,2018-09-07
CUST02473,Richard Garcia,gary52@example.com,23,Other,Professional Services,Australia & New Zealand,1-10,Standard,2019-09-10
CUST02474,David Lewis,gary67@example.com,55,Male,Manufacturing,North America,51-200,Premium,2019-06-16
CUST02475,Bradley Hampton,gary68@example.com,24,Other,Other,Australia & New Zealand,201-500,Premium,2021-03-07
CUST02476,Sara Bray,gary77@example.net,61,Other,Healthcare,Australia & New Zealand,51-200,Standard,2019-12-20
CUST02477,Aaron Dixon,gary80@example.net,27,Other,Professional Services,Europe,11-50,Free,2019-09-11
CUST02478,Tracy Allison,gary85@example.org,68,Male,Retail,Australia & New Zealand,1-10,Premium,2020-01-28
CUST02479,Melissa Romero,garyallen@example.com,58,Female,Media & Communications,North America,51-200,Premium,2020-10-13
CUST02480,Amanda Potter,garyandrews@example.com,70,Other,Professional Services,Europe,501-1000,Premium,2021-10-23
CUST02481,Christina Bowman,garyjackson@example.com,30,Female,Education,Asia-Pacific,11-50,Premium,2020-07-30
CUST02482,Kevin Obrien,garyjackson@example.net,49,Male,Technology,Europe,11-50,Standard,2019-07-06
CUST02483,Katie Lewis,garyrichards@example.org,53,Male,Education,Other,51-200,Premium,2018-10-11
CUST02484,Robert Morgan,garysolis@example.com,22,Male,Professional Services,Asia-Pacific,1-10,Standard,2019-09-19
CUST02485,Roy Holder,garzamadeline@example.com,20,Other,Financial Services,Australia & New Zealand,51-200,Standard,2020-10-23
CUST02486,Eric Fields,garzatodd@example.org,45,Male,Financial Services,Asia-Pacific,1000+,Standard,2019-05-17
CUST02487,David Wilson,gateskathleen@example.net,62,Other,Technology,Asia-Pacific,1-10,Standard,2019-03-14
CUST02488,Tina Nelson,gatesnancy@example.org,65,Female,Technology,North America,1000+,Standard,2020-11-27
CUST02489,James Smith,gbailey@example.com,56,Male,Technology,Europe,51-200,Enterprise,2021-08-27
CUST02490,April Pacheco,gblake@example.net,62,Male,Technology,Asia-Pacific,11-50,Premium,2018-09-25
CUST02491,Kenneth Perez,gbraun@example.org,18,Other,Other,North America,51-200,Standard,2019-04-19
CUST02492,Alex Allen,gcameron@example.net,46,Female,Technology,North America,51-200,Standard,2020-09-08
CUST02493,Ruth Lewis,gcampbell@example.org,26,Other,Professional Services,Asia-Pacific,201-500,Premium,2020-02-08
CUST02494,Christopher Mason,gcharles@example.com,35,Female,Other,Australia & New Zealand,51-200,Standard,2020-01-30
CUST02495,Kelsey Gutierrez,gcole@example.com,23,Other,Professional Services,Europe,51-200,Standard,2020-01-25
CUST02496,Victoria Melton,gcooper@example.com,23,Other,Manufacturing,North America,501-1000,Standard,2020-03-08
CUST02497,Jacob Peterson,gcrawford@example.org,20,Female,Financial Services,Asia-Pacific,201-500,Standard,2021-03-25
CUST02498,Charlene Taylor,gdavis@example.net,64,Male,Other,Australia & New Zealand,1000+,Free,2020-02-25
CUST02499,Marie Mccullough,gdecker@example.org,26,Female,Professional Services,Other,201-500,Premium,2020-04-01
CUST02500,Dawn Larson,gdeleon@example.net,66,Female,Healthcare,North America,1000+,Premium,2020-03-05
CUST02501,Thomas Nunez,gduncan@example.org,26,Female,Professional Services,North America,51-200,Premium,2021-01-18
CUST02502,Julie Sanford,gedwards@example.org,24,Female,Financial Services,Other,51-200,Premium,2019-06-08
CUST02503,Aaron Stephens,geoffrey94@example.net,43,Male,Technology,Asia-Pacific,1-10,Standard,2020-10-13
CUST02504,Stephen Lambert,george05@example.org,22,Other,Financial Services,Europe,51-200,Free,2019-12-11
CUST02505,Brian Frey,george09@example.com,36,Other,Education,Europe,1-10,Standard,2020-09-27
CUST02506,Robert Malone,george15@example.net,70,Male,Retail,Australia & New Zealand,51-200,Standard,2020-02-28
CUST02507,Mark Hart,george47@example.com,69,Female,Healthcare,North America,501-1000,Standard,2019-11-24
CUST02508,Larry Fuller,george51@example.org,60,Male,Professional Services,Australia & New Zealand,51-200,Premium,2020-01-29
CUST02509,Derek Hunter,george57@example.com,64,Male,Technology,Other,51-200,Enterprise,2021-07-22
CUST02510,Sharon Humphrey,george94@example.net,56,Female,Retail,Europe,201-500,Standard,2020-09-25
CUST02511,Dana Doyle,georgebrown@example.org,56,Other,Technology,North America,11-50,Standard,2019-05-02
CUST02512,Brittany Hamilton,georgegould@example.com,41,Female,Other,Australia & New Zealand,1-10,Standard,2021-05-08
CUST02513,John Cox,georgeherman@example.com,39,Other,Media & Communications,North America,11-50,Standard,2019-02-17
CUST02514,Rick Stephens,georgemontoya@example.com,24,Male,Retail,Australia & New Zealand,11-50,Premium,2020-11-17
CUST02515,Sarah Garcia,gerald21@example.net,42,Female,Technology,Australia & New Zealand,11-50,Enterprise,2019-04-13
CUST02516,Kim Rowe,geraldmayer@example.net,46,Other,Education,Australia & New Zealand,201-500,Enterprise,2020-06-25
CUST02517,Daniel Ramirez,geraldmoore@example.org,40,Other,Technology,Australia & New Zealand,1000+,Enterprise,2021-05-18
CUST02518,Monica Odonnell,gevans@example.com,55,Male,Other,Australia & New Zealand,51-200,Standard,2020-12-09
CUST02519,Ariana Deleon,gevans@example.net,27,Female,Professional Services,Europe,501-1000,Free,2020-06-28
CUST02520,Barbara Barnes,gfowler@example.org,27,Other,Healthcare,Australia & New Zealand,1-10,Premium,2020-06-29
CUST02521,Gary Miller,gfox@example.net,41,Female,Technology,North America,1-10,Free,2019-08-08
CUST02522,Tara Guzman,ggarcia@example.org,37,Male,Professional Services,North America,51-200,Free,2019-05-24
CUST02523,Sara Murray,gguerra@example.org,51,Female,Technology,Europe,11-50,Enterprise,2020-09-18
CUST02524,Tyler Cortez,gharris@example.com,33,Other,Retail,North America,51-200,Standard,2019-11-30
CUST02525,Barbara Cox,gharris@example.net,48,Male,Other,Asia-Pacific,51-200,Premium,2020-02-16
CUST02526,Philip Young,ghernandez@example.com,39,Male,Professional Services,Asia-Pacific,201-500,Free,2020-02-06
CUST02527,Steven Wilson,gibbscarol@example.net,51,Male,Healthcare,Asia-Pacific,1-10,Premium,2021-01-21
CUST02528,Lauren Johnson,gibsoncarl@example.org,48,Male,Technology,Asia-Pacific,1-10,Enterprise,2020-06-27
CUST02529,Justin Knight,gibsonjohn@example.org,56,Other,Financial Services,North America,1-10,Standard,2019-10-28
CUST02530,Maria Roberts,gilbertgarrett@example.org,50,Male,Technology,Other,501-1000,Free,2020-08-26
CUST02531,Michael Williams,gilbertscott@example.com,50,Other,Technology,Australia & New Zealand,51-200,Standard,2020-06-13
CUST02532,Sherri Hunt,gilldanny@example.com,42,Male,Technology,Asia-Pacific,201-500,Standard,2020-05-24
CUST02533,Robert Steele,gillespiedarlene@example.net,54,Other,Retail,Asia-Pacific,1000+,Standard,2019-03-04
CUST02534,John Robertson,gillespiegeorge@example.com,49,Female,Education,North America,501-1000,Standard,2020-05-11
CUST02535,Erik Dillon,gilljohn@example.net,34,Other,Retail,North America,51-200,Enterprise,2020-09-02
CUST02536,Paul Walker,gillsamantha@example.net,42,Other,Retail,Europe,51-200,Premium,2020-10-11
CUST02537,Kelly Nelson,gillsharon@example.org,39,Male,Professional Services,Australia & New Zealand,501-1000,Premium,2019-12-30
CUST02538,Ellen Gregory,gina13@example.net,55,Male,Manufacturing,Asia-Pacific,201-500,Standard,2020-05-05
CUST02539,Cassidy Rogers,gina34@example.com,28,Female,Education,Australia & New Zealand,1000+,Standard,2019-12-06
CUST02540,Denise Dudley,gina55@example.com,70,Female,Manufacturing,Australia & New Zealand,11-50,Premium,2019-04-18
CUST02541,Mark Smith,ginabaker@example.org,19,Female,Media & Communications,North America,501-1000,Enterprise,2020-01-01
CUST02542,Matthew Perkins,ginanorton@example.net,20,Other,Healthcare,Asia-Pacific,1000+,Free,2020-11-19
CUST02543,James Doyle,ginapatton@example.com,67,Male,Education,Australia & New Zealand,201-500,Free,2019-09-29
CUST02544,Roy Boyd,gjackson@example.com,22,Female,Manufacturing,Other,1-10,Free,2019-07-19
CUST02545,Julia Matthews,gkane@example.org,63,Male,Healthcare,Australia & New Zealand,201-500,Premium,2020-05-18
CUST02546,Sherri Farley,gkelly@example.org,38,Other,Media & Communications,Asia-Pacific,51-200,Premium,2021-05-26
CUST02547,Hannah Fuentes,glandry@example.net,35,Female,Technology,North America,51-200,Free,2021-07-03
CUST02548,Christopher Ho,glang@example.com,23,Other,Professional Services,Europe,501-1000,Enterprise,2020-12-30
CUST02549,Seth Brown,glasseric@example.net,36,Other,Healthcare,Europe,11-50,Enterprise,2020-07-04
CUST02550,Ashley Pruitt,glenda02@example.com,60,Male,Technology,North America,51-200,Standard,2020-12-01
CUST02551,Richard Joseph,glivingston@example.com,62,Male,Education,Europe,1000+,Premium,2019-07-04
CUST02552,Kevin Gordon,glopez@example.org,35,Female,Education,Other,201-500,Free,2020-02-05
CUST02553,Jack Jennings,gloria48@example.org,47,Male,Financial Services,Asia-Pacific,11-50,Standard,2019-10-09
CUST02554,Carrie Johnson,gloriaoneal@example.net,63,Male,Financial Services,Asia-Pacific,201-500,Enterprise,2020-06-01
CUST02555,Jeremy Whitney,gloriapineda@example.net,25,Other,Healthcare,Australia & New Zealand,11-50,Free,2019-06-05
CUST02556,Melinda Edwards,gloveramanda@example.com,50,Female,Technology,Europe,1-10,Standard,2020-10-07
CUST02557,Samuel Morgan,glynch@example.com,19,Female,Technology,Asia-Pacific,1-10,Standard,2019-05-21
CUST02558,Lori Williams,gmartin@example.com,33,Other,Government & Public Sector,Europe,51-200,Enterprise,2020-06-24
CUST02559,Brandon Doyle,gmccarty@example.org,68,Other,Healthcare,Europe,11-50,Enterprise,2019-10-04
CUST02560,Sara Hanna,gmcdaniel@example.net,62,Female,Retail,North America,201-500,Standard,2020-04-06
CUST02561,Julie Erickson,gmclaughlin@example.net,51,Male,Media & Communications,Australia & New Zealand,501-1000,Premium,2019-09-23
CUST02562,Melinda Atkins,gmiles@example.net,50,Male,Financial Services,North America,201-500,Free,2019-12-02
CUST02563,Tyler Brown,gmiller@example.org,24,Female,Healthcare,North America,51-200,Enterprise,2019-12-27
CUST02564,Kirk Vasquez,gmitchell@example.com,23,Male,Retail,North America,1000+,Standard,2020-08-27
CUST02565,Brett Miller,gmoore@example.net,28,Female,Financial Services,Other,11-50,Standard,2018-12-09
CUST02566,Susan Morrow,gmurray@example.com,25,Female,Financial Services,Europe,201-500,Standard,2020-01-10
CUST02567,Leah Woods,gmurray@example.org,33,Male,Education,Europe,201-500,Standard,2020-08-29
CUST02568,Jacob Weber,gmyers@example.com,26,Other,Technology,Asia-Pacific,1000+,Free,2020-03-01
CUST02569,Dawn Walls,gnguyen@example.net,68,Other,Healthcare,North America,201-500,Free,2019-04-29
CUST02570,Jennifer Hays,gnixon@example.org,26,Female,Government & Public Sector,North America,51-200,Free,2019-10-11
CUST02571,Traci Montgomery,gobrien@example.com,37,Male,Government & Public Sector,Asia-Pacific,11-50,Premium,2019-07-20
CUST02572,Mark Reed,golson@example.com,54,Other,Retail,Australia & New Zealand,201-500,Standard,2020-10-16
CUST02573,Angela Lozano,gomezaaron@example.net,46,Other,Financial Services,North America,51-200,Standard,2019-09-03
CUST02574,Scott Farley,gomezbeth@example.net,67,Female,Technology,Europe,201-500,Free,2020-04-08
CUST02575,Frank Gay,gomezjoshua@example.net,57,Male,Education,Asia-Pacific,51-200,Standard,2019-04-04
CUST02576,Jesse Holland,gomezjulie@example.com,65,Male,Financial Services,Europe,51-200,Premium,2020-03-31
CUST02577,Stacey Dixon,gomezkaren@example.com,24,Male,Financial Services,North America,501-1000,Standard,2020-06-16
CUST02578,Faith Martin,gonzalesdeborah@example.net,59,Other,Healthcare,North America,51-200,Standard,2019-08-23
CUST02579,Gloria Thompson,gonzalesjonathan@example.org,34,Male,Technology,North America,11-50,Standard,2019-10-16
CUST02580,Dawn Pittman,gonzalestaylor@example.com,57,Male,Retail,Europe,51-200,Standard,2020-08-02
CUST02581,Christopher Robbins,gonzalestracy@example.com,48,Other,Media & Communications,North America,201-500,Premium,2019-06-17
CUST02582,Patrick Dyer,gonzalezaaron@example.net,32,Male,Technology,Asia-Pacific,11-50,Premium,2018-12-08
CUST02583,William Mueller,gonzalezamy@example.net,44,Male,Retail,Australia & New Zealand,51-200,Standard,2019-11-11
CUST02584,Lauren Baker,gonzalezgavin@example.com,70,Female,Healthcare,North America,51-200,Enterprise,2019-08-15
CUST02585,David Ramirez,gonzalezgloria@example.com,64,Female,Professional Services,Europe,1-10,Standard,2021-07-04
CUST02586,Amy Sanchez,gonzalezkevin@example.com,70,Male,Financial Services,Australia & New Zealand,501-1000,Enterprise,2020-11-01
CUST02587,Kiara Parker,gonzalezlarry@example.org,29,Other,Technology,North America,11-50,Enterprise,2020-07-24
CUST02588,Benjamin Hamilton,gonzalezmatthew@example.net,20,Female,Other,North America,51-200,Standard,2020-10-26
CUST02589,Jason Kim,gonzalezmax@example.com,69,Other,Professional Services,Europe,501-1000,Free,2021-03-29
CUST02590,John Goodman,gonzalezpaul@example.org,24,Other,Technology,North America,11-50,Standard,2019-02-14
CUST02591,Kevin Kim,gonzalezrita@example.com,59,Other,Technology,North America,51-200,Enterprise,2020-01-30
CUST02592,Paul Williams,gonzaleztrevor@example.com,53,Female,Financial Services,North America,1-10,Standard,2020-09-03
CUST02593,Shannon Hill,goodrachel@example.org,41,Other,Manufacturing,Europe,1000+,Standard,2020-06-01
CUST02594,Courtney Christensen,goodwinelizabeth@example.org,21,Other,Technology,Australia & New Zealand,1000+,Standard,2018-10-10
CUST02595,Heather Noble,goodwinlauren@example.net,58,Male,Healthcare,Other,201-500,Free,2019-12-22
CUST02596,Robert Williams,goodwintimothy@example.com,54,Male,Government & Public Sector,Australia & New Zealand,11-50,Premium,2020-02-26
CUST02597,Randy Jacobson,gordondominic@example.net,70,Male,Professional Services,Australia & New Zealand,501-1000,Standard,2019-07-21
CUST02598,Meagan Beck,gordonmichael@example.com,56,Female,Education,Europe,11-50,Standard,2019-06-10
CUST02599,Amy Garcia,gordonpatricia@example.com,39,Other,Technology,Australia & New Zealand,1000+,Enterprise,2021-01-11
CUST02600,Alyssa Spence,gordonsara@example.net,65,Other,Financial Services,North America,51-200,Free,2021-01-27
CUST02601,Elizabeth Hamilton,gouldmelissa@example.net,33,Female,Professional Services,Australia & New Zealand,51-200,Standard,2019-02-09
CUST02602,Daniel Williams,gpage@example.net,39,Other,Healthcare,Australia & New Zealand,1000+,Premium,2019-06-07
CUST02603,Robin Mitchell,gparker@example.net,46,Female,Education,North America,501-1000,Free,2020-02-15
CUST02604,Ms. Maria Wade MD,gparsons@example.net,31,Male,Manufacturing,North America,11-50,Standard,2020-12-26
CUST02605,Danielle Clark,gperez@example.com,20,Other,Media & Communications,North America,1-10,Standard,2019-06-15
CUST02606,Michael Hardin,gperry@example.org,21,Female,Retail,Asia-Pacific,51-200,Standard,2021-05-07
CUST02607,Sharon Simpson,gpetty@example.com,48,Female,Professional Services,Asia-Pacific,51-200,Free,2020-09-27
CUST02608,Daniel Anderson,gphillips@example.org,33,Male,Retail,Europe,1-10,Standard,2021-04-11
CUST02609,James Serrano,gpruitt@example.net,25,Female,Professional Services,Europe,1-10,Enterprise,2020-07-05
CUST02610,Jennifer Ramirez,grace25@example.org,68,Other,Education,Europe,11-50,Standard,2020-08-30
CUST02611,Blake Adams,graceprice@example.org,66,Female,Financial Services,North America,501-1000,Premium,2020-01-23
CUST02612,Thomas Carr,gracerivera@example.com,63,Other,Technology,Australia & New Zealand,51-200,Premium,2021-04-07
CUST02613,Stacy Rogers,grahamdavid@example.net,65,Male,Other,Australia & New Zealand,11-50,Standard,2019-09-25
CUST02614,Shannon Bishop,grahameric@example.net,58,Female,Technology,North America,51-200,Standard,2021-06-18
CUST02615,Barbara Rogers,grahamjoseph@example.org,70,Male,Technology,Europe,201-500,Free,2021-06-09
CUST02616,Casey Moore,gramirez@example.net,29,Other,Technology,Australia & New Zealand,201-500,Enterprise,2021-03-06
CUST02617,Samuel Lopez,grant32@example.org,60,Other,Professional Services,Australia & New Zealand,1-10,Premium,2021-01-15
CUST02618,Katie Thomas,grantmark@example.net,30,Female,Education,Australia & New Zealand,11-50,Standard,2020-12-31
CUST02619,Regina Torres,grantmichael@example.org,60,Female,Financial Services,Australia & New Zealand,51-200,Standard,2020-02-06
CUST02620,Dr. Lauren Lee,grantnatalie@example.org,53,Female,Media & Communications,Australia & New Zealand,51-200,Free,2020-01-01
CUST02621,Tony Nash,gravesjillian@example.net,36,Other,Professional Services,North America,501-1000,Standard,2020-09-07
CUST02622,Brandon Archer,gray@example.net,30,Male,Technology,Asia-Pacific,1000+,Standard,2019-08-27
CUST02623,Darren Ingram,grayerin@example.org,65,Female,Professional Services,Other,11-50,Enterprise,2019-10-12
CUST02624,Katrina Brown,grayfernando@example.com,43,Other,Professional Services,Australia & New Zealand,201-500,Standard,2019-10-15
CUST02625,Justin Rowland,graykatie@example.com,50,Male,Education,North America,11-50,Premium,2020-10-09
CUST02626,Devin Moore,graykayla@example.org,61,Other,Financial Services,North America,1000+,Standard,2020-05-13
CUST02627,Stephen Lam,graykenneth@example.net,38,Other,Professional Services,North America,201-500,Standard,2020-10-27
CUST02628,Christina Mckinney,graylacey@example.org,24,Male,Professional Services,Other,11-50,Standard,2021-09-17
CUST02629,Hannah Mccullough,graymark@example.net,50,Female,Technology,Europe,51-200,Standard,2019-02-28
CUST02630,Martin Young,grayrachael@example.org,29,Other,Professional Services,Europe,201-500,Standard,2020-02-05
CUST02631,Tara Pratt,graysandra@example.com,51,Male,Retail,North America,51-200,Premium,2018-11-20
CUST02632,Marcus Olsen,greenbarbara@example.org,42,Male,Other,Asia-Pacific,501-1000,Standard,2019-07-20
CUST02633,Anne Miller,greeneann@example.org,63,Female,Education,North America,51-200,Free,2020-12-11
CUST02634,Joseph Martin,greenechristina@example.net,70,Female,Education,North America,1-10,Premium,2021-01-31
CUST02635,Patty Torres,greenejohn@example.com,38,Female,Financial Services,Australia & New Zealand,501-1000,Standard,2020-12-26
CUST02636,Joshua Quinn,greenejohn@example.net,69,Male,Professional Services,North America,501-1000,Standard,2020-09-14
CUST02637,Melissa Anderson,greenejose@example.com,69,Other,Government & Public Sector,Europe,201-500,Enterprise,2021-02-22
CUST02638,Christina Gray,greenkeith@example.net,36,Female,Technology,Europe,201-500,Premium,2020-10-10
CUST02639,Colton Carson,greentina@example.com,56,Other,Education,Australia & New Zealand,51-200,Standard,2018-10-24
CUST02640,Eileen Marquez,gregg42@example.com,28,Male,Other,Europe,1-10,Free,2020-03-12
CUST02641,Paula Miller,gregmassey@example.com,60,Other,Healthcare,Australia & New Zealand,11-50,Free,2021-07-17
CUST02642,Mary Russell,gregory14@example.net,61,Male,Retail,Australia & New Zealand,11-50,Standard,2020-03-20
CUST02643,Bradley Newman,gregory48@example.com,57,Male,Education,Australia & New Zealand,201-500,Standard,2018-10-20
CUST02644,Mike Stewart,gregory50@example.net,34,Male,Technology,Australia & New Zealand,11-50,Premium,2020-12-24
CUST02645,Adam Nunez,gregory69@example.net,47,Other,Retail,North America,201-500,Premium,2019-03-26
CUST02646,Sean Garcia,gregory86@example.net,41,Male,Professional Services,North America,11-50,Standard,2020-06-14
CUST02647,Kimberly Mcguire,gregoryolson@example.org,45,Male,Technology,Europe,51-200,Premium,2020-10-15
CUST02648,Samantha Tucker,gregoryrobert@example.org,65,Male,Professional Services,Australia & New Zealand,201-500,Enterprise,2021-02-19
CUST02649,Jacob Hamilton,gregoryrussell@example.org,34,Female,Education,Europe,1000+,Standard,2019-09-20
CUST02650,Katie Gonzalez,gregorysawyer@example.net,25,Female,Healthcare,Australia & New Zealand,201-500,Premium,2020-10-18
CUST02651,Jerry Jones,griffinkaren@example.net,38,Other,Retail,Australia & New Zealand,51-200,Standard,2020-02-24
CUST02652,Jason Sharp,griffinpaula@example.org,24,Female,Financial Services,Asia-Pacific,11-50,Enterprise,2020-03-16
CUST02653,Darlene Hodges,griffinryan@example.com,49,Female,Retail,Europe,201-500,Free,2020-12-02
CUST02654,Brandon Smith,griffithjames@example.com,60,Male,Education,Asia-Pacific,51-200,Premium,2019-10-26
CUST02655,Rachel Hart,griffithsara@example.org,29,Female,Professional Services,North America,201-500,Standard,2021-02-06
CUST02656,Brandon Moore,grimesjeffrey@example.org,28,Male,Retail,Europe,51-200,Premium,2021-02-26
CUST02657,Allison Webster,grodriguez@example.com,41,Male,Professional Services,Europe,51-200,Enterprise,2020-08-03
CUST02658,Grace Wyatt,gsalazar@example.com,66,Female,Healthcare,North America,11-50,Standard,2020-05-23
CUST02659,Jeffery Yates,gsmith@example.net,40,Other,Government & Public Sector,Asia-Pacific,501-1000,Premium,2021-08-03
CUST02660,Natalie Smith,gspears@example.net,47,Male,Retail,Europe,501-1000,Standard,2019-10-20
CUST02661,Mary Orozco,gstafford@example.com,37,Female,Retail,Asia-Pacific,1-10,Standard,2019-06-20
CUST02662,Pamela Flores,gsummers@example.org,18,Male,Financial Services,North America,51-200,Standard,2019-05-11
CUST02663,Ann Clayton,gtanner@example.org,43,Other,Professional Services,Asia-Pacific,501-1000,Premium,2019-02-15
CUST02664,Lisa Myers,gthomas@example.net,39,Other,Technology,Australia & New Zealand,201-500,Enterprise,2020-01-10
CUST02665,Kyle Horton,gthomas@example.org,34,Female,Retail,Europe,201-500,Enterprise,2020-06-14
CUST02666,Lisa Wise,gthompson@example.com,65,Male,Financial Services,Australia & New Zealand,501-1000,Premium,2020-07-02
CUST02667,Blake James,gthompson@example.org,52,Male,Financial Services,Asia-Pacific,201-500,Standard,2020-02-18
CUST02668,Alexandria Wilson,gtyler@example.org,21,Other,Other,Europe,51-200,Free,2019-08-30
CUST02669,Laura Jones,guerreroandrew@example.org,50,Male,Professional Services,Australia & New Zealand,51-200,Free,2019-06-20
CUST02670,John Escobar,gutierrezkevin@example.org,68,Other,Financial Services,Asia-Pacific,51-200,Premium,2020-09-03
CUST02671,Levi Valencia,guzmanlindsey@example.com,70,Female,Financial Services,Europe,201-500,Standard,2021-03-21
CUST02672,Jeffery Brown,gvance@example.org,40,Female,Retail,Australia & New Zealand,51-200,Enterprise,2020-10-11
CUST02673,Courtney Larson,gwalker@example.com,52,Female,Education,Australia & New Zealand,11-50,Enterprise,2020-03-08
CUST02674,Kaylee Dunn MD,gwashington@example.com,29,Male,Retail,North America,11-50,Standard,2021-01-05
CUST02675,Joanna Rubio,gwaters@example.com,48,Male,Professional Services,Australia & New Zealand,51-200,Enterprise,2020-12-01
CUST02676,Madison Haley,gwatts@example.com,47,Male,Other,Europe,1-10,Premium,2020-06-05
CUST02677,Sandra Barnes,gwendolyn51@example.net,65,Other,Professional Services,North America,201-500,Premium,2019-09-26
CUST02678,Jonathan Webb,gwhite@example.com,46,Male,Technology,Europe,51-200,Free,2018-12-20
CUST02679,Nicholas Harris,gwilliams@example.org,60,Other,Retail,Asia-Pacific,1-10,Free,2020-01-26
CUST02680,John Brown,gwolf@example.com,48,Male,Government & Public Sector,Europe,11-50,Premium,2018-12-05
CUST02681,Misty Lewis,gyates@example.net,63,Male,Technology,Australia & New Zealand,501-1000,Free,2020-07-29
CUST02682,Lauren Michael,haileyblanchard@example.net,26,Other,Technology,Asia-Pacific,51-200,Premium,2020-11-06
CUST02683,Sean Richards DVM,haileylutz@example.net,53,Male,Technology,Europe,11-50,Free,2019-07-16
CUST02684,Michael Brown,haley38@example.org,60,Other,Government & Public Sector,Europe,51-200,Enterprise,2020-10-20
CUST02685,Martha Rodriguez,haley71@example.org,67,Female,Education,Australia & New Zealand,501-1000,Premium,2021-04-18
CUST02686,Amanda Mcdowell,haley97@example.org,26,Other,Media & Communications,Europe,1-10,Standard,2019-11-28
CUST02687,David Reese,haleybrown@example.net,41,Other,Other,Asia-Pacific,11-50,Enterprise,2020-05-02
CUST02688,Louis Reynolds,haleyclay@example.net,36,Female,Media & Communications,North America,201-500,Free,2020-02-11
CUST02689,Laura Hall,haleyholly@example.com,55,Other,Retail,Europe,51-200,Premium,2019-08-04
CUST02690,Jessica Henry,haleyjoshua@example.com,57,Male,Financial Services,North America,501-1000,Free,2019-12-08
CUST02691,Jason Serrano,haleykenneth@example.net,44,Female,Technology,Australia & New Zealand,11-50,Standard,2019-10-02
CUST02692,Rhonda Green,haleymitchell@example.net,59,Female,Professional Services,Europe,501-1000,Enterprise,2020-04-01
CUST02693,Pamela Hall,haleywatkins@example.org,58,Other,Technology,Europe,11-50,Enterprise,2019-11-15
CUST02694,Melissa Davis,hallalexander@example.org,37,Female,Manufacturing,Asia-Pacific,201-500,Enterprise,2018-08-17
CUST02695,Kaitlyn Craig,hallbrett@example.com,40,Female,Media & Communications,Australia & New Zealand,201-500,Premium,2018-10-24
CUST02696,Tony Atkinson,hallchristopher@example.com,42,Female,Healthcare,Australia & New Zealand,201-500,Enterprise,2020-09-26
CUST02697,Emily Cochran,halleric@example.com,69,Other,Retail,Australia & New Zealand,51-200,Premium,2019-09-13
CUST02698,Hailey Moore,halljason@example.org,49,Male,Retail,Other,11-50,Standard,2020-04-25
CUST02699,Glenn Mckee Jr.,hallmary@example.com,37,Other,Education,North America,501-1000,Premium,2019-04-04
CUST02700,Rebecca Hall,hallpatrick@example.com,26,Female,Technology,Australia & New Zealand,11-50,Standard,2020-10-19
CUST02701,Adrian Knight,hamiltoncrystal@example.net,40,Male,Other,North America,201-500,Enterprise,2019-03-22
CUST02702,Brian Bell,hamiltonkatie@example.com,50,Female,Technology,Asia-Pacific,1000+,Enterprise,2021-04-29
CUST02703,Amy Anderson,hamiltonmark@example.org,40,Male,Technology,Asia-Pacific,501-1000,Premium,2019-12-22
CUST02704,Amber Chen,hamptonandrew@example.net,50,Male,Education,North America,51-200,Standard,2020-02-03
CUST02705,Lucas Liu II,handerson@example.net,26,Male,Technology,North America,1000+,Free,2020-04-10
CUST02706,Ryan Moyer,hannah10@example.com,48,Other,Professional Services,Europe,51-200,Free,2019-07-12
CUST02707,Charles Brooks,hannah12@example.org,69,Male,Manufacturing,Australia & New Zealand,201-500,Enterprise,2019-06-19
CUST02708,Erica Boyer,hannah44@example.com,44,Female,Professional Services,Europe,51-200,Free,2020-06-06
CUST02709,Beth Steele,hannah56@example.org,33,Female,Financial Services,Australia & New Zealand,201-500,Standard,2019-11-08
CUST02710,Brittany Bradley,hannah66@example.com,24,Female,Education,Other,1000+,Premium,2020-06-04
CUST02711,Kelsey Smith,hannah93@example.net,46,Other,Technology,Australia & New Zealand,201-500,Premium,2020-10-08
CUST02712,Jackson Strong,hannah96@example.com,18,Female,Professional Services,North America,201-500,Premium,2020-04-25
CUST02713,Lindsey Jones,hannahacosta@example.net,45,Female,Other,Europe,51-200,Premium,2019-11-19
CUST02714,Christine Jordan,hannahcruz@example.com,65,Female,Financial Services,Europe,11-50,Premium,2021-02-22
CUST02715,David Green,hannahhensley@example.org,19,Other,Manufacturing,Australia & New Zealand,1000+,Enterprise,2021-04-21
CUST02716,Maria Gutierrez,hannahmelton@example.com,19,Male,Government & Public Sector,Other,11-50,Standard,2019-04-30
CUST02717,Amanda Burton,hannahstephens@example.com,40,Male,Other,Australia & New Zealand,51-200,Standard,2019-09-12
CUST02718,Brian West,hannahwilliams@example.org,58,Male,Technology,Australia & New Zealand,1-10,Standard,2020-08-24
CUST02719,Hannah Wood,hansenvictoria@example.com,25,Male,Technology,North America,11-50,Standard,2021-03-30
CUST02720,Heather Lopez,hansonbeth@example.com,30,Female,Technology,North America,51-200,Standard,2019-10-27
CUST02721,Ryan Diaz,hansonbriana@example.net,56,Male,Retail,Australia & New Zealand,51-200,Premium,2019-04-26
CUST02722,Brian Serrano,hansonconnie@example.org,23,Male,Education,Australia & New Zealand,51-200,Standard,2019-11-20
CUST02723,Lisa Hayes,hardinbonnie@example.org,35,Female,Manufacturing,Europe,501-1000,Premium,2021-02-16
CUST02724,Kenneth Norman,hardyjessica@example.net,65,Male,Technology,Europe,11-50,Standard,2020-02-11
CUST02725,Darren Bartlett,hardylauren@example.net,31,Male,Education,Australia & New Zealand,1000+,Standard,2019-12-09
CUST02726,Daniel Adams,harmonkathryn@example.net,60,Male,Media & Communications,North America,201-500,Standard,2021-07-13
CUST02727,Phillip Griffin,harold99@example.com,29,Male,Retail,Australia & New Zealand,1-10,Premium,2018-09-14
CUST02728,Ashley Flynn,harpertammy@example.com,18,Other,Professional Services,North America,51-200,Enterprise,2020-06-03
CUST02729,Brittany Gray,harrellkathy@example.com,61,Female,Financial Services,Asia-Pacific,51-200,Premium,2019-09-02
CUST02730,Kent Hernandez,harrellrebecca@example.com,19,Male,Professional Services,North America,201-500,Free,2021-05-25
CUST02731,Robert Sullivan,harringtonjamie@example.org,62,Female,Technology,Australia & New Zealand,51-200,Standard,2021-01-31
CUST02732,Amanda Jordan,harrisalex@example.net,59,Male,Technology,Australia & New Zealand,501-1000,Premium,2021-08-21
CUST02733,Vanessa Bell,harrisbrianna@example.org,52,Other,Manufacturing,Australia & New Zealand,11-50,Free,2021-02-23
CUST02734,Erin Martinez,harrisdana@example.org,59,Other,Technology,Europe,51-200,Enterprise,2021-01-09
CUST02735,Kimberly Cervantes,harrisgeorge@example.com,19,Female,Manufacturing,Europe,51-200,Premium,2019-05-09
CUST02736,Adrian Morris,harrisjason@example.net,50,Other,Technology,Europe,51-200,Premium,2020-03-13
CUST02737,Kaylee Walter,harrislynn@example.com,52,Other,Technology,Europe,11-50,Standard,2020-01-14
CUST02738,Brian Hale,harrisonbarbara@example.net,52,Female,Technology,Australia & New Zealand,201-500,Standard,2019-08-02
CUST02739,Kelly Navarro,harrisonjacqueline@example.net,52,Female,Professional Services,Asia-Pacific,1-10,Standard,2020-04-08
CUST02740,Tammy Orozco,harrisrichard@example.net,28,Female,Retail,North America,501-1000,Enterprise,2019-11-23
CUST02741,Jacqueline Moore,harristimothy@example.org,67,Other,Professional Services,Australia & New Zealand,1000+,Enterprise,2019-01-11
CUST02742,Mark King,harrymccarthy@example.com,24,Female,Manufacturing,Australia & New Zealand,201-500,Premium,2019-11-10
CUST02743,Douglas Smith,hartcharles@example.net,28,Male,Retail,Australia & New Zealand,11-50,Premium,2019-10-18
CUST02744,Shelly Estrada,harveyalan@example.com,61,Male,Professional Services,North America,201-500,Enterprise,2021-04-27
CUST02745,Debra Terrell,harveydaniel@example.org,22,Female,Professional Services,Europe,201-500,Premium,2020-09-04
CUST02746,Troy Long,harveyjeffery@example.com,68,Male,Financial Services,Asia-Pacific,1-10,Enterprise,2020-07-22
CUST02747,Cristian Daniels,harveykevin@example.net,25,Female,Healthcare,Other,51-200,Premium,2020-07-04
CUST02748,Tammy Wright,hatfieldjonathan@example.net,24,Male,Education,Australia & New Zealand,51-200,Standard,2021-07-10
CUST02749,Cindy Klein,hawkinsannette@example.com,31,Female,Retail,Asia-Pacific,201-500,Enterprise,2019-12-08
CUST02750,Anita Wilson,hawkinschad@example.com,58,Male,Technology,North America,11-50,Standard,2019-11-10
CUST02751,Brett Brown,hayesfelicia@example.net,19,Male,Manufacturing,Europe,11-50,Standard,2020-01-20
CUST02752,Kari Morgan,hayeskyle@example.com,49,Male,Government & Public Sector,North America,51-200,Premium,2020-07-27
CUST02753,Lisa Smith,hayeskyle@example.net,47,Male,Healthcare,Europe,11-50,Standard,2020-10-06
CUST02754,Caleb Blake,hayeslarry@example.com,28,Other,Technology,Europe,1000+,Standard,2019-08-24
CUST02755,Stacey Brown,hayley13@example.net,35,Female,Professional Services,North America,11-50,Premium,2020-06-13
CUST02756,Kelly Murray,hayley71@example.com,69,Male,Financial Services,Asia-Pacific,11-50,Premium,2021-10-16
CUST02757,Tanya Hill,hayley85@example.com,30,Other,Professional Services,North America,1-10,Premium,2020-12-02
CUST02758,Daniel Hoffman,hayleygrant@example.net,46,Female,Technology,Europe,501-1000,Premium,2018-11-04
CUST02759,James Weaver,hbaird@example.net,43,Female,Financial Services,Europe,51-200,Standard,2019-06-20
CUST02760,Wanda Mendez,hbarr@example.com,29,Male,Professional Services,Asia-Pacific,1-10,Standard,2020-08-09
CUST02761,Sara Acevedo,hbauer@example.com,47,Male,Manufacturing,Europe,51-200,Enterprise,2020-04-11
CUST02762,Luis Berg,hbowman@example.org,21,Male,Manufacturing,Europe,11-50,Standard,2021-07-17
CUST02763,David Hogan,hbray@example.org,27,Other,Healthcare,Australia & New Zealand,51-200,Premium,2020-05-08
CUST02764,Amanda King,hbrewer@example.org,56,Female,Technology,Australia & New Zealand,11-50,Free,2019-07-28
CUST02765,Dylan Gutierrez,hbrown@example.com,46,Female,Education,North America,51-200,Premium,2021-09-11
CUST02766,David Mcbride,hbrown@example.org,47,Other,Government & Public Sector,Australia & New Zealand,11-50,Enterprise,2020-07-20
CUST02767,Tiffany Chen,hcannon@example.net,43,Female,Financial Services,Asia-Pacific,201-500,Standard,2020-05-22
CUST02768,Rodney Rosales,hcarney@example.com,59,Male,Technology,Europe,51-200,Premium,2020-02-16
CUST02769,Carlos Ochoa,hcarter@example.com,66,Other,Professional Services,North America,1000+,Premium,2019-05-14
CUST02770,Jeffery Jones,hchambers@example.org,63,Other,Professional Services,Australia & New Zealand,11-50,Standard,2021-07-08
CUST02771,Lauren White,hclark@example.org,31,Female,Other,Europe,1-10,Premium,2021-05-30
CUST02772,Ashley Gray,hcoleman@example.net,45,Female,Other,Asia-Pacific,201-500,Standard,2020-03-08
CUST02773,Ryan Mccarty,hdavis@example.net,49,Female,Technology,Australia & New Zealand,1-10,Standard,2021-05-14
CUST02774,Maurice Perez,heather00@example.org,57,Female,Retail,Australia & New Zealand,51-200,Premium,2020-12-26
CUST02775,Matthew Martinez,heather15@example.net,54,Other,Professional Services,Australia & New Zealand,11-50,Standard,2021-01-13
CUST02776,Patty Lewis,heather27@example.org,28,Female,Healthcare,Europe,51-200,Standard,2019-08-18
CUST02777,William Johnson,heather30@example.net,64,Male,Government & Public Sector,Asia-Pacific,501-1000,Enterprise,2020-01-23
CUST02778,Robert Greer,heather44@example.com,66,Female,Media & Communications,Asia-Pacific,51-200,Free,2020-10-11
CUST02779,Calvin Gonzalez,heather44@example.net,31,Female,Education,Asia-Pacific,11-50,Enterprise,2019-06-23
CUST02780,Jennifer Collins,heather62@example.net,47,Other,Technology,Europe,11-50,Premium,2018-10-23
CUST02781,Jason Mccann,heather72@example.net,52,Female,Government & Public Sector,Australia & New Zealand,11-50,Standard,2020-03-18
CUST02782,Vanessa White,heather75@example.org,19,Male,Government & Public Sector,North America,1-10,Free,2021-10-16
CUST02783,Bobby Wheeler,heather77@example.com,67,Female,Retail,Asia-Pacific,11-50,Standard,2021-01-11
CUST02784,Rachel Rivera,heather90@example.com,25,Other,Government & Public Sector,Europe,1-10,Free,2020-01-09
CUST02785,Kelly Taylor,heather95@example.net,33,Male,Professional Services,Asia-Pacific,501-1000,Enterprise,2020-11-19
CUST02786,Jason Miller,heatheradams@example.net,52,Female,Professional Services,Europe,201-500,Standard,2019-03-21
CUST02787,Jill Jones,heathercampbell@example.com,55,Female,Other,Australia & New Zealand,51-200,Standard,2020-02-14
CUST02788,Joy Allen,heathergonzalez@example.org,60,Male,Professional Services,Australia & New Zealand,51-200,Premium,2019-12-08
CUST02789,Shannon Mcclain,heatherhall@example.com,55,Other,Education,Europe,51-200,Standard,2021-11-14
CUST02790,Lisa Goodwin,heatherhayden@example.org,57,Male,Professional Services,Australia & New Zealand,51-200,Premium,2021-05-13
CUST02791,Donald Frank,heatherjames@example.com,58,Other,Financial Services,North America,1000+,Premium,2018-08-27
CUST02792,Amber Herrera,heatherjohnson@example.org,26,Female,Professional Services,Australia & New Zealand,1-10,Standard,2018-09-28
CUST02793,Louis Davis,heathermartin@example.net,44,Female,Media & Communications,Asia-Pacific,11-50,Standard,2020-03-26
CUST02794,Shannon Young,heathernorton@example.com,38,Other,Healthcare,Australia & New Zealand,11-50,Standard,2020-05-11
CUST02795,Lauren Walsh,heatherparks@example.org,48,Other,Technology,North America,11-50,Free,2021-08-09
CUST02796,Patrick Copeland,heatherwalker@example.org,57,Female,Professional Services,Europe,1-10,Premium,2020-06-14
CUST02797,Briana Massey,heatherwilliams@example.net,44,Female,Media & Communications,Other,11-50,Standard,2020-07-30
CUST02798,Derek Garrison,heathlisa@example.org,44,Female,Manufacturing,Australia & New Zealand,1000+,Premium,2019-11-23
CUST02799,Sandra Nixon,heathshannon@example.net,54,Other,Professional Services,North America,51-200,Standard,2020-04-03
CUST02800,Angel Porter,hebertjohnathan@example.net,61,Female,Media & Communications,Europe,201-500,Premium,2020-09-15
CUST02801,Cynthia Armstrong,heidi07@example.com,37,Male,Healthcare,North America,51-200,Standard,2020-10-17
CUST02802,Elijah Allen,heidi20@example.com,37,Female,Professional Services,Australia & New Zealand,501-1000,Standard,2020-10-03
CUST02803,Jaime Jones,heidi38@example.net,44,Male,Education,Australia & New Zealand,1000+,Premium,2019-07-15
CUST02804,Adam Pope,heidi83@example.net,55,Female,Technology,Europe,1000+,Standard,2019-07-21
CUST02805,Jessica Williams,heidi84@example.com,53,Male,Technology,Asia-Pacific,11-50,Standard,2019-03-29
CUST02806,Elizabeth Johnson,heidimitchell@example.com,28,Female,Financial Services,Australia & New Zealand,1000+,Premium,2019-04-19
CUST02807,Christian Medina,heidishepherd@example.org,60,Male,Retail,Asia-Pacific,11-50,Standard,2020-06-06
CUST02808,Rhonda Ellis,heidistewart@example.org,69,Male,Media & Communications,North America,51-200,Premium,2019-04-03
CUST02809,Larry Martin,helengeorge@example.com,53,Female,Government & Public Sector,Asia-Pacific,1000+,Standard,2020-05-12
CUST02810,Brooke Hurst,helensnyder@example.org,19,Male,Government & Public Sector,Europe,11-50,Standard,2020-07-30
CUST02811,Samuel Price,hendersonanthony@example.com,44,Female,Technology,North America,1-10,Free,2019-04-29
CUST02812,Kurt Gutierrez,hendersonjacob@example.com,22,Male,Manufacturing,North America,1-10,Standard,2019-10-17
CUST02813,Michael Taylor,hendersonjeffrey@example.net,31,Female,Technology,Europe,51-200,Premium,2019-08-19
CUST02814,Sierra Cole,hendersonjesse@example.net,66,Other,Technology,Europe,501-1000,Standard,2020-04-07
CUST02815,Paul Underwood,hendricksmargaret@example.org,18,Other,Professional Services,Australia & New Zealand,1000+,Standard,2020-08-13
CUST02816,Denise Lopez,henry79@example.org,59,Male,Financial Services,Australia & New Zealand,11-50,Standard,2019-02-20
CUST02817,Aaron Aguilar,henryashley@example.org,25,Female,Manufacturing,Europe,201-500,Premium,2020-12-08
CUST02818,Sherry Richardson,henrybrown@example.net,46,Male,Professional Services,Australia & New Zealand,501-1000,Premium,2018-12-04
CUST02819,Cynthia Smith,henrydavis@example.com,18,Male,Financial Services,Europe,51-200,Enterprise,2020-07-05
CUST02820,Nathan Benson,henryelizabeth@example.net,32,Female,Education,Europe,51-200,Standard,2020-12-27
CUST02821,Jason Brown,henryjoe@example.net,26,Other,Other,Asia-Pacific,51-200,Free,2019-04-10
CUST02822,Morgan Mills,henrymaddox@example.com,40,Male,Financial Services,Asia-Pacific,1-10,Premium,2020-08-10
CUST02823,Lori Davis,herbertpeters@example.org,37,Other,Manufacturing,Other,11-50,Free,2020-05-01
CUST02824,Kimberly Green,hermandavid@example.net,39,Male,Healthcare,Europe,51-200,Premium,2021-03-12
CUST02825,Kevin Jacobson,hernandezadam@example.com,42,Male,Education,Asia-Pacific,1000+,Premium,2019-06-06
CUST02826,Vincent Morton,hernandezbrenda@example.org,41,Female,Media & Communications,Asia-Pacific,11-50,Premium,2020-10-01
CUST02827,Martin Atkins,hernandezchristine@example.org,48,Female,Education,Europe,51-200,Enterprise,2019-06-08
CUST02828,Philip Rivera,hernandezchristopher@example.net,25,Other,Healthcare,Australia & New Zealand,201-500,Enterprise,2020-06-20
CUST02829,Mr. Logan Fisher,hernandezkeith@example.org,56,Male,Professional Services,Asia-Pacific,11-50,Standard,2021-01-26
CUST02830,Brittany Jenkins,hernandezkevin@example.org,27,Female,Education,Asia-Pacific,201-500,Standard,2021-05-31
CUST02831,Andrew Cunningham,hernandezmichael@example.net,65,Male,Financial Services,Europe,51-200,Free,2020-02-04
CUST02832,Christopher Choi,hernandezolivia@example.net,38,Other,Professional Services,Europe,201-500,Premium,2019-02-17
CUST02833,Edward Baldwin,hernandezsarah@example.net,29,Female,Other,North America,11-50,Standard,2019-08-09
CUST02834,Kelly Crawford,hernandezthomas@example.net,33,Female,Retail,North America,201-500,Premium,2019-10-17
CUST02835,Christopher Stephens,hernandeztimothy@example.org,21,Female,Retail,Other,11-50,Standard,2021-03-07
CUST02836,Robert Tran,hernandeztravis@example.org,55,Female,Professional Services,North America,501-1000,Standard,2021-03-26
CUST02837,John Jennings,hernandezyvonne@example.com,58,Female,Retail,Australia & New Zealand,201-500,Standard,2021-01-16
CUST02838,John Perez,herrerabrian@example.org,24,Female,Financial Services,Australia & New Zealand,201-500,Standard,2020-02-06
CUST02839,Michelle Dalton,herringgavin@example.com,23,Female,Professional Services,North America,11-50,Premium,2018-12-30
CUST02840,David Good,herringthomas@example.net,28,Female,Other,Europe,1000+,Standard,2020-10-07
CUST02841,Stephen Thompson,hesterjeanette@example.org,51,Other,Media & Communications,Europe,1-10,Enterprise,2020-11-18
CUST02842,Stephen Zhang,hfernandez@example.com,24,Female,Professional Services,North America,1-10,Free,2019-09-15
CUST02843,David Rodriguez,hflynn@example.net,21,Female,Retail,Asia-Pacific,51-200,Premium,2019-02-28
CUST02844,Cesar Allison,hford@example.com,39,Male,Professional Services,Europe,11-50,Premium,2020-07-14
CUST02845,Jeffrey Powell,hgarrett@example.net,48,Other,Healthcare,North America,1-10,Standard,2021-05-08
CUST02846,Gary Smith,hgonzales@example.net,19,Female,Financial Services,Australia & New Zealand,11-50,Standard,2020-08-03
CUST02847,James Meyer,hgonzalez@example.net,35,Male,Manufacturing,Asia-Pacific,11-50,Standard,2020-06-04
CUST02848,Jon Woodward,hgrant@example.com,42,Male,Other,Australia & New Zealand,1-10,Premium,2020-08-02
CUST02849,Jason Wood,hgray@example.net,43,Male,Healthcare,Asia-Pacific,201-500,Premium,2020-06-20
CUST02850,Christian Graves,hgriffin@example.org,54,Male,Financial Services,Asia-Pacific,201-500,Free,2020-12-25
CUST02851,Samantha Vega,hhall@example.com,46,Male,Professional Services,Asia-Pacific,201-500,Premium,2019-02-19
CUST02852,Jose Brewer,hhall@example.org,56,Other,Financial Services,North America,51-200,Premium,2021-03-07
CUST02853,John Gray,hhamilton@example.net,25,Male,Professional Services,Other,501-1000,Free,2020-11-30
CUST02854,Christine Evans,hharrington@example.com,40,Female,Technology,Europe,1000+,Standard,2021-03-15
CUST02855,Tanya Murray,hharrison@example.org,68,Female,Retail,Asia-Pacific,11-50,Standard,2020-03-07
CUST02856,Kathleen Lopez,hhawkins@example.net,57,Other,Professional Services,Europe,51-200,Standard,2021-06-30
CUST02857,Sarah Hill,hhays@example.net,35,Other,Technology,Asia-Pacific,501-1000,Standard,2019-12-14
CUST02858,Kathleen Miller,hhess@example.com,34,Female,Government & Public Sector,North America,51-200,Premium,2019-11-22
CUST02859,Jose King,hhill@example.net,51,Other,Technology,Other,51-200,Free,2020-08-10
CUST02860,Amber West,hhill@example.org,53,Female,Other,North America,1-10,Enterprise,2019-09-17
CUST02861,Ashley Brooks,hholland@example.net,58,Female,Technology,North America,1000+,Premium,2019-03-16
CUST02862,Mr. Brian Morales,hholmes@example.net,41,Female,Professional Services,North America,501-1000,Enterprise,2019-02-08
CUST02863,Cameron Howard,hhughes@example.net,48,Male,Education,Australia & New Zealand,501-1000,Standard,2020-06-07
CUST02864,Joshua Gomez,hhunt@example.com,34,Other,Media & Communications,Australia & New Zealand,201-500,Standard,2019-12-15
CUST02865,Jake Farley,hhunter@example.net,43,Male,Government & Public Sector,Australia & New Zealand,51-200,Standard,2021-08-17
CUST02866,Brent Owen,higginsamber@example.org,34,Other,Professional Services,Asia-Pacific,1-10,Premium,2019-04-20
CUST02867,Curtis Miles,higginsjoanna@example.com,47,Female,Healthcare,Asia-Pacific,201-500,Premium,2021-12-06
CUST02868,Tammy Carroll,higginszachary@example.com,24,Female,Technology,North America,1000+,Standard,2019-01-20
CUST02869,Antonio Wise,hillamber@example.org,57,Female,Technology,North America,1-10,Free,2019-07-17
CUST02870,David Todd,hilljennifer@example.com,24,Other,Professional Services,Europe,11-50,Premium,2020-04-03
CUST02871,Heather Walters,hillmichael@example.com,64,Female,Professional Services,Europe,51-200,Standard,2020-04-15
CUST02872,Lisa Hill,hinescarrie@example.org,40,Male,Professional Services,Australia & New Zealand,501-1000,Standard,2019-09-23
CUST02873,Sandra Greene,hjohnson@example.com,45,Female,Professional Services,Asia-Pacific,1000+,Standard,2019-01-22
CUST02874,Kevin Jacobs,hjohnson@example.org,52,Male,Retail,North America,1000+,Premium,2020-09-18
CUST02875,Sophia Trevino,hjohnston@example.com,62,Other,Financial Services,North America,51-200,Enterprise,2019-07-03
CUST02876,Barbara Lara,hjones@example.com,49,Female,Professional Services,Australia & New Zealand,1-10,Standard,2019-02-25
CUST02877,James Rivera,hkelly@example.com,55,Other,Professional Services,North America,51-200,Premium,2020-12-11
CUST02878,William Charles DVM,hkrueger@example.net,58,Female,Other,North America,1-10,Premium,2019-01-24
CUST02879,Donna Stevenson,hlane@example.net,68,Male,Technology,Europe,501-1000,Standard,2020-10-23
CUST02880,Brian Parker,hlewis@example.net,64,Male,Technology,Australia & New Zealand,1-10,Premium,2020-03-07
CUST02881,Jodi Williams,hlong@example.org,63,Female,Technology,Australia & New Zealand,11-50,Premium,2019-12-31
CUST02882,Kenneth Wise,hmacdonald@example.net,34,Male,Healthcare,Europe,1000+,Premium,2020-05-30
CUST02883,Roger Evans,hmaldonado@example.org,21,Female,Technology,Australia & New Zealand,51-200,Premium,2020-01-23
CUST02884,Jesse Simpson,hmarshall@example.org,29,Female,Retail,Asia-Pacific,201-500,Enterprise,2021-09-03
CUST02885,Catherine Stephens,hmccann@example.com,40,Other,Healthcare,Europe,11-50,Standard,2020-07-07
CUST02886,Lance Chavez,hmcdonald@example.org,43,Other,Financial Services,Australia & New Zealand,201-500,Premium,2020-03-07
CUST02887,Susan Rowe PhD,hmills@example.org,53,Male,Manufacturing,Asia-Pacific,51-200,Standard,2019-10-18
CUST02888,Jessica Vang,hmoore@example.net,33,Male,Other,Asia-Pacific,501-1000,Enterprise,2020-07-16
CUST02889,Jillian Gonzalez,hnguyen@example.net,21,Female,Financial Services,North America,11-50,Free,2021-03-12
CUST02890,Gregory James,hodgeschad@example.com,37,Female,Professional Services,Asia-Pacific,201-500,Standard,2020-08-05
CUST02891,Mary Bell,hodgesnicholas@example.com,47,Male,Education,Australia & New Zealand,501-1000,Free,2020-09-29
CUST02892,William Avery,hoffmangabriel@example.com,67,Female,Professional Services,North America,11-50,Premium,2019-12-25
CUST02893,Phillip Pruitt,hoffmanryan@example.net,59,Female,Manufacturing,Europe,1-10,Premium,2020-09-20
CUST02894,Alexandra Harvey,hoffmansara@example.com,66,Female,Other,Asia-Pacific,51-200,Premium,2020-04-02
CUST02895,Annette Ashley,hogandavid@example.org,41,Male,Education,North America,11-50,Standard,2020-04-14
CUST02896,Lance Shannon,holdendavid@example.org,34,Other,Healthcare,Other,201-500,Enterprise,2019-02-17
CUST02897,Lisa Bennett,holderwilliam@example.com,35,Male,Technology,Europe,51-200,Premium,2020-06-16
CUST02898,Ryan Austin,hollandrichard@example.com,36,Female,Healthcare,Australia & New Zealand,1000+,Enterprise,2019-05-20
CUST02899,Tina Peters,hollandtracy@example.com,68,Female,Technology,Other,11-50,Free,2019-02-25
CUST02900,Erik Johnston,hollowayabigail@example.net,30,Other,Professional Services,Asia-Pacific,11-50,Standard,2020-08-06
CUST02901,Megan Thompson,holly45@example.com,29,Female,Other,North America,51-200,Standard,2021-02-03
CUST02902,Sarah Romero,holly57@example.net,69,Female,Technology,Europe,1000+,Standard,2018-10-06
CUST02903,Karen Russell,holly78@example.com,18,Female,Manufacturing,North America,11-50,Premium,2020-06-03
CUST02904,Courtney Chambers,holly79@example.net,38,Female,Technology,Australia & New Zealand,51-200,Standard,2020-06-09
CUST02905,Barbara Neal,holmesjoseph@example.com,65,Other,Manufacturing,North America,501-1000,Premium,2021-08-18
CUST02906,Brittany Ortega,holmesjoseph@example.net,43,Other,Technology,Australia & New Zealand,201-500,Standard,2018-08-11
CUST02907,Patricia Thompson,holmesleslie@example.net,45,Female,Technology,North America,201-500,Premium,2020-08-04
CUST02908,Allison Johnson,holmessarah@example.org,18,Female,Technology,Australia & New Zealand,1-10,Free,2019-07-15
CUST02909,Jennifer Mclean,holmesthomas@example.org,48,Male,Healthcare,North America,201-500,Standard,2021-07-20
CUST02910,Emma Cruz,holtdiana@example.net,41,Other,Professional Services,Australia & New Zealand,201-500,Standard,2018-12-16
CUST02911,Whitney Richards,holttimothy@example.org,34,Other,Technology,Australia & New Zealand,11-50,Free,2020-05-19
CUST02912,Kevin Adams,hooperkrystal@example.com,63,Male,Media & Communications,Australia & New Zealand,11-50,Premium,2020-02-04
CUST02913,Lisa Morris,hooverkaitlyn@example.com,44,Female,Healthcare,Asia-Pacific,51-200,Premium,2020-12-03
CUST02914,Christine Copeland,hooverwendy@example.net,55,Male,Technology,North America,11-50,Premium,2019-09-24
CUST02915,Sheila Hunt,hopkinslauren@example.net,29,Female,Retail,Europe,11-50,Standard,2020-08-15
CUST02916,Keith Robles,hopkinspamela@example.org,38,Other,Education,Australia & New Zealand,51-200,Standard,2020-09-04
CUST02917,John Johnson,hornemichael@example.com,24,Female,Government & Public Sector,Other,51-200,Premium,2019-12-28
CUST02918,Karen Marshall,hornrebecca@example.org,36,Other,Manufacturing,Asia-Pacific,201-500,Enterprise,2019-09-02
CUST02919,Richard Ferguson,hortonjoshua@example.org,19,Female,Professional Services,Asia-Pacific,51-200,Premium,2020-07-03
CUST02920,Megan Solomon,hortonjustin@example.com,68,Other,Retail,Australia & New Zealand,51-200,Enterprise,2020-02-05
CUST02921,Alison Thompson,hortonrebecca@example.org,59,Female,Professional Services,Australia & New Zealand,1000+,Standard,2019-12-22
CUST02922,Nancy Roberts,hosborne@example.net,54,Other,Financial Services,Asia-Pacific,501-1000,Standard,2021-03-28
CUST02923,Robert Carter,houserobert@example.net,25,Female,Healthcare,Europe,501-1000,Premium,2020-02-26
CUST02924,Barbara Gonzales,houstonanthony@example.com,26,Female,Healthcare,Other,11-50,Standard,2019-08-06
CUST02925,Mark Lee,houstonsamantha@example.net,54,Male,Technology,Australia & New Zealand,51-200,Premium,2020-06-09
CUST02926,Amanda Robertson,howard95@example.com,18,Male,Manufacturing,Asia-Pacific,51-200,Standard,2021-01-12
CUST02927,Jeremy White,howardamanda@example.net,34,Female,Government & Public Sector,Other,51-200,Standard,2019-08-05
CUST02928,Dustin Gonzalez,howardanthony@example.net,24,Other,Professional Services,Australia & New Zealand,1-10,Standard,2021-11-14
CUST02929,Elizabeth Edwards,howarddaniel@example.net,34,Female,Professional Services,North America,51-200,Premium,2020-05-07
CUST02930,Anna Stout,howarddavid@example.com,18,Other,Financial Services,Asia-Pacific,51-200,Free,2020-01-01
CUST02931,Dakota Lucas,howardjeffrey@example.org,61,Male,Media & Communications,Australia & New Zealand,51-200,Enterprise,2020-02-12
CUST02932,Garrett Shah,howardjerry@example.com,20,Female,Technology,Australia & New Zealand,51-200,Enterprise,2020-06-23
CUST02933,Samuel Beard,howardsean@example.com,25,Other,Manufacturing,North America,1-10,Premium,2019-11-15
CUST02934,Sue Marshall,howardsteven@example.net,21,Female,Professional Services,Australia & New Zealand,201-500,Free,2021-05-20
CUST02935,Nicole Mckenzie,howardtracey@example.com,57,Female,Technology,Other,11-50,Enterprise,2019-07-05
CUST02936,Michael Mueller,howealicia@example.org,59,Male,Other,North America,501-1000,Premium,2021-06-18
CUST02937,Jeremy Brown,howellashley@example.net,27,Female,Manufacturing,Australia & New Zealand,51-200,Free,2020-07-03
CUST02938,Victoria Nguyen,howerenee@example.org,56,Other,Professional Services,Asia-Pacific,51-200,Premium,2021-09-12
CUST02939,Kristy Fernandez,hparker@example.com,48,Male,Financial Services,Other,51-200,Premium,2020-04-10
CUST02940,Michael Pollard,hpatel@example.net,53,Male,Healthcare,Asia-Pacific,201-500,Free,2020-02-06
CUST02941,Tyler Stewart,hpatterson@example.net,66,Female,Retail,North America,11-50,Premium,2019-09-08
CUST02942,Sherri Thompson,hpearson@example.net,45,Female,Manufacturing,Europe,1000+,Free,2019-05-19
CUST02943,Brandon Brown,hperez@example.net,30,Female,Retail,North America,11-50,Premium,2019-10-30
CUST02944,Kerry Rodriguez,hpreston@example.net,39,Other,Professional Services,Asia-Pacific,201-500,Premium,2019-07-21
CUST02945,Natasha Donovan,hramirez@example.com,64,Other,Professional Services,North America,501-1000,Premium,2020-11-10
CUST02946,Carla Downs,hreyes@example.com,36,Male,Financial Services,Europe,201-500,Standard,2020-09-28
CUST02947,Riley Reed,hrichardson@example.org,56,Female,Financial Services,Australia & New Zealand,1000+,Standard,2020-05-28
CUST02948,Jason Banks,hriley@example.org,23,Female,Professional Services,Australia & New Zealand,501-1000,Free,2020-11-06
CUST02949,Thomas Fields,hroberts@example.com,32,Other,Healthcare,North America,1000+,Enterprise,2019-07-08
CUST02950,Jeffrey Hodge,hroberts@example.org,60,Other,Other,Australia & New Zealand,201-500,Enterprise,2019-10-07
CUST02951,Keith Norris,hrobinson@example.org,35,Other,Manufacturing,Other,11-50,Free,2020-12-18
CUST02952,Wyatt Morgan,hrogers@example.org,65,Male,Financial Services,Europe,11-50,Premium,2020-04-06
CUST02953,Helen Garza,hromero@example.org,67,Male,Media & Communications,Australia & New Zealand,51-200,Premium,2020-05-26
CUST02954,Kathleen Oliver,hsantiago@example.net,64,Female,Technology,Asia-Pacific,201-500,Premium,2020-03-03
CUST02955,Jesse Gillespie,hsimpson@example.net,66,Male,Government & Public Sector,Asia-Pacific,11-50,Enterprise,2020-11-29
CUST02956,Joshua Gonzalez,hsmith@example.org,54,Female,Financial Services,Australia & New Zealand,1000+,Free,2019-08-24
CUST02957,Sherry Bass,hsullivan@example.net,35,Female,Education,Asia-Pacific,201-500,Premium,2019-12-21
CUST02958,Brandi Malone,htanner@example.org,54,Male,Technology,Australia & New Zealand,51-200,Standard,2020-01-19
CUST02959,Jill Long,hterry@example.org,59,Female,Education,Asia-Pacific,11-50,Free,2018-11-27
CUST02960,Michelle Miller,hthomas@example.com,51,Other,Other,Australia & New Zealand,201-500,Standard,2020-05-23
CUST02961,Catherine Conway,hthomas@example.net,32,Female,Manufacturing,Australia & New Zealand,201-500,Premium,2020-11-23
CUST02962,Suzanne Gonzalez,htucker@example.net,51,Female,Professional Services,Europe,501-1000,Standard,2020-02-14
CUST02963,Michelle Barrett,hubbardjohn@example.net,70,Male,Technology,Europe,11-50,Free,2021-05-09
CUST02964,Jeffrey Johnson,hubbardmichelle@example.org,31,Other,Retail,North America,501-1000,Premium,2019-06-13
CUST02965,Rodney Jones MD,huberkathleen@example.net,33,Other,Healthcare,North America,1000+,Premium,2019-08-04
CUST02966,Joshua Jensen,hudsonjessica@example.org,49,Other,Government & Public Sector,North America,201-500,Standard,2021-04-19
CUST02967,Debbie Guzman,hudsonjulie@example.com,66,Other,Media & Communications,Asia-Pacific,51-200,Standard,2019-11-01
CUST02968,Tasha Sparks,huertadustin@example.net,19,Other,Government & Public Sector,North America,201-500,Standard,2019-06-08
CUST02969,James Escobar,huertaryan@example.com,32,Male,Media & Communications,Asia-Pacific,51-200,Free,2021-05-23
CUST02970,Rebecca Smith,huffapril@example.com,69,Other,Professional Services,Asia-Pacific,501-1000,Enterprise,2020-01-12
CUST02971,Alicia Medina,huffbrenda@example.com,37,Male,Other,North America,51-200,Standard,2019-12-08
CUST02972,Cristian Poole,huffjerry@example.com,60,Other,Financial Services,Australia & New Zealand,11-50,Premium,2021-05-23
CUST02973,Russell Peterson,huffsusan@example.org,37,Other,Education,North America,1000+,Premium,2020-07-14
CUST02974,Michael Reynolds,hughesandrea@example.com,44,Male,Retail,Australia & New Zealand,1-10,Standard,2020-01-22
CUST02975,Spencer Harris,hughescourtney@example.com,70,Male,Retail,Europe,1-10,Free,2021-06-08
CUST02976,Nicholas Coffey,hughesdanielle@example.net,40,Female,Healthcare,North America,1000+,Premium,2020-06-23
CUST02977,Heather Hurst,hughesjody@example.com,52,Female,Retail,Australia & New Zealand,51-200,Premium,2020-07-25
CUST02978,Kevin Harris,hugheskristen@example.net,42,Female,Technology,Australia & New Zealand,1000+,Premium,2021-03-03
CUST02979,Bryan Wilson,hugheslori@example.net,53,Other,Manufacturing,Other,11-50,Enterprise,2020-06-27
CUST02980,Kristie Murphy,humphreyalfred@example.net,59,Female,Healthcare,Asia-Pacific,51-200,Enterprise,2018-12-06
CUST02981,Christopher Ferguson,hunter54@example.com,22,Other,Technology,Australia & New Zealand,51-200,Standard,2019-04-04
CUST02982,Amy Payne,hunterbetty@example.net,60,Female,Healthcare,Australia & New Zealand,11-50,Standard,2020-02-07
CUST02983,Russell Martinez,huntercastro@example.org,69,Male,Financial Services,Australia & New Zealand,1000+,Standard,2020-04-19
CUST02984,Samuel Barnes,hunterchristopher@example.net,25,Male,Education,North America,11-50,Standard,2019-01-17
CUST02985,Jonathan Conley,hunterjohnson@example.net,32,Female,Education,Other,51-200,Standard,2019-12-19
CUST02986,Erica Novak,huntermichael@example.org,53,Female,Technology,Australia & New Zealand,201-500,Standard,2019-10-24
CUST02987,Amber Gentry,hurleyrebecca@example.org,18,Male,Professional Services,Australia & New Zealand,1-10,Standard,2021-04-16
CUST02988,Travis Kirk,hurstwalter@example.com,57,Other,Financial Services,Australia & New Zealand,1000+,Free,2021-07-11
CUST02989,Mary Lyons,hutchinsonrebecca@example.net,43,Female,Media & Communications,Asia-Pacific,51-200,Premium,2020-12-15
CUST02990,Jennifer Mccarthy,huynhjennifer@example.net,26,Female,Technology,Europe,201-500,Standard,2020-08-07
CUST02991,Danielle Cole,hvillanueva@example.com,62,Other,Professional Services,Europe,201-500,Premium,2019-06-02
CUST02992,Brandon Francis,hwalter@example.com,35,Male,Technology,Europe,1-10,Standard,2020-06-30
CUST02993,Rodney Clay,hward@example.com,68,Other,Retail,North America,51-200,Premium,2020-07-11
CUST02994,Crystal Phillips,hwarren@example.org,58,Other,Government & Public Sector,Asia-Pacific,201-500,Enterprise,2020-04-21
CUST02995,James Love,hweaver@example.org,51,Female,Education,Australia & New Zealand,501-1000,Free,2019-11-19
CUST02996,George Porter,hwilliams@example.net,55,Male,Government & Public Sector,Asia-Pacific,11-50,Standard,2020-09-01
CUST02997,Toni Eaton,hwilson@example.org,70,Female,Retail,North America,201-500,Free,2019-10-06
CUST02998,Dawn Ramos,hwright@example.net,54,Other,Manufacturing,Australia & New Zealand,11-50,Enterprise,2019-10-02
CUST02999,Sarah Reed,hyoder@example.org,51,Other,Education,North America,1000+,Standard,2019-09-04
CUST03000,Rachel Gibson,hyoung@example.org,38,Other,Manufacturing,Europe,1000+,Premium,2019-10-16
CUST03001,Christine Wolf,ian14@example.com,58,Other,Technology,North America,11-50,Enterprise,2019-09-29
CUST03002,Roy Ochoa,ian80@example.com,58,Other,Education,Europe,201-500,Standard,2020-07-20
CUST03003,Mark Garza,iananderson@example.net,20,Male,Financial Services,Australia & New Zealand,51-200,Standard,2019-04-04
CUST03004,Victoria Burnett,iandrade@example.net,29,Other,Financial Services,Asia-Pacific,201-500,Standard,2019-03-26
CUST03005,Barbara Smith,ibailey@example.org,67,Female,Retail,Australia & New Zealand,501-1000,Standard,2019-05-08
CUST03006,James Burton,ibaird@example.com,36,Male,Technology,Europe,11-50,Premium,2019-03-14
CUST03007,Thomas Barnett,iball@example.net,59,Other,Government & Public Sector,Europe,11-50,Premium,2020-05-10
CUST03008,Victoria Daniels,ibanks@example.com,23,Female,Professional Services,Asia-Pacific,51-200,Premium,2019-03-25
CUST03009,Molly George,ibell@example.org,39,Other,Technology,Asia-Pacific,51-200,Standard,2019-08-15
CUST03010,Curtis Aguilar,ibenson@example.com,53,Female,Financial Services,Asia-Pacific,1000+,Standard,2019-10-22
CUST03011,Sarah Shaw,ibird@example.net,21,Female,Professional Services,North America,1000+,Standard,2019-10-13
CUST03012,Michelle Adams,ibrewer@example.com,44,Male,Professional Services,Australia & New Zealand,501-1000,Standard,2019-03-24
CUST03013,Amy Smith,ibryan@example.com,56,Female,Technology,Asia-Pacific,51-200,Standard,2020-12-19
CUST03014,Kenneth Martinez,icampbell@example.org,55,Male,Technology,North America,11-50,Free,2021-02-19
CUST03015,Christopher Stone,icarney@example.com,60,Female,Education,Asia-Pacific,51-200,Free,2019-07-29
CUST03016,Benjamin Hanson,icollins@example.com,18,Male,Financial Services,Europe,51-200,Enterprise,2021-08-16
CUST03017,Robert Bullock,idiaz@example.com,28,Other,Professional Services,Europe,1000+,Standard,2019-11-10
CUST03018,Kevin Long,idillon@example.net,22,Female,Healthcare,Europe,501-1000,Standard,2019-04-13
CUST03019,Kimberly May,idrake@example.org,26,Female,Media & Communications,North America,1-10,Enterprise,2020-12-10
CUST03020,Thomas Bennett,ievans@example.org,53,Female,Education,Asia-Pacific,201-500,Premium,2019-10-23
CUST03021,Charlotte Doyle,ifields@example.com,19,Female,Professional Services,North America,501-1000,Premium,2019-10-24
CUST03022,Travis Hernandez,ifletcher@example.org,68,Other,Professional Services,North America,201-500,Standard,2019-05-25
CUST03023,Anthony Wells,iflores@example.org,42,Other,Financial Services,Other,51-200,Enterprise,2018-12-02
CUST03024,Antonio Salazar,ifrazier@example.org,28,Female,Other,Asia-Pacific,1000+,Premium,2020-10-23
CUST03025,William Lane,igonzales@example.org,43,Female,Technology,North America,1-10,Premium,2021-06-01
CUST03026,Jennifer Mcbride,igonzalez@example.com,29,Other,Media & Communications,North America,51-200,Enterprise,2020-11-21
CUST03027,Dwayne Rodriguez,igreen@example.org,52,Female,Financial Services,Europe,201-500,Premium,2019-03-16
CUST03028,Brianna Evans,ihall@example.com,20,Female,Manufacturing,Australia & New Zealand,1-10,Premium,2020-06-18
CUST03029,Richard Sharp,ihall@example.org,69,Male,Government & Public Sector,Asia-Pacific,1000+,Standard,2020-01-23
CUST03030,Jennifer Durham,ihaney@example.com,49,Male,Retail,Asia-Pacific,201-500,Enterprise,2021-07-22
CUST03031,Ronald Johnson,ihansen@example.org,32,Male,Manufacturing,Europe,11-50,Standard,2020-06-16
CUST03032,Stephanie Rios,iheath@example.com,28,Female,Manufacturing,North America,11-50,Premium,2019-11-16
CUST03033,Crystal Lawson,ihernandez@example.com,36,Female,Professional Services,Asia-Pacific,201-500,Premium,2020-07-04
CUST03034,Tanya Meyer,iherrera@example.com,26,Other,Technology,North America,501-1000,Premium,2018-10-08
CUST03035,Jesus Carney,ihicks@example.org,46,Female,Other,Asia-Pacific,1000+,Standard,2019-11-06
CUST03036,Debra Johnson,iholmes@example.net,32,Male,Healthcare,Asia-Pacific,51-200,Premium,2021-03-18
CUST03037,Patricia Taylor,ihorn@example.com,69,Other,Manufacturing,Australia & New Zealand,51-200,Standard,2020-12-17
CUST03038,Brandi White,ijackson@example.org,36,Male,Technology,Australia & New Zealand,501-1000,Standard,2019-11-21
CUST03039,David Williams,ijohnson@example.com,35,Male,Media & Communications,Asia-Pacific,11-50,Standard,2019-05-25
CUST03040,Beth Ramsey,ijohnson@example.net,19,Female,Media & Communications,Australia & New Zealand,51-200,Standard,2020-01-04
CUST03041,Larry Mccullough,ijones@example.net,23,Female,Media & Communications,Australia & New Zealand,51-200,Standard,2019-08-15
CUST03042,Robert Rodriguez,ikelly@example.com,42,Other,Other,North America,501-1000,Enterprise,2021-06-11
CUST03043,Kathleen Joseph,ikim@example.org,21,Other,Government & Public Sector,North America,11-50,Standard,2020-11-24
CUST03044,Kevin Lewis,ilane@example.org,43,Other,Government & Public Sector,Australia & New Zealand,11-50,Free,2020-08-31
CUST03045,Dr. Katelyn Gonzalez PhD,ilee@example.net,70,Male,Professional Services,Asia-Pacific,201-500,Free,2019-10-02
CUST03046,Joshua Harper,ilove@example.net,59,Female,Technology,Australia & New Zealand,201-500,Enterprise,2021-07-07
CUST03047,Katie Brown,imartinez@example.org,40,Male,Professional Services,Europe,1000+,Standard,2020-08-14
CUST03048,Juan Hardy,imatthews@example.org,25,Female,Technology,Australia & New Zealand,51-200,Standard,2019-12-06
CUST03049,Kim Wilson,imays@example.org,31,Male,Retail,Asia-Pacific,51-200,Enterprise,2019-11-08
CUST03050,Melissa Evans,imcgee@example.org,51,Other,Professional Services,North America,501-1000,Standard,2020-09-19
CUST03051,Rickey Hoover,imckee@example.org,52,Male,Technology,North America,1-10,Premium,2020-05-28
CUST03052,Stephanie Chen,imorrow@example.net,35,Male,Other,Other,1000+,Premium,2019-07-05
CUST03053,Amber Heath,imorton@example.com,24,Female,Professional Services,Europe,501-1000,Enterprise,2019-05-26
CUST03054,Caitlin Holder,imosley@example.net,30,Female,Manufacturing,Europe,11-50,Premium,2021-07-03
CUST03055,Brandon Miller,imoyer@example.net,63,Other,Retail,North America,51-200,Standard,2019-06-04
CUST03056,Ryan Curtis,ingramchristopher@example.com,59,Female,Professional Services,Asia-Pacific,51-200,Premium,2021-01-22
CUST03057,Raymond Bradley,ipeterson@example.com,54,Male,Financial Services,Asia-Pacific,501-1000,Premium,2020-09-16
CUST03058,Richard Price,iphillips@example.net,43,Other,Healthcare,Europe,11-50,Premium,2019-03-14
CUST03059,Holly Martin,irichardson@example.com,42,Other,Technology,Asia-Pacific,51-200,Premium,2018-12-14
CUST03060,Jeffery Matthews,irobbins@example.net,55,Male,Government & Public Sector,North America,51-200,Enterprise,2021-10-15
CUST03061,Anna Holland,irocha@example.org,26,Female,Manufacturing,Australia & New Zealand,201-500,Free,2020-08-19
CUST03062,Jessica Thomas,iroman@example.org,20,Male,Education,Europe,11-50,Standard,2020-04-22
CUST03063,Daniel Smith,isaac15@example.org,37,Female,Healthcare,North America,1-10,Enterprise,2019-12-04
CUST03064,David Smith,isabelgomez@example.net,63,Female,Financial Services,Asia-Pacific,51-200,Premium,2019-01-26
CUST03065,Lauren Wilson,isaiahharris@example.net,51,Other,Education,Australia & New Zealand,11-50,Enterprise,2021-08-23
CUST03066,John Lawrence,ischultz@example.org,26,Other,Media & Communications,Asia-Pacific,201-500,Enterprise,2020-05-03
CUST03067,Robert Mcpherson,iscott@example.com,57,Other,Financial Services,Asia-Pacific,51-200,Standard,2020-11-15
CUST03068,Shawn Phillips,isilva@example.com,56,Other,Professional Services,Europe,11-50,Premium,2020-11-06
CUST03069,Amber Cherry,ismith@example.net,51,Male,Other,North America,51-200,Premium,2019-11-15
CUST03070,Megan Johnson,isnyder@example.com,46,Female,Professional Services,Australia & New Zealand,11-50,Standard,2018-10-03
CUST03071,Christine Robertson,isummers@example.com,31,Male,Technology,Asia-Pacific,201-500,Free,2020-03-15
CUST03072,Heather Garcia,itaylor@example.org,30,Other,Professional Services,North America,201-500,Free,2020-03-22
CUST03073,Elizabeth Harris,ithomas@example.net,32,Female,Financial Services,Asia-Pacific,51-200,Standard,2020-01-17
CUST03074,Robin Castro,itodd@example.com,31,Male,Technology,North America,501-1000,Standard,2021-07-12
CUST03075,Christy Burke,itucker@example.com,69,Other,Other,Europe,201-500,Enterprise,2021-03-17
CUST03076,Scott Bowers,ivaldez@example.org,67,Other,Professional Services,Europe,1-10,Standard,2020-09-14
CUST03077,Dr. Debbie Carr,iwashington@example.net,30,Male,Education,Asia-Pacific,1-10,Standard,2020-05-13
CUST03078,Elizabeth Anderson,iweeks@example.com,46,Female,Technology,Europe,1000+,Premium,2019-09-03
CUST03079,Carrie Walker,iwilliamson@example.org,67,Other,Professional Services,Europe,11-50,Free,2021-08-30
CUST03080,Kristen Fleming,iwillis@example.com,43,Female,Technology,Australia & New Zealand,501-1000,Premium,2021-02-11
CUST03081,Andrea Newman,iyu@example.net,55,Male,Technology,North America,501-1000,Free,2020-06-29
CUST03082,George Thomas,jack44@example.net,62,Male,Retail,Australia & New Zealand,201-500,Standard,2020-03-14
CUST03083,Thomas Garcia,jack76@example.org,42,Other,Government & Public Sector,Other,501-1000,Standard,2019-08-10
CUST03084,David Zimmerman,jack82@example.net,22,Female,Financial Services,Asia-Pacific,51-200,Standard,2019-08-07
CUST03085,Megan Lucero,jackie34@example.com,50,Other,Education,Europe,11-50,Standard,2019-11-18
CUST03086,Sharon Snyder,jackieclark@example.net,48,Female,Professional Services,Europe,1-10,Premium,2020-08-27
CUST03087,Victoria Martinez,jackiejones@example.net,23,Female,Retail,Other,201-500,Standard,2021-10-11
CUST03088,Michael Adams,jacklucas@example.org,66,Male,Government & Public Sector,Australia & New Zealand,501-1000,Premium,2020-05-17
CUST03089,Monique Miller,jackrodriguez@example.com,40,Female,Technology,North America,1000+,Premium,2021-03-24
CUST03090,Melissa Bowman,jackrodriguez@example.org,48,Male,Retail,Other,51-200,Standard,2019-03-21
CUST03091,Karen Montoya,jacksonadam@example.com,45,Other,Manufacturing,Europe,11-50,Standard,2020-08-04
CUST03092,Mackenzie Powers,jacksonangela@example.net,48,Male,Retail,Australia & New Zealand,501-1000,Free,2021-01-20
CUST03093,Grant Shaw MD,jacksondaniel@example.com,35,Female,Professional Services,North America,1-10,Free,2020-11-18
CUST03094,Angela Miller,jacksonedward@example.com,44,Male,Technology,Europe,201-500,Free,2019-06-02
CUST03095,Ashley Martin,jacksonisaac@example.com,30,Male,Education,North America,51-200,Premium,2021-09-26
CUST03096,Donna Campbell,jacksonjohnson@example.com,40,Female,Education,Asia-Pacific,501-1000,Standard,2019-10-02
CUST03097,Mrs. Anne Shepherd,jacksonrobert@example.net,54,Female,Professional Services,Australia & New Zealand,201-500,Enterprise,2020-04-07
CUST03098,Antonio Gardner,jacksonsarah@example.com,43,Female,Professional Services,Australia & New Zealand,1000+,Premium,2019-01-11
CUST03099,Erin Monroe,jacksonscott@example.org,29,Other,Technology,Asia-Pacific,11-50,Standard,2019-05-16
CUST03100,Dylan Lee,jacksonsharon@example.com,35,Male,Professional Services,Australia & New Zealand,51-200,Enterprise,2019-09-30
CUST03101,Michael Harvey,jacksonvernon@example.org,68,Male,Retail,North America,11-50,Premium,2021-07-04
CUST03102,Travis Calderon,jacksonwillie@example.net,68,Female,Other,Australia & New Zealand,51-200,Free,2019-10-29
CUST03103,Nicole Matthews,jackthomas@example.org,24,Other,Manufacturing,Asia-Pacific,201-500,Premium,2019-09-05
CUST03104,Isaiah Lawrence,jaclyn83@example.net,26,Other,Professional Services,Australia & New Zealand,201-500,Free,2020-07-24
CUST03105,Brittany Peters,jacob14@example.net,57,Female,Manufacturing,North America,201-500,Standard,2021-01-07
CUST03106,Christina Houston,jacob23@example.org,41,Male,Professional Services,North America,51-200,Standard,2019-01-30
CUST03107,Daniel Smith,jacob26@example.org,52,Other,Financial Services,North America,51-200,Premium,2019-02-08
CUST03108,Joseph Pierce,jacob31@example.net,37,Female,Education,North America,1000+,Standard,2021-01-26
CUST03109,Monica Boyd,jacob31@example.org,57,Other,Professional Services,Australia & New Zealand,51-200,Standard,2019-09-07
CUST03110,Brandy Jones,jacob51@example.com,44,Other,Financial Services,North America,11-50,Free,2020-12-19
CUST03111,Brett Wu,jacob52@example.net,34,Male,Manufacturing,Australia & New Zealand,51-200,Enterprise,2020-08-14
CUST03112,David Smith,jacob67@example.net,61,Male,Retail,Australia & New Zealand,11-50,Free,2021-03-08
CUST03113,Mr. David Park,jacob78@example.com,52,Male,Other,Other,11-50,Standard,2020-11-21
CUST03114,Zachary Gallagher,jacob94@example.org,42,Female,Healthcare,Asia-Pacific,51-200,Standard,2021-07-29
CUST03115,Teresa Hayes,jacobgarcia@example.com,31,Female,Other,Asia-Pacific,51-200,Enterprise,2020-08-15
CUST03116,Michelle Medina,jacobkim@example.net,52,Male,Education,North America,51-200,Standard,2020-07-22
CUST03117,Felicia Stanton,jacobking@example.org,18,Female,Retail,North America,501-1000,Free,2020-01-01
CUST03118,Jennifer Vargas,jacobpatrick@example.net,66,Female,Other,North America,11-50,Premium,2020-10-28
CUST03119,Ariana Mann,jacobpeters@example.net,22,Female,Manufacturing,Asia-Pacific,1-10,Standard,2020-04-28
CUST03120,Daniel Murphy,jacobsdanielle@example.org,69,Other,Financial Services,Europe,51-200,Premium,2020-01-11
CUST03121,Rebecca Fields,jacobsmith@example.net,49,Other,Professional Services,Australia & New Zealand,51-200,Premium,2021-04-26
CUST03122,Kimberly Salazar,jacqueline14@example.net,69,Other,Media & Communications,Australia & New Zealand,11-50,Enterprise,2019-12-01
CUST03123,Kimberly Davenport,jacqueline15@example.net,38,Male,Education,Europe,51-200,Premium,2021-08-15
CUST03124,Tammy Estes,jacqueline19@example.com,37,Other,Technology,Australia & New Zealand,1000+,Free,2019-07-22
CUST03125,Gary Fox,jacqueline20@example.net,20,Female,Other,North America,201-500,Free,2020-11-20
CUST03126,Curtis Shields,jacqueline34@example.com,48,Other,Education,Asia-Pacific,1000+,Standard,2020-02-05
CUST03127,Dennis Dillon,jacqueline50@example.net,23,Other,Financial Services,Europe,51-200,Premium,2020-07-02
CUST03128,Thomas Chang,jacqueline82@example.com,37,Female,Healthcare,North America,51-200,Standard,2021-02-05
CUST03129,Zachary Caldwell,jacqueline96@example.net,24,Other,Manufacturing,Australia & New Zealand,501-1000,Enterprise,2018-12-15
CUST03130,Anna Robertson,jacqueline99@example.com,43,Other,Professional Services,Asia-Pacific,501-1000,Enterprise,2021-02-01
CUST03131,Mr. Clayton Gay,jacquelinelawson@example.org,19,Other,Healthcare,Australia & New Zealand,11-50,Premium,2020-07-22
CUST03132,Pedro Bird,jacquelinenelson@example.com,37,Other,Financial Services,North America,201-500,Premium,2020-09-18
CUST03133,Judy White,jacquelineolsen@example.com,51,Other,Media & Communications,North America,201-500,Premium,2019-03-05
CUST03134,Rachel Love,jacquelinepatton@example.com,33,Female,Education,Europe,11-50,Enterprise,2019-08-30
CUST03135,Brian Martin,jacquelinethomas@example.com,37,Male,Financial Services,Australia & New Zealand,51-200,Standard,2020-08-17
CUST03136,Lisa Hicks,jademorris@example.net,27,Male,Technology,Australia & New Zealand,51-200,Free,2020-06-19
CUST03137,Oscar Rivera,jaguilar@example.com,42,Other,Professional Services,Asia-Pacific,201-500,Premium,2020-03-16
CUST03138,Carla Moore,jaime70@example.com,65,Other,Technology,Europe,11-50,Standard,2021-07-17
CUST03139,Jack Fox,jaimematthews@example.net,64,Female,Professional Services,Asia-Pacific,1-10,Premium,2019-11-30
CUST03140,Melvin Ross,jaimeroman@example.com,67,Male,Retail,North America,11-50,Standard,2019-05-14
CUST03141,Jason Bowen,jallen@example.org,24,Male,Healthcare,Australia & New Zealand,11-50,Standard,2019-03-20
CUST03142,Joseph Oneal,james01@example.com,37,Male,Professional Services,Australia & New Zealand,201-500,Standard,2020-10-01
CUST03143,Joseph Huffman,james02@example.org,27,Male,Retail,Australia & New Zealand,201-500,Standard,2020-05-13
CUST03144,Jason Martinez,james03@example.org,48,Female,Education,Australia & New Zealand,51-200,Standard,2020-08-15
CUST03145,Janice Hernandez,james05@example.org,64,Male,Media & Communications,North America,51-200,Free,2019-11-10
CUST03146,Jonathan Forbes,james06@example.com,64,Male,Retail,North America,11-50,Standard,2019-10-30
CUST03147,Jennifer Perez,james06@example.net,57,Female,Professional Services,Australia & New Zealand,1000+,Enterprise,2020-06-10
CUST03148,Jennifer Adkins,james13@example.net,18,Male,Retail,Other,201-500,Standard,2019-12-24
CUST03149,Jimmy Anderson,james14@example.org,24,Female,Financial Services,Asia-Pacific,51-200,Standard,2020-01-10
CUST03150,Donna Griffith,james18@example.org,43,Male,Government & Public Sector,Europe,51-200,Standard,2018-10-23
CUST03151,Gabriel Mills,james28@example.net,31,Male,Government & Public Sector,Australia & New Zealand,201-500,Standard,2021-05-06
CUST03152,Megan Lewis,james28@example.org,51,Male,Financial Services,Asia-Pacific,51-200,Free,2019-02-27
CUST03153,Luke Brooks MD,james29@example.com,28,Female,Healthcare,Europe,501-1000,Standard,2021-06-23
CUST03154,Mrs. Katherine Butler,james32@example.com,30,Female,Technology,Europe,201-500,Enterprise,2019-12-09
CUST03155,Amber Zamora,james45@example.com,40,Female,Retail,Asia-Pacific,201-500,Standard,2020-08-19
CUST03156,Jeffrey Morris,james49@example.org,65,Other,Other,Europe,1-10,Enterprise,2020-04-05
CUST03157,Eileen Boyd,james50@example.net,41,Male,Healthcare,Australia & New Zealand,51-200,Premium,2019-09-22
CUST03158,Pam Norman,james59@example.com,40,Male,Education,Europe,51-200,Enterprise,2019-08-02
CUST03159,Melvin Warren,james63@example.org,56,Female,Professional Services,North America,1-10,Premium,2020-08-07
CUST03160,Grant Washington,james70@example.com,56,Other,Other,North America,51-200,Standard,2020-02-23
CUST03161,Carlos Herman,james71@example.org,70,Female,Professional Services,Asia-Pacific,51-200,Standard,2019-07-16
CUST03162,Ms. Mary Harvey,james73@example.net,26,Male,Professional Services,Europe,1-10,Standard,2019-11-24
CUST03163,James Galvan,james76@example.com,27,Other,Education,Asia-Pacific,1000+,Free,2020-08-02
CUST03164,Katherine Brock,james77@example.net,65,Male,Media & Communications,Australia & New Zealand,1000+,Premium,2018-12-22
CUST03165,Joe Patterson,james80@example.org,35,Male,Technology,North America,501-1000,Standard,2019-11-03
CUST03166,James David,james81@example.org,38,Female,Financial Services,Australia & New Zealand,51-200,Premium,2021-08-13
CUST03167,Sean Silva,james83@example.com,55,Female,Retail,North America,501-1000,Enterprise,2018-11-19
CUST03168,Roger Myers,james85@example.com,42,Female,Technology,Europe,51-200,Standard,2020-07-14
CUST03169,David Palmer,james88@example.com,54,Female,Education,Australia & New Zealand,1-10,Premium,2020-05-01
CUST03170,Trevor Miller,james88@example.org,26,Female,Retail,North America,501-1000,Enterprise,2021-08-28
CUST03171,John Santana,james89@example.com,70,Female,Financial Services,Other,51-200,Premium,2021-01-10
CUST03172,Glenda Bennett,james90@example.net,30,Female,Financial Services,Asia-Pacific,201-500,Standard,2021-03-16
CUST03173,Jared Boyer,james91@example.org,35,Male,Retail,Australia & New Zealand,1000+,Free,2020-12-31
CUST03174,Lydia Patterson,james93@example.org,26,Female,Professional Services,Other,11-50,Premium,2020-11-26
CUST03175,Evan Patterson,james98@example.com,39,Other,Professional Services,North America,51-200,Standard,2020-02-24
CUST03176,Christina Bullock,james99@example.org,68,Male,Government & Public Sector,Australia & New Zealand,51-200,Standard,2020-11-07
CUST03177,Jennifer Warren,jamesandrew@example.net,36,Male,Retail,Australia & New Zealand,51-200,Standard,2020-05-07
CUST03178,Sandra Bass,jamesbaxter@example.com,57,Other,Financial Services,Australia & New Zealand,51-200,Standard,2020-06-27
CUST03179,Sophia Mejia DDS,jamesbest@example.net,47,Other,Financial Services,North America,51-200,Standard,2020-08-30
CUST03180,James Reynolds,jamescarter@example.com,60,Female,Retail,North America,1000+,Free,2019-02-12
CUST03181,James Vincent,jamescastillo@example.org,61,Male,Retail,Asia-Pacific,501-1000,Standard,2019-06-05
CUST03182,Luis Strickland,jamescole@example.org,41,Male,Technology,North America,51-200,Premium,2019-09-07
CUST03183,Deborah Gray,jamescortez@example.org,47,Other,Technology,Australia & New Zealand,201-500,Standard,2020-03-22
CUST03184,Jimmy Martin,jamesdavis@example.com,49,Other,Financial Services,North America,11-50,Standard,2020-03-25
CUST03185,Pamela Alexander,jamesdunn@example.com,23,Male,Government & Public Sector,North America,501-1000,Free,2020-04-08
CUST03186,Christopher Grimes,jamesfarley@example.com,56,Female,Media & Communications,Australia & New Zealand,201-500,Standard,2019-11-11
CUST03187,Elizabeth Solomon,jamesgalloway@example.com,69,Female,Government & Public Sector,North America,51-200,Premium,2021-07-03
CUST03188,Jeffrey Rivera,jamesgarcia@example.com,53,Female,Healthcare,Australia & New Zealand,11-50,Enterprise,2020-06-29
CUST03189,Chad Waters,jamesgardner@example.net,27,Female,Manufacturing,Europe,11-50,Premium,2019-01-12
CUST03190,Nicole Lopez,jamesgreen@example.com,18,Female,Other,Australia & New Zealand,11-50,Premium,2019-07-20
CUST03191,Ryan Coleman,jameshernandez@example.net,40,Other,Media & Communications,North America,1000+,Premium,2018-07-27
CUST03192,Teresa Contreras,jameshill@example.net,69,Male,Financial Services,Australia & New Zealand,51-200,Free,2019-07-09
CUST03193,Margaret Moyer,jameshodges@example.com,60,Male,Technology,Asia-Pacific,201-500,Free,2020-08-26
CUST03194,Tina Maldonado,jameshoward@example.com,19,Other,Media & Communications,Australia & New Zealand,201-500,Standard,2019-01-02
CUST03195,Laurie Lopez,jamesjohnston@example.com,57,Male,Other,Asia-Pacific,51-200,Standard,2019-06-24
CUST03196,Erica Chapman,jameskaren@example.org,43,Male,Professional Services,North America,501-1000,Premium,2020-01-20
CUST03197,Linda Johnson,jameskathleen@example.com,65,Female,Retail,North America,11-50,Premium,2020-10-12
CUST03198,Shari Riley,jameskathleen@example.org,30,Female,Financial Services,Asia-Pacific,11-50,Premium,2021-07-25
CUST03199,Jeffrey Robertson,jameslopez@example.com,39,Female,Retail,Europe,11-50,Standard,2020-06-05
CUST03200,Jason Hunter,jameslopez@example.net,36,Female,Technology,Australia & New Zealand,201-500,Standard,2019-10-05
CUST03201,Erin Thompson,jamesmartin@example.org,63,Female,Technology,Australia & New Zealand,51-200,Enterprise,2021-04-01
CUST03202,Walter Davis,jamesmorris@example.net,47,Male,Manufacturing,Australia & New Zealand,201-500,Premium,2020-06-10
CUST03203,Samantha Williams,jamesmurphy@example.net,55,Other,Retail,Europe,11-50,Enterprise,2021-03-08
CUST03204,Brian Hayden,jamesnichols@example.com,25,Male,Healthcare,North America,51-200,Premium,2020-04-17
CUST03205,Christina Turner,jamesparrish@example.com,33,Female,Professional Services,Asia-Pacific,1-10,Standard,2019-07-20
CUST03206,Nicole Smith,jamesperez@example.org,25,Female,Manufacturing,Europe,11-50,Standard,2021-01-03
CUST03207,Joshua Griffin,jamesphillips@example.net,66,Other,Financial Services,Australia & New Zealand,51-200,Standard,2019-11-07
CUST03208,Timothy Clark,jamesramirez@example.com,64,Female,Technology,North America,51-200,Standard,2020-04-26
CUST03209,Michael Burns,jamesrobertson@example.net,47,Male,Technology,Asia-Pacific,11-50,Premium,2020-01-06
CUST03210,Douglas Cortez,jamesrollins@example.net,65,Male,Technology,Australia & New Zealand,501-1000,Standard,2019-08-06
CUST03211,Mr. Timothy Malone,jamessarah@example.net,42,Male,Healthcare,North America,51-200,Standard,2020-07-22
CUST03212,Jeffery Murphy,jamesschmidt@example.com,30,Female,Other,North America,201-500,Standard,2019-10-18
CUST03213,Adriana Mason,jamesspencer@example.com,41,Other,Education,Asia-Pacific,1-10,Standard,2018-12-31
CUST03214,Scott Wiggins,jamesthompson@example.com,69,Male,Financial Services,Australia & New Zealand,201-500,Standard,2021-02-25
CUST03215,Rita Hughes,jamesthompson@example.net,27,Female,Technology,Australia & New Zealand,51-200,Standard,2020-09-02
CUST03216,William King,jamestrevino@example.com,49,Female,Media & Communications,North America,201-500,Free,2020-07-13
CUST03217,Thomas Hebert,jamestrevor@example.org,40,Other,Technology,Europe,11-50,Standard,2019-12-16
CUST03218,Stephanie Thomas,jamesward@example.org,69,Other,Healthcare,Europe,51-200,Enterprise,2020-06-06
CUST03219,Randy Clements,jameswatson@example.com,42,Other,Financial Services,Australia & New Zealand,11-50,Enterprise,2019-06-28
CUST03220,Tiffany Russo,jameswhite@example.net,49,Female,Media & Communications,Australia & New Zealand,51-200,Standard,2020-06-03
CUST03221,Elizabeth Oneill,jamie12@example.net,51,Other,Retail,North America,11-50,Standard,2021-05-07
CUST03222,Timothy Ruiz,jamie26@example.com,39,Female,Professional Services,Australia & New Zealand,11-50,Enterprise,2020-06-22
CUST03223,Kevin Martinez,jamie35@example.com,26,Female,Financial Services,Europe,51-200,Premium,2021-07-21
CUST03224,April Mueller,jamie46@example.org,36,Other,Retail,North America,1000+,Enterprise,2019-02-23
CUST03225,Wendy Watson,jamie60@example.org,57,Other,Healthcare,Asia-Pacific,201-500,Standard,2020-04-15
CUST03226,Jocelyn Smith,jamie74@example.net,37,Other,Technology,Australia & New Zealand,501-1000,Premium,2020-05-28
CUST03227,Scott Zimmerman,jamiegarcia@example.net,57,Other,Financial Services,North America,1000+,Free,2020-05-09
CUST03228,Peter Hinton,jamienguyen@example.com,57,Other,Media & Communications,Europe,201-500,Free,2020-07-01
CUST03229,Kaitlyn Rose,jamiesmith@example.com,50,Other,Financial Services,Other,201-500,Premium,2019-10-08
CUST03230,Troy Horton,jamiewhite@example.com,52,Female,Healthcare,North America,11-50,Standard,2019-07-14
CUST03231,Amy Harding,janeford@example.com,66,Female,Professional Services,Europe,51-200,Enterprise,2021-05-18
CUST03232,Colleen Green,janemorris@example.org,55,Other,Healthcare,Asia-Pacific,51-200,Premium,2020-09-07
CUST03233,Diane Watson,janet06@example.com,50,Other,Government & Public Sector,Australia & New Zealand,201-500,Standard,2020-08-31
CUST03234,Julie Fields,janet45@example.org,37,Female,Technology,Europe,201-500,Standard,2019-11-08
CUST03235,Patricia Rodgers,janet62@example.com,57,Female,Government & Public Sector,Europe,1-10,Standard,2020-08-13
CUST03236,Brandi Torres,janetfox@example.com,37,Other,Government & Public Sector,Asia-Pacific,51-200,Enterprise,2019-07-02
CUST03237,Jessica Blankenship,janethoward@example.org,61,Male,Education,Europe,11-50,Premium,2019-01-26
CUST03238,Harold Booker,janetjames@example.org,29,Other,Technology,Europe,1-10,Free,2020-08-05
CUST03239,Jasmine Diaz,janetturner@example.net,57,Other,Media & Communications,Europe,51-200,Standard,2019-09-14
CUST03240,John Mckinney,janice05@example.org,25,Male,Retail,Australia & New Zealand,51-200,Free,2020-08-21
CUST03241,Jane Shelton,janice79@example.org,38,Male,Professional Services,Australia & New Zealand,201-500,Enterprise,2021-08-12
CUST03242,Megan Hampton,janiceowen@example.com,42,Female,Technology,Asia-Pacific,201-500,Standard,2020-10-03
CUST03243,Isaiah Greene,jared16@example.com,47,Male,Professional Services,North America,1-10,Free,2018-12-16
CUST03244,Lee Pearson,jared73@example.org,61,Female,Technology,Other,11-50,Premium,2019-06-17
CUST03245,Christina Medina,jared87@example.net,22,Female,Professional Services,Europe,51-200,Free,2019-08-20
CUST03246,John Key,jaredpreston@example.com,24,Other,Technology,Australia & New Zealand,51-200,Free,2020-05-02
CUST03247,Christopher Cuevas,jaredramos@example.net,30,Male,Healthcare,Australia & New Zealand,1000+,Premium,2018-12-24
CUST03248,Oscar Ramsey,jaredturner@example.org,29,Other,Retail,Asia-Pacific,1-10,Enterprise,2019-10-25
CUST03249,Kevin Robertson,jarvisjessica@example.net,37,Female,Financial Services,Other,1-10,Free,2018-08-17
CUST03250,James Webb,jarvismelissa@example.org,29,Male,Retail,Asia-Pacific,201-500,Standard,2021-04-18
CUST03251,Jared Williams,jasmine51@example.org,55,Other,Technology,Australia & New Zealand,1000+,Standard,2019-05-26
CUST03252,Christopher Rodriguez,jasminegomez@example.net,19,Female,Technology,Other,11-50,Standard,2020-02-03
CUST03253,Walter Young,jasminekennedy@example.org,47,Other,Professional Services,North America,11-50,Standard,2019-11-06
CUST03254,Jennifer Miller,jasminelee@example.com,32,Other,Technology,Europe,11-50,Enterprise,2020-12-12
CUST03255,Kevin Rose,jasminetucker@example.com,60,Female,Education,Asia-Pacific,51-200,Free,2019-05-21
CUST03256,Kathryn Hayes,jasminewarren@example.org,68,Other,Retail,Asia-Pacific,11-50,Standard,2020-09-26
CUST03257,Julie Keller,jasminewise@example.net,28,Male,Education,Europe,1000+,Standard,2019-10-30
CUST03258,Joe Rios,jason02@example.org,22,Male,Education,Other,51-200,Standard,2020-03-31
CUST03259,Rachel Moore,jason13@example.net,50,Male,Manufacturing,Europe,201-500,Standard,2019-11-03
CUST03260,Paul Barnett,jason21@example.com,61,Male,Other,Asia-Pacific,201-500,Standard,2019-11-03
CUST03261,Kenneth Parrish,jason31@example.net,29,Female,Technology,Australia & New Zealand,1000+,Standard,2020-07-16
CUST03262,Neil Hart,jason32@example.com,51,Female,Retail,Other,11-50,Premium,2020-10-27
CUST03263,Brian Madden,jason35@example.com,43,Female,Technology,North America,11-50,Standard,2021-01-06
CUST03264,Ray Walton,jason39@example.org,64,Other,Education,North America,11-50,Standard,2021-05-13
CUST03265,Kevin Wise,jason45@example.com,58,Other,Professional Services,Asia-Pacific,51-200,Free,2019-10-15
CUST03266,Linda Holloway,jason48@example.net,36,Female,Technology,North America,201-500,Standard,2019-11-16
CUST03267,Thomas Soto MD,jason52@example.net,69,Male,Government & Public Sector,Australia & New Zealand,501-1000,Standard,2021-05-10
CUST03268,Katherine Gould,jason55@example.com,39,Male,Professional Services,Europe,51-200,Free,2020-12-05
CUST03269,Russell Solis,jason56@example.org,31,Male,Education,Australia & New Zealand,201-500,Premium,2019-08-28
CUST03270,Katie Moore,jason63@example.org,42,Male,Media & Communications,Asia-Pacific,1-10,Enterprise,2020-04-30
CUST03271,Michael Pena,jason67@example.org,21,Female,Retail,Other,1-10,Standard,2021-06-13
CUST03272,Robert Moore,jason70@example.org,34,Female,Manufacturing,Europe,201-500,Free,2019-03-05
CUST03273,Michael Allen,jason72@example.net,50,Male,Technology,Other,51-200,Enterprise,2020-12-03
CUST03274,Ashley Sutton,jason76@example.com,46,Other,Technology,Asia-Pacific,201-500,Standard,2020-01-13
CUST03275,Diamond Smith,jason84@example.com,37,Male,Technology,North America,51-200,Premium,2019-01-25
CUST03276,James Harris,jason93@example.org,49,Male,Retail,Australia & New Zealand,201-500,Premium,2019-07-01
CUST03277,William Malone,jason98@example.org,55,Female,Retail,Other,501-1000,Free,2020-08-07
CUST03278,Charlene Roth,jasonharris@example.net,31,Female,Technology,Australia & New Zealand,51-200,Standard,2019-05-28
CUST03279,Paul Shelton,jasonkennedy@example.com,20,Other,Technology,Other,51-200,Enterprise,2020-03-18
CUST03280,Krystal Waters,jasonkim@example.org,59,Male,Education,North America,1000+,Standard,2020-10-11
CUST03281,Phillip Morse DVM,jasonlee@example.org,52,Male,Government & Public Sector,North America,51-200,Enterprise,2021-07-23
CUST03282,Tara Guerra,jasonlewis@example.org,27,Other,Technology,Europe,11-50,Standard,2018-09-19
CUST03283,Mark Lewis,jasonnixon@example.com,52,Other,Professional Services,Europe,1-10,Premium,2021-11-09
CUST03284,Dr. Lindsay Hernandez,jasonroman@example.com,56,Female,Manufacturing,Australia & New Zealand,51-200,Premium,2020-02-02
CUST03285,Kristen Lopez,jasonsimmons@example.net,49,Female,Manufacturing,Australia & New Zealand,1000+,Standard,2018-11-21
CUST03286,Brooke Foster,jasonsmith@example.net,38,Male,Retail,North America,201-500,Premium,2019-02-26
CUST03287,Mckenzie Hanna,jasontorres@example.com,50,Female,Media & Communications,Asia-Pacific,1-10,Premium,2020-02-16
CUST03288,Matthew Dominguez,jasonwallace@example.org,52,Female,Professional Services,Europe,51-200,Standard,2021-04-26
CUST03289,Kristen Alvarez,jasonwang@example.com,43,Male,Media & Communications,Asia-Pacific,51-200,Premium,2019-10-13
CUST03290,Shannon Stokes,javier25@example.com,43,Other,Technology,Asia-Pacific,501-1000,Standard,2020-03-12
CUST03291,Becky Ortiz,javier44@example.com,39,Female,Technology,North America,1000+,Free,2019-09-20
CUST03292,Lawrence Anthony,jay44@example.com,25,Male,Retail,North America,1-10,Free,2020-04-10
CUST03293,Stephen Johnson,jay53@example.net,48,Female,Media & Communications,Asia-Pacific,11-50,Free,2019-03-31
CUST03294,George Haynes,jayhernandez@example.com,44,Male,Government & Public Sector,Australia & New Zealand,501-1000,Enterprise,2019-08-29
CUST03295,Sandra Nelson,jbaker@example.net,49,Male,Education,Australia & New Zealand,51-200,Standard,2020-09-13
CUST03296,Elizabeth Vasquez,jbaker@example.org,49,Female,Education,Asia-Pacific,51-200,Premium,2020-02-15
CUST03297,Joshua Anderson,jbartlett@example.org,43,Male,Other,Europe,201-500,Premium,2019-07-07
CUST03298,Kim Fisher,jbeasley@example.org,36,Other,Government & Public Sector,Australia & New Zealand,1000+,Premium,2020-05-06
CUST03299,Brianna Scott MD,jbranch@example.net,51,Other,Education,Europe,1000+,Premium,2020-07-23
CUST03300,Scott Williams,jbright@example.com,34,Other,Professional Services,Australia & New Zealand,1-10,Standard,2019-09-12
CUST03301,Zachary Brown,jbrown@example.com,45,Other,Financial Services,North America,1-10,Premium,2020-03-31
CUST03302,Emily Hull,jbuck@example.com,33,Female,Professional Services,Australia & New Zealand,201-500,Premium,2020-10-27
CUST03303,Mark Miller,jburgess@example.com,50,Male,Technology,North America,201-500,Standard,2020-01-09
CUST03304,Eric Green,jcarrillo@example.com,59,Male,Technology,Europe,501-1000,Premium,2020-01-29
CUST03305,Barry Matthews,jclark@example.org,48,Other,Education,North America,1000+,Standard,2020-09-25
CUST03306,Aaron Nelson,jcrawford@example.net,41,Male,Professional Services,Europe,1000+,Standard,2019-09-02
CUST03307,Robert Acevedo,jcruz@example.net,22,Male,Financial Services,North America,11-50,Standard,2020-05-29
CUST03308,Alyssa Medina,jdavis@example.org,63,Female,Education,North America,501-1000,Standard,2019-11-19
CUST03309,Stephen Gonzalez,jdixon@example.org,46,Male,Professional Services,Europe,201-500,Premium,2020-11-24
CUST03310,Brian Lewis,jeanbradley@example.net,56,Other,Other,Europe,1000+,Premium,2019-06-06
CUST03311,Seth Brennan,jeanette65@example.com,50,Other,Technology,Europe,51-200,Free,2019-10-02
CUST03312,Andrew Bailey,jeanne96@example.net,61,Other,Financial Services,Other,11-50,Premium,2020-04-07
CUST03313,Bonnie Spears,jeannebrown@example.net,18,Male,Manufacturing,Europe,201-500,Premium,2019-12-12
CUST03314,Sarah Robinson,jedwards@example.org,54,Female,Professional Services,North America,1-10,Free,2019-12-14
CUST03315,Robin Williams,jeff58@example.net,57,Male,Financial Services,Europe,201-500,Premium,2020-04-14
CUST03316,Ronald Chase,jeff69@example.net,18,Female,Manufacturing,Asia-Pacific,11-50,Premium,2020-01-07
CUST03317,Michael Mcdowell,jeffersonmichael@example.net,21,Other,Government & Public Sector,Europe,201-500,Standard,2019-06-11
CUST03318,Juan Jones,jeffersonrichard@example.com,36,Female,Technology,Europe,1000+,Premium,2020-06-23
CUST03319,Cindy Black,jeffersonsteven@example.org,21,Male,Government & Public Sector,Europe,11-50,Free,2018-12-25
CUST03320,Joseph Reyes,jeffery48@example.com,54,Male,Professional Services,Europe,1000+,Free,2020-10-24
CUST03321,Joseph Christian,jefferyjones@example.org,31,Female,Manufacturing,Europe,201-500,Standard,2020-12-27
CUST03322,James Williams,jefferyking@example.org,38,Male,Manufacturing,Europe,1-10,Enterprise,2019-02-22
CUST03323,Shannon Wade,jefferyrivera@example.org,70,Female,Financial Services,Australia & New Zealand,11-50,Premium,2020-01-26
CUST03324,Judy Casey,jeffhodges@example.net,65,Other,Education,Australia & New Zealand,51-200,Standard,2019-09-06
CUST03325,Vickie Day,jeffmason@example.net,65,Other,Professional Services,North America,1-10,Free,2020-02-04
CUST03326,Katie Chase,jeffrey01@example.net,56,Other,Education,Australia & New Zealand,201-500,Enterprise,2020-11-27
CUST03327,Cameron Boyd,jeffrey03@example.net,46,Male,Financial Services,Asia-Pacific,201-500,Free,2018-11-24
CUST03328,Cody Clark,jeffrey08@example.net,25,Other,Financial Services,Australia & New Zealand,11-50,Standard,2020-11-17
CUST03329,Sheila Buckley,jeffrey34@example.com,23,Male,Technology,Other,51-200,Premium,2019-04-06
CUST03330,David Howell,jeffrey40@example.com,54,Female,Technology,Other,1000+,Free,2019-12-28
CUST03331,Joshua Mcdaniel,jeffrey40@example.net,39,Male,Media & Communications,Europe,201-500,Free,2020-10-26
CUST03332,Louis Bowers,jeffrey41@example.org,65,Male,Professional Services,Europe,501-1000,Enterprise,2021-09-04
CUST03333,David Rodriguez,jeffrey42@example.com,18,Other,Financial Services,North America,1000+,Standard,2021-06-18
CUST03334,Ashley Hayden,jeffrey47@example.com,30,Male,Technology,Australia & New Zealand,201-500,Premium,2019-11-02
CUST03335,Curtis Kelly,jeffrey49@example.com,21,Other,Education,North America,51-200,Standard,2021-03-19
CUST03336,Dawn Roman,jeffrey51@example.com,30,Female,Healthcare,North America,11-50,Standard,2020-06-21
CUST03337,Raymond Oconnor,jeffrey58@example.org,68,Male,Financial Services,Asia-Pacific,501-1000,Premium,2021-11-04
CUST03338,James Mccormick,jeffrey85@example.net,32,Other,Professional Services,North America,51-200,Standard,2020-08-18
CUST03339,Jeanette York,jeffrey88@example.com,46,Female,Retail,North America,51-200,Standard,2019-06-15
CUST03340,Catherine Bailey,jeffrey95@example.com,52,Female,Retail,Other,1000+,Standard,2019-07-22
CUST03341,Raymond Neal,jeffrey97@example.com,70,Female,Technology,Australia & New Zealand,1-10,Standard,2019-08-20
CUST03342,Casey Graham,jeffreyellis@example.net,21,Male,Education,Other,201-500,Standard,2019-11-16
CUST03343,Donald Tran,jeffreyhines@example.com,65,Female,Education,North America,51-200,Premium,2019-10-17
CUST03344,Courtney Guerrero,jeffreylong@example.net,26,Male,Professional Services,North America,1000+,Free,2019-10-06
CUST03345,Adam Matthews,jeffreypayne@example.net,65,Female,Healthcare,North America,51-200,Enterprise,2019-12-10
CUST03346,Eileen May,jeffreyperez@example.com,52,Other,Retail,North America,201-500,Premium,2019-10-24
CUST03347,Charles Gonzalez,jeffreyrichard@example.com,61,Other,Education,North America,501-1000,Standard,2019-08-16
CUST03348,Derek Johnson,jeffreyrobles@example.net,52,Female,Retail,North America,11-50,Premium,2020-01-13
CUST03349,Andrea Patterson,jeffreyrowland@example.com,27,Female,Government & Public Sector,North America,11-50,Standard,2019-07-10
CUST03350,Jennifer Hall,jeffreyschaefer@example.org,30,Other,Financial Services,Europe,501-1000,Premium,2020-02-10
CUST03351,Diamond Johnson,jeffreywalker@example.com,32,Male,Manufacturing,Asia-Pacific,51-200,Standard,2019-12-10
CUST03352,Ariana Howe,jeffreywalker@example.org,30,Female,Education,North America,11-50,Free,2020-04-03
CUST03353,David Hudson,jeffreywilliams@example.com,66,Male,Professional Services,Asia-Pacific,51-200,Premium,2019-12-17
CUST03354,William Hendricks,jeffsmith@example.net,35,Female,Media & Communications,Australia & New Zealand,1-10,Premium,2019-11-26
CUST03355,Heather Murray,jenglish@example.com,21,Other,Manufacturing,North America,51-200,Free,2019-12-07
CUST03356,Joseph Day,jenkinsanthony@example.org,23,Female,Retail,Asia-Pacific,51-200,Standard,2019-06-28
CUST03357,Jessica Salinas,jenna20@example.org,20,Male,Government & Public Sector,Asia-Pacific,11-50,Premium,2019-07-22
CUST03358,Adam Lopez,jenna22@example.org,28,Male,Financial Services,Asia-Pacific,11-50,Standard,2019-11-10
CUST03359,Sara Bell,jennahendricks@example.org,70,Female,Technology,Europe,51-200,Premium,2021-02-17
CUST03360,Amanda Mccoy,jennapitts@example.net,44,Female,Retail,Europe,201-500,Free,2019-03-06
CUST03361,Tamara Brooks,jennifer02@example.net,63,Other,Education,North America,51-200,Standard,2019-09-19
CUST03362,Michael Wilson,jennifer03@example.net,59,Other,Technology,North America,11-50,Standard,2019-10-13
CUST03363,Lisa Robertson,jennifer03@example.org,46,Female,Manufacturing,North America,11-50,Premium,2020-05-08
CUST03364,Zachary Contreras,jennifer10@example.com,33,Other,Manufacturing,Asia-Pacific,1000+,Standard,2020-09-22
CUST03365,Jeffrey Wilson,jennifer19@example.com,61,Female,Education,Asia-Pacific,11-50,Free,2020-05-06
CUST03366,Carl Mitchell,jennifer22@example.net,59,Other,Professional Services,Europe,501-1000,Premium,2019-03-25
CUST03367,Jeffrey Pratt,jennifer23@example.org,66,Other,Technology,Europe,1-10,Premium,2019-07-27
CUST03368,Kathleen Lewis,jennifer25@example.net,54,Male,Manufacturing,Australia & New Zealand,11-50,Free,2020-06-19
CUST03369,Cynthia Olson,jennifer28@example.com,67,Male,Other,Europe,201-500,Premium,2020-04-06
CUST03370,Sara Romero,jennifer28@example.net,20,Male,Healthcare,North America,51-200,Standard,2019-01-25
CUST03371,Brenda Taylor,jennifer29@example.com,26,Male,Professional Services,Asia-Pacific,11-50,Premium,2019-12-08
CUST03372,Robert White,jennifer31@example.org,49,Male,Technology,Asia-Pacific,51-200,Standard,2019-11-26
CUST03373,Angela Duarte,jennifer35@example.net,55,Other,Professional Services,North America,51-200,Free,2019-03-28
CUST03374,Linda James,jennifer40@example.org,62,Other,Technology,Europe,1-10,Premium,2020-01-09
CUST03375,Kristen Blake,jennifer41@example.com,29,Male,Government & Public Sector,Asia-Pacific,501-1000,Free,2020-01-09
CUST03376,Joshua Sanchez,jennifer41@example.net,47,Male,Technology,North America,201-500,Premium,2019-05-13
CUST03377,Gabriella Howard,jennifer44@example.org,19,Male,Technology,Australia & New Zealand,1-10,Premium,2020-10-13
CUST03378,Amanda Bond,jennifer47@example.com,67,Other,Technology,Asia-Pacific,11-50,Standard,2019-01-14
CUST03379,Brandon Shepherd,jennifer52@example.org,60,Female,Retail,North America,1000+,Free,2020-07-12
CUST03380,Elizabeth Spears,jennifer56@example.com,49,Other,Education,Asia-Pacific,1000+,Standard,2019-10-29
CUST03381,Rhonda Cook,jennifer58@example.net,40,Female,Professional Services,Asia-Pacific,11-50,Standard,2020-02-10
CUST03382,Shaun Jackson,jennifer62@example.org,59,Other,Professional Services,North America,201-500,Standard,2020-02-27
CUST03383,Christopher Cabrera,jennifer63@example.net,48,Other,Financial Services,Australia & New Zealand,51-200,Premium,2019-03-01
CUST03384,Holly Thomas,jennifer65@example.net,26,Other,Education,Asia-Pacific,51-200,Premium,2019-09-29
CUST03385,Jacob Wilson,jennifer71@example.net,70,Male,Technology,Australia & New Zealand,11-50,Free,2020-04-15
CUST03386,Jacqueline Johnston,jennifer77@example.com,63,Other,Government & Public Sector,Other,51-200,Standard,2020-09-17
CUST03387,Amy Riley,jennifer82@example.com,21,Male,Government & Public Sector,Australia & New Zealand,201-500,Premium,2020-01-10
CUST03388,Debbie King,jennifer85@example.com,55,Male,Professional Services,Asia-Pacific,1-10,Free,2020-09-09
CUST03389,Kari Hale,jennifer89@example.net,57,Female,Media & Communications,Australia & New Zealand,51-200,Premium,2020-07-04
CUST03390,Robert Taylor,jennifer91@example.com,53,Other,Financial Services,Europe,1-10,Free,2018-07-26
CUST03391,Dana Bauer,jennifer92@example.org,26,Male,Technology,Asia-Pacific,1000+,Free,2020-06-06
CUST03392,Susan Gates,jenniferadams@example.com,54,Other,Technology,Asia-Pacific,51-200,Premium,2020-11-17
CUST03393,Logan Ellis,jenniferallen@example.com,66,Female,Education,Europe,51-200,Standard,2020-10-19
CUST03394,Jamie Scott,jenniferandrews@example.org,26,Other,Technology,Europe,51-200,Free,2020-12-09
CUST03395,Ryan Gomez,jenniferblackburn@example.org,36,Male,Manufacturing,Asia-Pacific,1-10,Enterprise,2019-09-02
CUST03396,James Sosa,jenniferburns@example.org,34,Other,Media & Communications,Australia & New Zealand,501-1000,Premium,2020-06-01
CUST03397,Travis Taylor,jennifercampos@example.net,21,Male,Other,Australia & New Zealand,51-200,Premium,2018-12-09
CUST03398,Diana Ortiz,jenniferchen@example.com,41,Male,Other,Australia & New Zealand,51-200,Standard,2020-12-06
CUST03399,Jesse Olsen,jennifercollier@example.net,29,Male,Professional Services,Asia-Pacific,51-200,Enterprise,2020-04-03
CUST03400,Jeremy Barrera,jenniferjohns@example.net,37,Female,Media & Communications,Asia-Pacific,501-1000,Enterprise,2020-01-14
CUST03401,Jorge Willis,jenniferkoch@example.org,27,Male,Retail,Australia & New Zealand,501-1000,Premium,2020-08-20
CUST03402,Jose Jones,jennifermack@example.com,56,Other,Financial Services,North America,51-200,Free,2020-03-24
CUST03403,Brandi Nelson,jennifermoon@example.com,44,Female,Education,North America,201-500,Standard,2019-10-29
CUST03404,Joseph Fitzgerald,jennifermueller@example.org,68,Female,Financial Services,Europe,1000+,Standard,2021-02-03
CUST03405,Fernando Graham,jennifermyers@example.org,36,Female,Technology,North America,11-50,Free,2019-01-27
CUST03406,Erika Morales,jenniferrobinson@example.net,23,Other,Media & Communications,Asia-Pacific,51-200,Standard,2020-03-01
CUST03407,Kimberly Doyle,jenniferrogers@example.org,18,Male,Retail,Other,201-500,Enterprise,2020-01-15
CUST03408,Brenda Suarez,jenniferrojas@example.org,40,Male,Professional Services,Australia & New Zealand,51-200,Standard,2021-10-11
CUST03409,James Buckley,jenniferskinner@example.org,43,Other,Retail,North America,1000+,Standard,2019-04-23
CUST03410,John Sutton,jenniferthornton@example.com,69,Male,Financial Services,Australia & New Zealand,51-200,Standard,2019-07-10
CUST03411,Karl Jones,jenniferweeks@example.net,18,Other,Education,Asia-Pacific,1-10,Standard,2020-03-01
CUST03412,Ryan Gonzalez,jenniferwilson@example.com,53,Female,Professional Services,North America,1000+,Standard,2019-03-13
CUST03413,Monica Tucker,jenniferwinters@example.net,61,Female,Technology,Asia-Pacific,11-50,Premium,2020-01-20
CUST03414,Jonathan Morris,jenniferwolf@example.com,57,Male,Manufacturing,North America,11-50,Free,2020-09-06
CUST03415,Diana Wagner,jenningsjamie@example.com,60,Male,Government & Public Sector,North America,201-500,Standard,2019-01-08
CUST03416,Stephanie Ramirez,jensenbailey@example.net,23,Female,Professional Services,Europe,1000+,Standard,2019-10-17
CUST03417,Diana Stephens,jensenrandall@example.org,26,Male,Financial Services,Asia-Pacific,11-50,Free,2018-12-04
CUST03418,Tamara Hahn,jensenwilliam@example.net,27,Other,Technology,Australia & New Zealand,501-1000,Enterprise,2021-02-20
CUST03419,Allison King,jensenwilliam@example.org,67,Female,Education,Europe,11-50,Standard,2019-10-30
CUST03420,Lawrence Contreras,jeremiah27@example.org,37,Male,Media & Communications,Asia-Pacific,51-200,Premium,2019-11-28
CUST03421,Benjamin Smith,jeremiah46@example.com,59,Male,Financial Services,Australia & New Zealand,11-50,Enterprise,2020-01-25
CUST03422,Sharon Collins,jeremy00@example.net,38,Female,Other,Europe,51-200,Standard,2018-12-21
CUST03423,Gary Zimmerman,jeremy32@example.net,57,Female,Retail,Europe,1000+,Premium,2020-10-29
CUST03424,Crystal Jones,jeremy40@example.com,40,Female,Government & Public Sector,Australia & New Zealand,51-200,Standard,2019-11-27
CUST03425,Phillip Good,jeremy47@example.org,34,Female,Government & Public Sector,North America,11-50,Premium,2020-03-10
CUST03426,Matthew Ramirez,jeremy52@example.com,23,Female,Healthcare,Other,501-1000,Free,2021-03-24
CUST03427,Joshua Cameron,jeremy66@example.com,29,Female,Financial Services,North America,11-50,Enterprise,2020-05-15
CUST03428,Lance Hayes,jeremy75@example.net,23,Female,Retail,Asia-Pacific,1-10,Free,2020-01-02
CUST03429,Frank Jones,jeremy76@example.org,39,Female,Professional Services,Asia-Pacific,51-200,Free,2019-12-29
CUST03430,Andrew Moody,jeremy91@example.org,24,Male,Education,Europe,11-50,Enterprise,2018-10-04
CUST03431,Thomas Torres,jeremyburgess@example.org,61,Male,Professional Services,Australia & New Zealand,201-500,Standard,2020-09-18
CUST03432,Matthew Alvarez,jeremycook@example.org,43,Male,Technology,Europe,51-200,Standard,2020-05-02
CUST03433,Jose Mckenzie,jeremykemp@example.com,53,Female,Professional Services,Asia-Pacific,11-50,Premium,2020-12-29
CUST03434,Stephen Chambers,jeremywalker@example.com,49,Male,Technology,Other,1000+,Standard,2019-06-14
CUST03435,Sue Kelly,jeremywhite@example.com,59,Female,Government & Public Sector,North America,501-1000,Standard,2019-08-08
CUST03436,Courtney Adams,jermaine65@example.org,28,Female,Financial Services,North America,11-50,Free,2019-06-07
CUST03437,Kimberly Wilkerson,jerry18@example.net,51,Female,Technology,Asia-Pacific,1000+,Standard,2020-11-08
CUST03438,Aaron Morales,jerry44@example.com,24,Other,Professional Services,Australia & New Zealand,11-50,Standard,2020-05-25
CUST03439,Mary Lopez,jerry45@example.net,65,Other,Healthcare,Europe,11-50,Premium,2018-12-27
CUST03440,Lisa Conway,jerry94@example.com,51,Male,Other,Asia-Pacific,11-50,Standard,2019-08-04
CUST03441,Clifford Frey MD,jerryharmon@example.com,51,Male,Professional Services,North America,201-500,Free,2021-08-07
CUST03442,Oscar Miller,jerryhobbs@example.com,54,Other,Professional Services,Australia & New Zealand,1-10,Standard,2021-06-05
CUST03443,Jon Reed,jerrymarshall@example.com,31,Female,Technology,Asia-Pacific,201-500,Free,2020-03-14
CUST03444,Jesse Austin,jerrysmith@example.com,61,Female,Other,North America,201-500,Premium,2019-04-29
CUST03445,Julia Garcia,jescobar@example.com,40,Male,Technology,Australia & New Zealand,1000+,Free,2021-05-08
CUST03446,Danielle Dean,jesse31@example.net,67,Female,Technology,Europe,201-500,Standard,2019-11-06
CUST03447,Geoffrey Little,jesse59@example.com,50,Male,Technology,North America,501-1000,Standard,2020-05-27
CUST03448,Mark Ross,jesse77@example.org,55,Male,Healthcare,North America,11-50,Premium,2020-07-08
CUST03449,Angel Fry,jesse85@example.net,65,Other,Financial Services,Other,11-50,Free,2019-09-29
CUST03450,Lisa Morales,jessejoseph@example.com,18,Male,Manufacturing,Australia & New Zealand,201-500,Standard,2019-01-06
CUST03451,Janet Johnson,jesselewis@example.org,61,Male,Media & Communications,Australia & New Zealand,1-10,Free,2019-02-22
CUST03452,Karen Anderson,jessethompson@example.org,61,Female,Media & Communications,Australia & New Zealand,1000+,Free,2020-12-14
CUST03453,Ryan Lambert,jessica01@example.com,38,Female,Technology,North America,501-1000,Standard,2019-03-12
CUST03454,Grace Scott,jessica01@example.org,55,Male,Healthcare,Europe,501-1000,Standard,2020-08-12
CUST03455,Joann King,jessica10@example.org,24,Other,Other,Europe,201-500,Standard,2020-04-03
CUST03456,Diana Wright,jessica13@example.com,45,Male,Manufacturing,Australia & New Zealand,201-500,Standard,2019-04-13
CUST03457,Sara Robinson,jessica16@example.net,30,Other,Financial Services,North America,11-50,Standard,2018-10-28
CUST03458,Cassandra Warren,jessica27@example.org,67,Other,Technology,Asia-Pacific,1-10,Standard,2020-04-15
CUST03459,Melissa Smith,jessica31@example.net,56,Male,Education,Asia-Pacific,51-200,Premium,2021-06-08
CUST03460,Scott Armstrong,jessica36@example.com,18,Female,Financial Services,Australia & New Zealand,11-50,Premium,2020-08-29
CUST03461,Courtney Jones,jessica38@example.net,41,Other,Technology,Asia-Pacific,11-50,Enterprise,2021-03-29
CUST03462,Veronica Maxwell,jessica38@example.org,29,Other,Technology,Europe,201-500,Premium,2020-03-26
CUST03463,Jennifer Barker,jessica49@example.net,36,Other,Professional Services,Australia & New Zealand,501-1000,Premium,2019-12-16
CUST03464,Chase Logan DDS,jessica60@example.net,56,Female,Healthcare,Asia-Pacific,51-200,Enterprise,2019-12-11
CUST03465,Craig Forbes,jessica60@example.org,62,Female,Technology,Australia & New Zealand,201-500,Free,2018-12-02
CUST03466,James Bass,jessica61@example.com,46,Other,Financial Services,Europe,501-1000,Free,2019-11-24
CUST03467,Austin Brown,jessica65@example.org,65,Other,Technology,Europe,501-1000,Standard,2020-10-07
CUST03468,Brooke Miller,jessica71@example.net,41,Female,Media & Communications,North America,11-50,Free,2021-03-05
CUST03469,Jesus Hebert,jessica75@example.com,66,Other,Financial Services,Asia-Pacific,201-500,Standard,2019-10-13
CUST03470,Erika Brewer,jessica79@example.org,46,Female,Technology,Europe,1000+,Standard,2021-07-25
CUST03471,Robin Daugherty,jessica86@example.net,63,Female,Manufacturing,Asia-Pacific,11-50,Free,2020-02-20
CUST03472,Dominique King,jessica95@example.com,26,Other,Healthcare,Other,11-50,Enterprise,2020-04-05
CUST03473,Jon Burke,jessica97@example.com,18,Other,Technology,Europe,51-200,Standard,2019-05-12
CUST03474,George Bowman,jessica97@example.net,59,Female,Financial Services,Europe,501-1000,Standard,2019-12-12
CUST03475,Wendy Tran,jessicabarrett@example.net,34,Female,Other,Europe,1000+,Standard,2019-03-09
CUST03476,Anthony Salazar,jessicabeltran@example.com,25,Male,Financial Services,Australia & New Zealand,1000+,Standard,2020-10-29
CUST03477,John Roberts,jessicaclark@example.org,65,Other,Media & Communications,Asia-Pacific,1-10,Free,2019-12-21
CUST03478,Jose Watson,jessicadaniels@example.com,19,Male,Education,North America,1-10,Premium,2020-03-31
CUST03479,Lisa Moore,jessicaevans@example.org,53,Female,Media & Communications,Australia & New Zealand,1000+,Standard,2020-03-02
CUST03480,Joshua Gibson,jessicagarrett@example.org,29,Other,Professional Services,North America,201-500,Premium,2019-10-13
CUST03481,Linda Evans,jessicagibson@example.net,70,Other,Professional Services,Australia & New Zealand,11-50,Standard,2020-03-17
CUST03482,Jeffery Nelson,jessicagonzalez@example.org,45,Female,Technology,North America,1-10,Free,2021-02-13
CUST03483,Wendy Roberts,jessicahenderson@example.net,22,Other,Healthcare,Europe,1000+,Standard,2019-12-09
CUST03484,Tom Fischer,jessicalam@example.org,46,Female,Other,Australia & New Zealand,51-200,Premium,2020-03-16
CUST03485,Rachel Chandler,jessicamiles@example.net,22,Other,Professional Services,North America,11-50,Enterprise,2020-04-28
CUST03486,Cynthia Jones,jessicaortega@example.com,70,Male,Professional Services,Europe,51-200,Standard,2020-07-09
CUST03487,Gail Day,jessicaramirez@example.com,64,Female,Media & Communications,Australia & New Zealand,501-1000,Standard,2021-07-31
CUST03488,Teresa Castillo,jessicaritter@example.com,37,Female,Healthcare,Asia-Pacific,51-200,Free,2021-02-25
CUST03489,Timothy Terry,jessicarobertson@example.org,38,Female,Media & Communications,North America,201-500,Premium,2019-06-03
CUST03490,Joan Smith,jessicaruiz@example.com,51,Male,Technology,North America,51-200,Premium,2019-01-22
CUST03491,Karen Olson,jessicaterrell@example.com,25,Female,Manufacturing,Asia-Pacific,51-200,Standard,2018-08-22
CUST03492,Scott Warner,jessicaweeks@example.com,44,Female,Government & Public Sector,Europe,51-200,Free,2021-09-16
CUST03493,Heather Mccarty,jesus42@example.net,22,Female,Healthcare,Australia & New Zealand,1000+,Standard,2020-01-20
CUST03494,Robert Bradley,jesus62@example.com,29,Female,Technology,Australia & New Zealand,1-10,Standard,2019-06-03
CUST03495,Janice Harris,jesus85@example.net,24,Female,Retail,Australia & New Zealand,1-10,Standard,2020-07-06
CUST03496,Malik Robles,jferguson@example.net,58,Female,Education,Australia & New Zealand,51-200,Standard,2020-06-30
CUST03497,Christopher Cain,jfields@example.net,58,Other,Government & Public Sector,North America,201-500,Standard,2020-08-02
CUST03498,Janice Washington,jfisher@example.org,68,Female,Retail,Other,1000+,Standard,2018-08-31
CUST03499,Aaron Powell,jfitzgerald@example.com,55,Other,Education,North America,501-1000,Enterprise,2019-04-05
CUST03500,Elijah Brown,jfoster@example.org,32,Male,Education,North America,201-500,Standard,2020-07-26
CUST03501,Mark Cox,jfrederick@example.net,49,Female,Financial Services,Europe,51-200,Standard,2021-07-27
CUST03502,Alexander Lee,jfrey@example.org,20,Female,Other,North America,51-200,Standard,2020-01-18
CUST03503,Samuel Rodriguez,jgarcia@example.net,62,Female,Healthcare,North America,51-200,Premium,2021-01-04
CUST03504,James Rose,jgarcia@example.org,50,Other,Healthcare,North America,51-200,Enterprise,2021-03-05
CUST03505,Scott Riddle,jgardner@example.com,23,Other,Retail,Other,51-200,Free,2021-10-19
CUST03506,Sheena Cox,jgonzalez@example.net,58,Other,Technology,North America,11-50,Premium,2020-03-29
CUST03507,Melinda Smith,jgreen@example.net,18,Other,Healthcare,Other,51-200,Standard,2019-09-18
CUST03508,Brent Baker MD,jgreen@example.org,43,Female,Financial Services,North America,11-50,Free,2020-02-08
CUST03509,Stephanie Gilbert,jgreer@example.com,21,Male,Technology,North America,1-10,Standard,2021-01-05
CUST03510,Joy Wilson,jhardy@example.com,32,Other,Professional Services,North America,1-10,Enterprise,2020-06-21
CUST03511,John Bond,jharris@example.com,48,Male,Education,Asia-Pacific,1000+,Enterprise,2020-06-08
CUST03512,Stacy Lynch,jharris@example.net,65,Other,Education,Europe,501-1000,Standard,2019-06-05
CUST03513,Anita Smith,jhooper@example.net,45,Other,Government & Public Sector,North America,1000+,Standard,2018-10-11
CUST03514,Heather Brown,jhoward@example.com,34,Male,Professional Services,Other,51-200,Premium,2021-06-09
CUST03515,Matthew Brown,jhowell@example.org,56,Female,Healthcare,Asia-Pacific,1-10,Free,2021-03-25
CUST03516,Brandon Hall,jhubbard@example.com,67,Female,Professional Services,North America,11-50,Free,2018-11-19
CUST03517,Latasha Stanton,jhunter@example.com,67,Other,Media & Communications,North America,201-500,Free,2020-03-02
CUST03518,Amy Gross,jhunter@example.org,56,Other,Retail,Asia-Pacific,51-200,Premium,2020-05-30
CUST03519,Raymond Dickerson,jill04@example.com,41,Other,Professional Services,North America,11-50,Free,2020-09-22
CUST03520,Ashley Haynes,jill15@example.net,42,Male,Professional Services,Other,11-50,Standard,2021-07-12
CUST03521,Megan Bryan,jill33@example.com,67,Female,Education,Australia & New Zealand,11-50,Premium,2019-05-05
CUST03522,Michelle King,jill42@example.net,25,Male,Retail,North America,201-500,Premium,2019-02-24
CUST03523,William Glenn,jillian48@example.com,44,Female,Manufacturing,Other,51-200,Premium,2020-06-18
CUST03524,Marvin Delacruz,jillspence@example.net,43,Male,Financial Services,Europe,11-50,Standard,2020-08-06
CUST03525,Samantha Hill,jim06@example.net,48,Female,Professional Services,Other,501-1000,Premium,2021-05-20
CUST03526,Megan Young,jim66@example.org,56,Female,Healthcare,North America,51-200,Standard,2019-05-05
CUST03527,Kristine Moreno,jimenezangela@example.com,63,Female,Professional Services,North America,11-50,Premium,2020-02-05
CUST03528,Katherine Montgomery,jimenezkimberly@example.com,43,Female,Retail,Australia & New Zealand,1000+,Enterprise,2020-03-12
CUST03529,Melanie Williams,jimmarks@example.org,44,Male,Other,Asia-Pacific,501-1000,Enterprise,2019-11-24
CUST03530,Mario Cummings,jimmy93@example.org,68,Male,Education,Other,1000+,Standard,2021-01-05
CUST03531,Adrienne Johns,jimmyclark@example.org,29,Other,Manufacturing,Australia & New Zealand,11-50,Enterprise,2020-01-28
CUST03532,Matthew Murphy,jimmylong@example.com,36,Other,Technology,Other,201-500,Standard,2021-06-15
CUST03533,Christopher Hawkins,jimmymarsh@example.com,62,Male,Healthcare,North America,1000+,Standard,2020-01-01
CUST03534,Aaron Chavez,jjackson@example.com,35,Female,Healthcare,Australia & New Zealand,201-500,Premium,2019-05-21
CUST03535,Jordan Short,jjackson@example.net,31,Male,Education,North America,1-10,Premium,2020-02-14
CUST03536,Christopher Davis,jjenkins@example.org,36,Other,Technology,Asia-Pacific,1-10,Premium,2019-05-25
CUST03537,Lauren Fletcher,jlawson@example.com,65,Other,Financial Services,North America,51-200,Premium,2020-01-14
CUST03538,Heather Spence,jlopez@example.com,28,Other,Retail,North America,501-1000,Enterprise,2021-03-14
CUST03539,Dana Gardner,jlove@example.com,18,Other,Technology,Australia & New Zealand,11-50,Standard,2020-10-02
CUST03540,Mark Roy,jluna@example.net,45,Male,Education,North America,11-50,Free,2020-02-19
CUST03541,Brianna Lee,jmarshall@example.net,19,Other,Retail,Europe,51-200,Premium,2019-10-13
CUST03542,Erin Grimes,jmartin@example.org,61,Male,Other,Australia & New Zealand,501-1000,Premium,2019-04-04
CUST03543,Sheryl Smith,jmartinez@example.com,35,Other,Other,North America,501-1000,Standard,2020-10-21
CUST03544,Erin Stewart,jmassey@example.org,38,Female,Retail,Asia-Pacific,1000+,Premium,2019-10-13
CUST03545,Michael Norton,jmcdonald@example.com,66,Female,Government & Public Sector,Other,11-50,Standard,2020-10-27
CUST03546,Caroline Robinson,jmckinney@example.org,22,Male,Retail,Australia & New Zealand,1-10,Premium,2019-08-13
CUST03547,Scott Phillips,jmendoza@example.com,56,Male,Retail,Asia-Pacific,1-10,Enterprise,2019-08-05
CUST03548,Jennifer Chang,jmorgan@example.org,19,Other,Professional Services,Australia & New Zealand,1-10,Enterprise,2021-01-12
CUST03549,Judith Baker,jnelson@example.com,35,Male,Media & Communications,Australia & New Zealand,1000+,Enterprise,2019-08-31
CUST03550,Nicole Ward,jnichols@example.net,49,Female,Technology,Australia & New Zealand,11-50,Standard,2021-04-10
CUST03551,Becky Stephenson,jnixon@example.net,61,Male,Technology,Europe,51-200,Premium,2019-01-30
CUST03552,Ronald Murray,jnovak@example.com,58,Male,Healthcare,Europe,201-500,Premium,2020-07-03
CUST03553,Marcus Galloway,joan71@example.net,18,Other,Media & Communications,Australia & New Zealand,1000+,Free,2020-04-16
CUST03554,Lindsay Smith,joann67@example.org,44,Female,Technology,North America,1-10,Standard,2020-12-06
CUST03555,Nicholas Mccormick,joanna37@example.com,27,Male,Other,Europe,501-1000,Enterprise,2019-06-08
CUST03556,Scott Wilson,joannabarnes@example.org,36,Other,Media & Communications,Europe,11-50,Enterprise,2019-10-29
CUST03557,Carly Clark,joannasullivan@example.net,44,Female,Financial Services,Asia-Pacific,201-500,Standard,2020-01-30
CUST03558,Jordan Carter,joanne06@example.com,37,Female,Media & Communications,North America,501-1000,Premium,2020-10-23
CUST03559,Jacob Hall,joannetrevino@example.com,54,Male,Technology,North America,201-500,Standard,2019-01-22
CUST03560,Sean Alvarado,jobrien@example.org,56,Other,Media & Communications,Other,501-1000,Free,2021-01-14
CUST03561,Jason Harvey,jocelyn73@example.com,43,Male,Financial Services,Other,11-50,Premium,2019-03-23
CUST03562,Kimberly Lopez,jocelyn99@example.com,48,Other,Technology,Other,201-500,Standard,2019-09-13
CUST03563,Amber Williams,jodi49@example.org,40,Male,Professional Services,North America,501-1000,Standard,2020-09-28
CUST03564,Eric Ellis,jodi66@example.org,28,Female,Retail,North America,201-500,Free,2020-06-05
CUST03565,Heather Martin,jodonnell@example.org,54,Female,Retail,Other,1-10,Standard,2020-02-20
CUST03566,Nicholas Garcia,jody43@example.net,68,Male,Professional Services,Europe,11-50,Enterprise,2021-03-20
CUST03567,Marcus Smith,jody60@example.org,26,Female,Media & Communications,Australia & New Zealand,201-500,Free,2021-05-27
CUST03568,Erin Chambers,jody93@example.com,42,Other,Education,Australia & New Zealand,11-50,Standard,2020-10-26
CUST03569,Laura Knapp,joe97@example.org,36,Female,Professional Services,Europe,51-200,Premium,2019-01-31
CUST03570,Wayne Mann,joefrancis@example.com,67,Male,Healthcare,Australia & New Zealand,11-50,Standard,2020-07-11
CUST03571,Mrs. Jennifer Dunn,joel62@example.net,70,Female,Healthcare,Asia-Pacific,1-10,Premium,2019-11-22
CUST03572,Gary Gonzales,joel78@example.org,66,Female,Other,Australia & New Zealand,51-200,Premium,2020-04-16
CUST03573,Timothy Hogan,joelgreen@example.net,67,Male,Technology,Asia-Pacific,51-200,Free,2020-08-16
CUST03574,Ryan Castillo,joelhall@example.org,20,Female,Other,North America,201-500,Enterprise,2021-01-17
CUST03575,Denise Lee,joelwilliams@example.com,23,Male,Financial Services,Asia-Pacific,201-500,Standard,2020-02-14
CUST03576,Russell Weber,joelwolfe@example.com,55,Male,Technology,North America,201-500,Standard,2021-10-14
CUST03577,Travis Collins,joemedina@example.com,61,Other,Healthcare,Australia & New Zealand,51-200,Standard,2020-09-04
CUST03578,Reginald Shepard,john02@example.com,46,Male,Financial Services,Australia & New Zealand,11-50,Standard,2020-07-16
CUST03579,Virginia Suarez,john03@example.org,49,Male,Retail,Europe,51-200,Premium,2020-08-09
CUST03580,Emily Tyler,john04@example.org,70,Male,Professional Services,Australia & New Zealand,51-200,Premium,2019-12-17
CUST03581,Ashley Wiggins,john06@example.org,65,Female,Other,North America,51-200,Standard,2019-07-04
CUST03582,Edward Hardin,john08@example.org,62,Other,Media & Communications,North America,11-50,Standard,2019-11-23
CUST03583,Jenna Walker,john13@example.net,51,Female,Education,North America,11-50,Premium,2019-07-11
CUST03584,Katherine Montoya,john19@example.org,67,Male,Healthcare,North America,51-200,Standard,2019-03-28
CUST03585,Michael Campos,john29@example.com,23,Male,Technology,Australia & New Zealand,501-1000,Premium,2019-07-19
CUST03586,Andrew Tran,john33@example.net,22,Male,Education,North America,51-200,Free,2018-11-09
CUST03587,Shannon White,john39@example.org,50,Male,Manufacturing,Asia-Pacific,201-500,Free,2021-01-16
CUST03588,Brian Ballard,john42@example.com,51,Other,Education,Australia & New Zealand,11-50,Enterprise,2019-11-21
CUST03589,Sandra Macdonald,john42@example.org,35,Male,Professional Services,North America,1000+,Standard,2020-09-13
CUST03590,Tammy Lopez,john46@example.net,23,Other,Financial Services,Asia-Pacific,1-10,Standard,2020-11-05
CUST03591,Todd Estrada,john49@example.com,50,Other,Education,Europe,501-1000,Standard,2019-10-19
CUST03592,Jack Zamora,john50@example.com,51,Male,Media & Communications,Europe,1-10,Standard,2018-11-24
CUST03593,Emily Combs,john57@example.com,28,Female,Healthcare,Asia-Pacific,201-500,Standard,2020-07-29
CUST03594,John Parker,john58@example.org,55,Female,Technology,Australia & New Zealand,11-50,Standard,2019-07-05
CUST03595,Stephanie Brown,john60@example.org,29,Other,Professional Services,North America,11-50,Premium,2019-06-25
CUST03596,Dennis Hernandez,john62@example.com,53,Female,Professional Services,Europe,201-500,Premium,2021-02-22
CUST03597,Audrey Griffin,john66@example.org,31,Male,Professional Services,Europe,201-500,Enterprise,2019-11-30
CUST03598,Anna Shepherd,john68@example.net,41,Female,Other,North America,11-50,Premium,2020-10-21
CUST03599,Margaret Banks,john69@example.com,44,Other,Media & Communications,North America,1-10,Enterprise,2019-11-24
CUST03600,Rick Evans,john71@example.com,52,Female,Financial Services,Other,11-50,Premium,2020-01-15
CUST03601,Melissa Butler,john72@example.com,42,Other,Retail,Europe,51-200,Standard,2020-01-05
CUST03602,Jessica Sanders,john81@example.com,24,Female,Financial Services,Australia & New Zealand,51-200,Standard,2020-10-31
CUST03603,Mary Baker,john82@example.com,22,Female,Professional Services,Australia & New Zealand,51-200,Premium,2021-04-19
CUST03604,Mary Gallagher,john87@example.com,39,Other,Retail,North America,201-500,Standard,2020-07-10
CUST03605,Joel Clark,john97@example.com,50,Other,Professional Services,Australia & New Zealand,201-500,Premium,2019-04-04
CUST03606,Russell Turner,john99@example.net,59,Other,Education,North America,201-500,Standard,2020-03-06
CUST03607,James Vargas,johnathan03@example.org,56,Other,Education,Australia & New Zealand,51-200,Enterprise,2021-02-15
CUST03608,Jennifer Lucas,johnathanhughes@example.net,18,Female,Technology,Asia-Pacific,11-50,Standard,2019-08-29
CUST03609,William Klein,johnathanwashington@example.com,41,Other,Financial Services,Europe,11-50,Premium,2020-02-28
CUST03610,Cody Horne,johnavery@example.com,50,Male,Retail,North America,51-200,Enterprise,2020-01-25
CUST03611,Megan Allen,johnbrady@example.org,38,Female,Retail,Asia-Pacific,1-10,Enterprise,2021-01-29
CUST03612,Angela Turner,johnbrown@example.net,58,Other,Government & Public Sector,Other,201-500,Standard,2019-06-26
CUST03613,Randy Adams,johndixon@example.org,53,Female,Technology,Asia-Pacific,51-200,Enterprise,2020-06-11
CUST03614,Sara Ball,johndominguez@example.net,44,Female,Government & Public Sector,Australia & New Zealand,201-500,Premium,2020-12-02
CUST03615,Jason Taylor,johndougherty@example.org,37,Male,Technology,Australia & New Zealand,51-200,Free,2019-09-05
CUST03616,Teresa Hughes,johnedwards@example.org,67,Other,Healthcare,Europe,1000+,Standard,2019-01-12
CUST03617,Brooke Weber,johnguerrero@example.org,66,Other,Professional Services,Europe,1000+,Standard,2020-05-09
CUST03618,Nicole Knight,johnhess@example.com,46,Female,Other,Australia & New Zealand,51-200,Premium,2019-02-26
CUST03619,Sally Zuniga,johnkelly@example.net,30,Other,Financial Services,Other,501-1000,Standard,2021-07-05
CUST03620,Heather Middleton,johnny00@example.com,18,Female,Technology,Asia-Pacific,11-50,Free,2020-11-02
CUST03621,Joshua Villanueva,johnny34@example.org,63,Female,Retail,Europe,501-1000,Free,2020-04-16
CUST03622,Ashley Price,johnny80@example.org,29,Male,Media & Communications,Other,201-500,Free,2021-04-02
CUST03623,Edward Kline,johnnymartinez@example.com,70,Male,Manufacturing,Asia-Pacific,11-50,Premium,2020-06-05
CUST03624,Emily Townsend,johnnyyoung@example.com,20,Other,Government & Public Sector,Australia & New Zealand,201-500,Enterprise,2019-10-22
CUST03625,Gregory Hamilton,johnolson@example.org,35,Other,Healthcare,Other,201-500,Premium,2019-06-14
CUST03626,Robert Cunningham,johnpope@example.net,65,Male,Other,North America,51-200,Standard,2020-06-03
CUST03627,Jeffrey Shaw,johnrose@example.net,52,Other,Technology,North America,201-500,Standard,2020-05-26
CUST03628,Anne Sims,johnsawyer@example.com,24,Male,Professional Services,Asia-Pacific,1000+,Standard,2020-01-04
CUST03629,Mary Klein,johnscott@example.org,67,Male,Technology,Australia & New Zealand,1-10,Standard,2019-07-24
CUST03630,John Martin,johnsdavid@example.org,34,Female,Healthcare,Other,201-500,Premium,2019-11-05
CUST03631,Emily Murray,johnsonamy@example.com,22,Female,Education,Asia-Pacific,11-50,Standard,2019-05-29
CUST03632,Jasmine Sanders,johnsonandrea@example.net,30,Male,Education,Other,11-50,Standard,2021-03-13
CUST03633,Patricia Moore,johnsonapril@example.net,60,Female,Financial Services,Asia-Pacific,201-500,Standard,2020-04-29
CUST03634,Anthony Brown,johnsonarthur@example.com,30,Male,Manufacturing,North America,1-10,Standard,2019-06-08
CUST03635,William Harding,johnsonaudrey@example.com,32,Male,Education,North America,11-50,Free,2020-05-18
CUST03636,Matthew Villanueva,johnsonbarbara@example.net,64,Male,Technology,North America,11-50,Standard,2021-03-18
CUST03637,Nathan Sheppard,johnsoncatherine@example.com,42,Female,Technology,Australia & New Zealand,1-10,Standard,2020-04-22
CUST03638,Patricia Austin,johnsoncharles@example.net,53,Male,Retail,Europe,11-50,Standard,2021-04-03
CUST03639,Jessica Weaver,johnsonchristopher@example.org,56,Other,Retail,Australia & New Zealand,51-200,Premium,2019-07-19
CUST03640,Richard Jordan,johnsonclaudia@example.com,18,Other,Media & Communications,North America,1-10,Enterprise,2020-08-18
CUST03641,David Franco,johnsoncody@example.com,29,Female,Financial Services,North America,501-1000,Standard,2019-11-20
CUST03642,Joseph Jackson,johnsoncynthia@example.org,33,Male,Technology,Australia & New Zealand,11-50,Standard,2020-11-30
CUST03643,Brian Lowe,johnsondaniel@example.net,22,Male,Professional Services,Asia-Pacific,51-200,Standard,2019-12-11
CUST03644,Timothy Hernandez,johnsondavid@example.org,39,Female,Technology,Europe,1-10,Standard,2020-01-10
CUST03645,Ronald Lewis,johnsondeanna@example.com,31,Other,Retail,Europe,11-50,Standard,2021-01-29
CUST03646,Sarah King,johnsonerin@example.org,24,Male,Manufacturing,Europe,51-200,Free,2020-03-16
CUST03647,Kristina Hernandez,johnsongary@example.net,65,Female,Professional Services,North America,51-200,Free,2019-04-08
CUST03648,Sarah Mooney,johnsonisabel@example.com,34,Male,Technology,Europe,51-200,Free,2020-04-08
CUST03649,Joshua Thomas,johnsonjames@example.com,24,Female,Government & Public Sector,Europe,11-50,Enterprise,2021-06-15
CUST03650,Jeff Hart,johnsonjennifer@example.net,60,Other,Other,Australia & New Zealand,51-200,Enterprise,2021-08-23
CUST03651,Richard Floyd,johnsonjennifer@example.org,29,Female,Professional Services,Australia & New Zealand,51-200,Premium,2019-03-02
CUST03652,Lisa Oconnor,johnsonjessica@example.com,24,Other,Media & Communications,North America,11-50,Free,2019-10-31
CUST03653,Jennifer Beck,johnsonjoseph@example.org,31,Female,Technology,Asia-Pacific,1-10,Standard,2019-08-13
CUST03654,Victoria Lee,johnsonlaura@example.org,55,Male,Media & Communications,Other,501-1000,Free,2020-04-15
CUST03655,Sarah Jennings,johnsonlisa@example.com,41,Male,Technology,Other,201-500,Free,2020-04-15
CUST03656,Eduardo Collins,johnsonmark@example.org,46,Male,Healthcare,Other,501-1000,Standard,2020-06-27
CUST03657,Jesus Spears,johnsonmelinda@example.net,21,Male,Financial Services,Australia & New Zealand,11-50,Premium,2020-01-04
CUST03658,Jeffery Shields,johnsonmichael@example.org,24,Other,Education,Australia & New Zealand,11-50,Premium,2020-02-24
CUST03659,Julie Baldwin,johnsonmichelle@example.net,18,Male,Retail,North America,51-200,Standard,2020-09-26
CUST03660,Whitney Jackson,johnsonpaul@example.net,41,Other,Manufacturing,Asia-Pacific,201-500,Premium,2019-11-06
CUST03661,Lisa Mann,johnsonrandy@example.net,32,Male,Education,Australia & New Zealand,11-50,Standard,2019-05-29
CUST03662,Sarah Roman,johnsonricky@example.org,46,Male,Education,Europe,201-500,Premium,2021-03-07
CUST03663,Ryan Callahan,johnsonrobert@example.net,33,Female,Technology,North America,201-500,Standard,2020-03-08
CUST03664,Wanda Graham,johnsonryan@example.org,53,Male,Professional Services,Australia & New Zealand,201-500,Free,2021-04-06
CUST03665,Miranda Lawson,johnsontimothy@example.com,44,Female,Education,Asia-Pacific,201-500,Premium,2019-01-01
CUST03666,Megan Thompson,johnsontyler@example.com,30,Other,Professional Services,Europe,501-1000,Standard,2021-07-03
CUST03667,Casey Goodwin,johnsonwilliam@example.org,69,Female,Retail,Asia-Pacific,11-50,Enterprise,2020-06-16
CUST03668,Gregory Bautista,johnstonbeth@example.com,35,Other,Other,Australia & New Zealand,1000+,Standard,2020-11-27
CUST03669,Cassandra Stephens,johnthompson@example.com,54,Female,Technology,North America,51-200,Premium,2021-01-20
CUST03670,Michael Scott,johnwagner@example.org,60,Female,Education,Asia-Pacific,501-1000,Free,2019-10-11
CUST03671,Adam Howard,johnwatkins@example.com,69,Male,Technology,North America,51-200,Standard,2020-05-28
CUST03672,Joshua Valdez,johnwilliams@example.com,34,Male,Technology,Other,501-1000,Enterprise,2021-07-13
CUST03673,Emily Smith,joliver@example.net,63,Female,Financial Services,Asia-Pacific,11-50,Premium,2019-06-07
CUST03674,Jeremy Miller,jolsen@example.net,37,Male,Other,Europe,51-200,Premium,2020-05-14
CUST03675,Steven Fox,jolson@example.org,60,Other,Manufacturing,Europe,11-50,Premium,2019-04-25
CUST03676,Joshua Johnson,jon16@example.com,63,Male,Technology,Asia-Pacific,51-200,Enterprise,2019-09-08
CUST03677,Holly Donovan,jon60@example.org,45,Other,Healthcare,North America,501-1000,Standard,2018-12-27
CUST03678,John Collier,jon73@example.com,53,Female,Technology,Australia & New Zealand,201-500,Enterprise,2020-08-16
CUST03679,Rebecca Greene,jonathan11@example.com,53,Other,Education,Asia-Pacific,201-500,Standard,2019-11-30
CUST03680,Dean Jones,jonathan30@example.net,19,Female,Professional Services,North America,11-50,Standard,2019-04-26
CUST03681,Jamie Williams,jonathan42@example.com,56,Male,Manufacturing,Asia-Pacific,11-50,Standard,2020-12-23
CUST03682,Debra Saunders,jonathan45@example.org,20,Female,Education,Other,1-10,Premium,2020-09-03
CUST03683,Jacob Villarreal,jonathan58@example.net,49,Other,Media & Communications,Europe,201-500,Enterprise,2019-06-29
CUST03684,Jacob James,jonathan60@example.org,65,Other,Healthcare,Europe,11-50,Standard,2020-04-06
CUST03685,Jeff Wilkinson,jonathan72@example.org,26,Other,Government & Public Sector,Australia & New Zealand,51-200,Standard,2021-01-25
CUST03686,Joshua Lynch,jonathan83@example.org,51,Male,Healthcare,Other,11-50,Premium,2020-05-08
CUST03687,Melissa Griffin,jonathan86@example.net,30,Female,Healthcare,North America,11-50,Free,2020-12-09
CUST03688,Danny Johnson,jonathan90@example.org,65,Male,Professional Services,Europe,11-50,Free,2020-11-08
CUST03689,Lisa Fisher,jonathan91@example.net,28,Male,Education,Australia & New Zealand,11-50,Free,2020-07-18
CUST03690,Steve Moore,jonathan98@example.net,68,Other,Technology,Europe,51-200,Standard,2020-02-15
CUST03691,Vincent Pace,jonathanbranch@example.org,32,Other,Media & Communications,North America,501-1000,Premium,2019-01-14
CUST03692,Andrew Thompson,jonathanbutler@example.com,46,Other,Technology,Europe,51-200,Premium,2019-04-14
CUST03693,Danny Graves,jonathanchristensen@example.com,20,Male,Technology,North America,201-500,Premium,2021-03-12
CUST03694,Nicole Baxter,jonathandavis@example.net,24,Other,Professional Services,Australia & New Zealand,11-50,Enterprise,2019-10-05
CUST03695,Devin Parsons,jonathanfox@example.org,51,Other,Professional Services,Europe,1000+,Standard,2019-12-10
CUST03696,Joshua Preston,jonathanlee@example.org,23,Other,Other,Asia-Pacific,11-50,Enterprise,2020-07-03
CUST03697,Cynthia Douglas,jonathanlopez@example.org,55,Female,Retail,North America,11-50,Free,2020-06-25
CUST03698,Jason Flores,jonathanlyons@example.com,45,Male,Professional Services,Asia-Pacific,51-200,Premium,2019-11-30
CUST03699,Amy Roach,jonathannelson@example.com,47,Other,Other,Australia & New Zealand,201-500,Standard,2019-06-09
CUST03700,Jennifer Carter,jonathannorton@example.org,67,Female,Other,Europe,11-50,Standard,2019-09-02
CUST03701,Michelle Woods,jonathanperez@example.net,20,Other,Retail,Asia-Pacific,11-50,Standard,2019-07-08
CUST03702,Andrew Nguyen,jonesalexa@example.org,49,Male,Financial Services,Asia-Pacific,201-500,Standard,2020-03-08
CUST03703,Julie Thomas,jonesbrian@example.com,28,Male,Professional Services,Asia-Pacific,51-200,Premium,2020-03-13
CUST03704,Eric Garcia,jonesdevin@example.com,60,Male,Government & Public Sector,Europe,51-200,Premium,2021-04-26
CUST03705,Keith Lopez,jonesdonald@example.org,70,Male,Healthcare,Other,201-500,Free,2021-02-25
CUST03706,Todd Snyder,joneselizabeth@example.com,27,Female,Financial Services,Europe,51-200,Standard,2020-06-09
CUST03707,Alexander Moore,jonesjames@example.net,38,Other,Education,Europe,201-500,Standard,2019-12-09
CUST03708,Michaela Williams,jonesjerry@example.org,62,Other,Healthcare,North America,201-500,Standard,2019-10-27
CUST03709,Jeffery Flynn,joneskathleen@example.net,35,Other,Professional Services,Asia-Pacific,201-500,Standard,2019-10-07
CUST03710,Jon Smith,joneskatie@example.org,36,Other,Retail,Australia & New Zealand,1-10,Standard,2019-09-14
CUST03711,Stephen Lee,joneskelly@example.com,34,Other,Other,North America,1000+,Standard,2020-11-10
CUST03712,Susan Walters,joneskyle@example.com,30,Other,Technology,Australia & New Zealand,201-500,Standard,2020-09-24
CUST03713,Loretta Shepherd,jonesmark@example.net,53,Female,Healthcare,Europe,501-1000,Free,2021-05-17
CUST03714,Christina Kim,jonesmelissa@example.net,47,Female,Manufacturing,Asia-Pacific,501-1000,Enterprise,2020-09-14
CUST03715,Melissa Levy,jonesmolly@example.com,22,Female,Education,Europe,201-500,Standard,2021-09-25
CUST03716,Patricia Garcia,jonespatricia@example.org,27,Female,Education,Australia & New Zealand,201-500,Standard,2019-11-03
CUST03717,Dana Wallace,jonespeter@example.net,32,Female,Professional Services,Other,1000+,Free,2019-01-04
CUST03718,Christian Cannon,jonesrebecca@example.com,59,Male,Education,Europe,1000+,Premium,2020-01-19
CUST03719,Christine Long DDS,jonesrebecca@example.org,29,Other,Media & Communications,North America,201-500,Standard,2020-06-15
CUST03720,Whitney Watkins,jonestaylor@example.net,24,Male,Media & Communications,Europe,11-50,Free,2020-08-11
CUST03721,Ariel Lester,jonestracey@example.com,31,Male,Retail,Asia-Pacific,201-500,Standard,2019-07-20
CUST03722,Leah Clark,jonesvalerie@example.net,19,Male,Retail,North America,51-200,Premium,2020-04-03
CUST03723,Sara Meza,jonesvictoria@example.net,48,Male,Media & Communications,Australia & New Zealand,501-1000,Standard,2019-09-13
CUST03724,Mrs. Morgan Murphy,jonmack@example.net,62,Female,Technology,Asia-Pacific,51-200,Standard,2019-05-02
CUST03725,Brian Fox,jordan94@example.net,31,Female,Retail,Australia & New Zealand,1000+,Standard,2020-10-02
CUST03726,Nathan Wise Jr.,jordanandrea@example.net,20,Other,Other,North America,501-1000,Premium,2019-05-02
CUST03727,Kelly Hernandez,jordanchelsea@example.com,60,Other,Professional Services,North America,1000+,Premium,2021-05-19
CUST03728,Alex Henderson,jordanheather@example.org,21,Male,Media & Communications,Europe,51-200,Standard,2019-10-28
CUST03729,Frank Scott,jordanjorge@example.org,55,Other,Professional Services,Australia & New Zealand,201-500,Enterprise,2019-10-16
CUST03730,Alexandria Mendoza,jordankatelyn@example.com,47,Male,Financial Services,Asia-Pacific,201-500,Premium,2020-07-16
CUST03731,Cynthia Walker,jordanrobert@example.com,60,Male,Professional Services,Europe,51-200,Standard,2019-11-28
CUST03732,Bradley Mason,jordanstrong@example.org,26,Other,Manufacturing,Australia & New Zealand,501-1000,Standard,2020-03-19
CUST03733,Jacob Strong,jorge18@example.com,62,Female,Retail,Australia & New Zealand,201-500,Standard,2019-12-31
CUST03734,Jessica Garcia,jorgealexander@example.net,29,Female,Media & Communications,Australia & New Zealand,501-1000,Premium,2019-07-13
CUST03735,Curtis Payne,jorgeburns@example.com,64,Other,Professional Services,Europe,201-500,Free,2020-01-04
CUST03736,Katherine Collins,jorgerobbins@example.net,37,Male,Financial Services,Asia-Pacific,51-200,Standard,2020-02-11
CUST03737,Jim Roach,jose25@example.com,41,Female,Technology,Europe,11-50,Free,2019-03-06
CUST03738,Rebecca Barber,jose52@example.net,38,Female,Other,Other,11-50,Standard,2020-04-28
CUST03739,Chelsea Diaz,jose81@example.com,19,Other,Professional Services,Europe,201-500,Enterprise,2020-03-21
CUST03740,Tina Myers,jose88@example.com,50,Female,Media & Communications,North America,1-10,Premium,2019-01-08
CUST03741,Roy Chandler,jose90@example.org,48,Male,Professional Services,North America,1-10,Standard,2020-03-29
CUST03742,James Snyder,jose99@example.org,62,Female,Education,Asia-Pacific,1000+,Enterprise,2020-01-18
CUST03743,Richard Crawford,josebailey@example.com,43,Other,Manufacturing,Asia-Pacific,201-500,Free,2020-04-24
CUST03744,Steven Ramirez,josemiller@example.org,26,Male,Financial Services,Asia-Pacific,1000+,Premium,2020-04-20
CUST03745,Ms. Christina Lopez MD,joseph07@example.com,59,Male,Education,Europe,501-1000,Premium,2021-03-11
CUST03746,Billy Neal,joseph08@example.com,60,Female,Financial Services,Europe,51-200,Premium,2019-07-16
CUST03747,Laura Stevens,joseph10@example.com,61,Female,Other,Australia & New Zealand,1000+,Standard,2021-04-15
CUST03748,Felicia Harvey,joseph10@example.org,68,Female,Government & Public Sector,Australia & New Zealand,201-500,Premium,2019-06-04
CUST03749,Donna Gardner,joseph17@example.com,57,Other,Education,North America,11-50,Standard,2018-09-26
CUST03750,Alfred Williams,joseph18@example.net,53,Male,Financial Services,Australia & New Zealand,11-50,Premium,2020-07-15
CUST03751,Leah Williams,joseph21@example.com,39,Female,Retail,Europe,51-200,Standard,2019-08-08
CUST03752,Erika Banks,joseph25@example.net,22,Other,Manufacturing,North America,51-200,Standard,2019-03-16
CUST03753,Lisa Hill,joseph37@example.net,42,Female,Retail,Europe,11-50,Premium,2021-01-22
CUST03754,Desiree Holloway,joseph37@example.org,41,Female,Manufacturing,North America,11-50,Premium,2019-12-10
CUST03755,John Shields,joseph40@example.com,40,Other,Manufacturing,North America,1000+,Standard,2020-02-18
CUST03756,Heather Davis,joseph45@example.org,20,Female,Technology,North America,201-500,Standard,2020-03-07
CUST03757,Amanda Perkins,joseph47@example.org,69,Female,Education,Other,1000+,Standard,2020-04-05
CUST03758,Margaret Cruz,joseph60@example.com,23,Male,Financial Services,North America,11-50,Standard,2019-07-12
CUST03759,Kathleen May,joseph66@example.com,59,Male,Technology,Europe,501-1000,Free,2019-05-14
CUST03760,Briana Olson,joseph70@example.net,19,Other,Technology,Australia & New Zealand,51-200,Premium,2020-08-26
CUST03761,Evelyn Macias,joseph79@example.com,30,Other,Other,Europe,51-200,Free,2021-02-22
CUST03762,Kelly Garner,joseph80@example.net,58,Other,Manufacturing,Europe,501-1000,Free,2019-08-27
CUST03763,Robert Lindsey,joseph90@example.com,66,Other,Government & Public Sector,Australia & New Zealand,1000+,Enterprise,2021-05-15
CUST03764,Larry Villa,josephbrown@example.com,27,Other,Technology,Asia-Pacific,201-500,Free,2021-08-19
CUST03765,Cathy Aguilar,josephedwards@example.org,66,Other,Financial Services,North America,1-10,Standard,2020-01-16
CUST03766,Erin Fletcher,josephellis@example.com,51,Female,Financial Services,Europe,1000+,Premium,2019-06-05
CUST03767,Juan Perez,josephgarcia@example.com,38,Female,Professional Services,Europe,501-1000,Enterprise,2021-06-19
CUST03768,James Stokes,josephjensen@example.com,24,Male,Manufacturing,Other,51-200,Standard,2019-12-27
CUST03769,John Howard,josephjohnson@example.com,56,Other,Retail,Asia-Pacific,51-200,Premium,2021-01-03
CUST03770,Jordan Peterson,josephlewis@example.org,24,Male,Retail,Asia-Pacific,11-50,Premium,2021-01-14
CUST03771,Lori Thomas,josephmcgee@example.com,67,Female,Manufacturing,Australia & New Zealand,11-50,Premium,2021-04-18
CUST03772,Nicole Carpenter,josephnash@example.org,51,Male,Professional Services,Europe,201-500,Free,2021-03-11
CUST03773,Matthew Murphy,josephquinn@example.com,20,Other,Manufacturing,Asia-Pacific,51-200,Standard,2019-12-23
CUST03774,Pamela Anderson,josephserrano@example.org,55,Female,Other,Other,51-200,Free,2019-04-12
CUST03775,Julie Chandler,josephsmith@example.com,31,Male,Education,Asia-Pacific,11-50,Standard,2019-05-20
CUST03776,Samuel Davis,josephtorres@example.org,31,Other,Healthcare,Australia & New Zealand,11-50,Standard,2019-03-24
CUST03777,Eric Lopez,josewalsh@example.org,38,Female,Media & Communications,North America,51-200,Free,2021-07-16
CUST03778,Cynthia Herman,josewilliams@example.net,30,Female,Financial Services,Australia & New Zealand,11-50,Premium,2021-02-25
CUST03779,Karen Allen,joshua04@example.com,62,Male,Professional Services,Europe,51-200,Standard,2019-12-31
CUST03780,Jeffrey Torres,joshua05@example.net,44,Female,Technology,Australia & New Zealand,51-200,Standard,2020-06-22
CUST03781,Nicole Moran MD,joshua18@example.net,28,Female,Other,North America,1000+,Enterprise,2018-11-16
CUST03782,Nicolas Wilson,joshua24@example.com,60,Other,Education,Europe,11-50,Premium,2019-08-17
CUST03783,Briana Hood,joshua25@example.net,28,Male,Education,Asia-Pacific,11-50,Standard,2021-09-19
CUST03784,Carrie Williams,joshua47@example.com,27,Male,Technology,Australia & New Zealand,11-50,Premium,2018-11-15
CUST03785,Julie Hurst,joshua52@example.com,26,Other,Government & Public Sector,Australia & New Zealand,51-200,Standard,2020-12-07
CUST03786,Angela Humphrey,joshua84@example.com,55,Female,Professional Services,Australia & New Zealand,51-200,Standard,2021-03-19
CUST03787,Mrs. Cheyenne Ross,joshua84@example.org,68,Male,Financial Services,Australia & New Zealand,1-10,Enterprise,2019-05-22
CUST03788,Charles Manning,joshua87@example.org,43,Other,Professional Services,Australia & New Zealand,201-500,Standard,2019-10-17
CUST03789,Lisa Mitchell,joshua89@example.com,29,Other,Professional Services,North America,51-200,Standard,2019-12-31
CUST03790,Angie Mendoza,joshua99@example.org,69,Male,Retail,North America,11-50,Premium,2019-07-15
CUST03791,Robert Small,joshuabaldwin@example.net,24,Female,Education,Australia & New Zealand,51-200,Free,2020-08-10
CUST03792,Toni Martin,joshuabarber@example.com,36,Other,Financial Services,Asia-Pacific,501-1000,Free,2019-07-15
CUST03793,Mary Glenn,joshuaclark@example.org,67,Female,Technology,Asia-Pacific,51-200,Premium,2019-11-02
CUST03794,Sheila Morgan,joshuaevans@example.com,26,Other,Technology,Europe,1000+,Premium,2019-12-11
CUST03795,Ana Medina,joshuafrancis@example.net,56,Male,Retail,Australia & New Zealand,1-10,Premium,2020-07-04
CUST03796,Laura Hayes,joshuaharris@example.net,36,Female,Healthcare,Asia-Pacific,501-1000,Premium,2020-10-29
CUST03797,Brian Saunders,joshuajackson@example.net,62,Female,Technology,North America,51-200,Premium,2020-02-18
CUST03798,Justin Lee,joshualove@example.org,41,Female,Retail,North America,201-500,Standard,2019-06-15
CUST03799,Rhonda Gates,joshuamunoz@example.com,28,Other,Media & Communications,Europe,201-500,Premium,2020-02-07
CUST03800,Toni Fernandez,joshuasavage@example.com,62,Male,Technology,North America,1-10,Standard,2020-01-07
CUST03801,Glen Luna,joshuaturner@example.net,65,Other,Media & Communications,North America,11-50,Premium,2019-07-22
CUST03802,Diana Cordova,joshuawilson@example.net,66,Other,Financial Services,Europe,1-10,Free,2021-01-04
CUST03803,Kevin Hunter,joyce48@example.net,70,Female,Media & Communications,Australia & New Zealand,501-1000,Free,2020-05-23
CUST03804,Sandra Smith,joylawrence@example.org,54,Female,Retail,North America,51-200,Premium,2020-04-08
CUST03805,Mark Moreno,joymedina@example.org,50,Other,Retail,North America,51-200,Premium,2019-08-05
CUST03806,Samantha Fowler,jpatton@example.net,18,Other,Technology,North America,51-200,Standard,2019-10-04
CUST03807,Summer Robinson,jpittman@example.org,68,Other,Manufacturing,Australia & New Zealand,1-10,Premium,2021-05-23
CUST03808,Jim Harris,jquinn@example.com,49,Female,Professional Services,North America,11-50,Standard,2018-12-24
CUST03809,Connie Steele,jramirez@example.net,40,Other,Professional Services,North America,51-200,Standard,2021-05-01
CUST03810,Robert Cardenas,jrichmond@example.com,28,Male,Manufacturing,North America,11-50,Standard,2020-09-26
CUST03811,Hannah Valentine,jrojas@example.net,51,Other,Financial Services,North America,51-200,Standard,2020-11-08
CUST03812,Charles Fisher,jroth@example.org,27,Other,Manufacturing,Australia & New Zealand,201-500,Premium,2020-01-24
CUST03813,Jonathan Glover,jrussell@example.com,26,Male,Financial Services,Asia-Pacific,11-50,Premium,2020-08-07
CUST03814,Ryan Olson,jsampson@example.net,33,Male,Government & Public Sector,Australia & New Zealand,201-500,Premium,2019-07-15
CUST03815,Elizabeth Larsen,jsantiago@example.org,52,Male,Financial Services,Asia-Pacific,1-10,Premium,2019-09-15
CUST03816,David Park,jschmidt@example.com,58,Female,Manufacturing,North America,11-50,Enterprise,2020-10-24
CUST03817,Cassandra Walker,jscott@example.org,59,Male,Technology,North America,11-50,Premium,2020-04-10
CUST03818,Julie Wang,jsharp@example.com,39,Female,Education,Other,1-10,Enterprise,2020-08-24
CUST03819,Teresa Jimenez,jsilva@example.org,44,Female,Media & Communications,Other,11-50,Premium,2020-07-13
CUST03820,Sharon Smith,jsmith@example.com,27,Other,Financial Services,Australia & New Zealand,11-50,Premium,2020-07-29
CUST03821,Timothy Bell,jturner@example.com,22,Other,Technology,Asia-Pacific,201-500,Standard,2020-09-25
CUST03822,William Allen,jturner@example.org,49,Other,Professional Services,North America,51-200,Standard,2020-06-17
CUST03823,Steven Hodge,juan08@example.org,29,Male,Education,Asia-Pacific,51-200,Premium,2020-12-16
CUST03824,Elizabeth Wade,juan68@example.net,63,Female,Technology,Europe,51-200,Enterprise,2021-08-02
CUST03825,Kim Atkins,juancastaneda@example.com,65,Female,Technology,North America,1000+,Premium,2020-02-29
CUST03826,Brenda Mooney,juangordon@example.net,60,Male,Retail,North America,11-50,Standard,2019-11-07
CUST03827,Ashley Walker,juanmurray@example.net,19,Female,Retail,Europe,51-200,Enterprise,2020-06-23
CUST03828,Charles Pittman,juanpalmer@example.net,48,Other,Healthcare,Australia & New Zealand,51-200,Enterprise,2019-02-28
CUST03829,Kimberly Mercado,juanparker@example.net,27,Male,Financial Services,Australia & New Zealand,11-50,Standard,2019-03-23
CUST03830,Sherri Murphy,juarezrandy@example.org,65,Male,Education,Asia-Pacific,51-200,Premium,2020-02-20
CUST03831,Danny Perez,juarezrichard@example.org,34,Other,Healthcare,Europe,11-50,Standard,2019-09-19
CUST03832,Linda Wilson,juarezthomas@example.net,50,Other,Retail,Asia-Pacific,11-50,Enterprise,2020-01-25
CUST03833,Richard White,julia33@example.org,37,Male,Media & Communications,Europe,51-200,Free,2021-04-13
CUST03834,Nathaniel Silva,julia44@example.org,62,Other,Technology,Asia-Pacific,1-10,Premium,2020-02-27
CUST03835,Katie Hall,julia46@example.net,40,Female,Retail,Asia-Pacific,11-50,Standard,2019-07-24
CUST03836,Nancy Brown,julia51@example.org,60,Male,Technology,Australia & New Zealand,51-200,Free,2020-11-03
CUST03837,Angela Martin,julia71@example.com,18,Female,Professional Services,North America,201-500,Premium,2019-11-18
CUST03838,Alison Carroll,julia73@example.net,22,Male,Education,Asia-Pacific,11-50,Free,2019-10-30
CUST03839,Joel Conway,juliaholmes@example.net,56,Other,Technology,North America,201-500,Enterprise,2020-07-25
CUST03840,Steven Banks,julialittle@example.com,44,Male,Technology,Asia-Pacific,11-50,Enterprise,2019-05-02
CUST03841,James Harper,julian28@example.org,27,Other,Technology,North America,1000+,Standard,2020-01-25
CUST03842,Jody Hubbard,julianyoung@example.net,65,Male,Financial Services,Australia & New Zealand,201-500,Enterprise,2019-01-30
CUST03843,Brian Ross,juliawilliams@example.org,70,Female,Healthcare,Europe,51-200,Standard,2020-08-05
CUST03844,Eric Harvey,julie04@example.net,43,Male,Financial Services,North America,201-500,Free,2020-04-10
CUST03845,Kristin Robertson,julie14@example.org,50,Male,Education,Europe,51-200,Enterprise,2020-07-21
CUST03846,Victoria Hatfield,julie27@example.org,20,Female,Government & Public Sector,Europe,11-50,Premium,2020-10-23
CUST03847,Phillip Robinson,julie28@example.com,47,Male,Technology,Australia & New Zealand,1000+,Enterprise,2019-12-01
CUST03848,Michael Wilson,julie37@example.org,26,Other,Professional Services,Australia & New Zealand,501-1000,Standard,2020-12-28
CUST03849,Brenda Wilson,julie40@example.net,40,Female,Retail,Europe,51-200,Standard,2021-03-13
CUST03850,Jacqueline Weaver,julie53@example.com,70,Female,Technology,North America,501-1000,Standard,2020-11-18
CUST03851,Brianna Blevins,julie69@example.org,21,Female,Retail,North America,501-1000,Free,2020-01-29
CUST03852,Michael Bradley,julie87@example.org,57,Other,Technology,Other,11-50,Standard,2021-06-27
CUST03853,Diana Romero,julie94@example.net,46,Other,Other,Australia & New Zealand,51-200,Standard,2019-12-25
CUST03854,Jack House,julieatkinson@example.org,20,Male,Other,Europe,51-200,Standard,2020-09-30
CUST03855,Laura Anderson,juliecarroll@example.net,55,Male,Professional Services,Europe,51-200,Premium,2020-09-02
CUST03856,Samantha Cobb,juliecruz@example.org,40,Other,Professional Services,Other,11-50,Enterprise,2019-09-12
CUST03857,Michael White,juliedillon@example.com,28,Female,Healthcare,North America,501-1000,Standard,2020-08-25
CUST03858,Kristina Williams,julieedwards@example.com,33,Other,Retail,Europe,501-1000,Free,2021-04-03
CUST03859,Timothy Anderson,juliegarcia@example.net,24,Other,Other,Other,1000+,Enterprise,2019-11-26
CUST03860,Jeremy Paul,juliegutierrez@example.net,40,Female,Government & Public Sector,Australia & New Zealand,1-10,Free,2020-08-06
CUST03861,Antonio White,juliehall@example.net,40,Female,Manufacturing,North America,51-200,Premium,2020-11-19
CUST03862,Bonnie Stevenson,juliemcintosh@example.net,19,Female,Education,North America,51-200,Premium,2021-05-12
CUST03863,Anna Jones,julieortega@example.com,66,Female,Education,North America,51-200,Standard,2019-07-19
CUST03864,Katie Lewis,juliepeterson@example.com,20,Female,Technology,Australia & New Zealand,1-10,Free,2021-06-24
CUST03865,Noah Mcknight,juliepowers@example.org,32,Other,Manufacturing,North America,201-500,Standard,2019-11-18
CUST03866,Thomas Gray,juliesmith@example.com,49,Male,Professional Services,Australia & New Zealand,501-1000,Standard,2020-07-03
CUST03867,Andrew Harrison,justin33@example.net,65,Other,Healthcare,Asia-Pacific,1-10,Standard,2019-11-07
CUST03868,Alexandria Rivera,justin35@example.net,68,Other,Financial Services,Australia & New Zealand,501-1000,Premium,2020-12-30
CUST03869,William Benton,justin40@example.org,28,Female,Manufacturing,Europe,201-500,Standard,2020-06-29
CUST03870,Jill Preston,justin50@example.net,39,Male,Education,Europe,51-200,Standard,2020-09-04
CUST03871,Alyssa Moore,justin55@example.com,49,Female,Education,Australia & New Zealand,1-10,Enterprise,2020-06-27
CUST03872,Rachael Waller,justin57@example.org,38,Female,Education,Australia & New Zealand,51-200,Premium,2020-05-21
CUST03873,Kevin Duke,justin60@example.net,59,Other,Technology,Europe,51-200,Enterprise,2020-11-05
CUST03874,Andrew Alvarez,justin60@example.org,33,Other,Retail,North America,201-500,Standard,2019-02-24
CUST03875,Tina Payne,justin61@example.com,64,Other,Professional Services,Australia & New Zealand,11-50,Standard,2020-03-16
CUST03876,Jonathan Watson,justin64@example.com,57,Other,Retail,North America,51-200,Standard,2019-10-01
CUST03877,Emily Daugherty,justin77@example.org,20,Other,Media & Communications,Australia & New Zealand,201-500,Free,2018-09-27
CUST03878,Michael Wells,justin79@example.net,63,Other,Professional Services,Australia & New Zealand,51-200,Standard,2019-05-05
CUST03879,Natasha Skinner,justin81@example.org,49,Male,Technology,Australia & New Zealand,501-1000,Standard,2020-07-12
CUST03880,Jeff Wilkinson,justin88@example.com,44,Female,Retail,Asia-Pacific,1000+,Premium,2020-03-31
CUST03881,Brittany Perry,justin97@example.com,61,Male,Professional Services,North America,51-200,Standard,2021-01-04
CUST03882,Jack Lee,justinbarron@example.com,21,Other,Financial Services,Europe,51-200,Premium,2021-02-28
CUST03883,Nancy Estrada,justinbean@example.net,48,Other,Healthcare,Europe,1-10,Enterprise,2019-08-09
CUST03884,Donna Robertson,justinbradford@example.net,27,Female,Manufacturing,Asia-Pacific,201-500,Enterprise,2019-06-08
CUST03885,Joel Reed,justinhays@example.net,26,Female,Media & Communications,Australia & New Zealand,51-200,Standard,2020-07-09
CUST03886,Catherine Ellis,justinknight@example.net,40,Female,Media & Communications,North America,11-50,Premium,2020-10-16
CUST03887,Jorge Pena,justinkrause@example.net,69,Other,Education,Asia-Pacific,501-1000,Standard,2019-12-04
CUST03888,Jerry Ruiz,justinlang@example.net,40,Other,Manufacturing,Europe,1-10,Standard,2020-12-08
CUST03889,Elizabeth Fisher,justinperez@example.org,30,Female,Other,Europe,51-200,Premium,2020-09-11
CUST03890,Ethan Orr,justinrodriguez@example.org,38,Male,Education,Europe,1-10,Standard,2019-12-24
CUST03891,Darius Larson,justinshaffer@example.org,45,Male,Healthcare,Europe,201-500,Premium,2019-01-31
CUST03892,Caroline Cummings,justinsmith@example.net,56,Male,Technology,Asia-Pacific,201-500,Premium,2019-05-14
CUST03893,Samantha Anthony,justinwagner@example.org,24,Female,Healthcare,Asia-Pacific,11-50,Standard,2018-12-06
CUST03894,Mark Craig,justinwiggins@example.org,47,Other,Healthcare,Other,11-50,Free,2021-02-19
CUST03895,Steven Jones,justinwilson@example.com,58,Female,Media & Communications,Asia-Pacific,11-50,Standard,2019-08-06
CUST03896,Joe Collins,jvaughn@example.com,18,Male,Other,Australia & New Zealand,51-200,Standard,2021-01-18
CUST03897,Gwendolyn Hubbard,jwall@example.net,52,Female,Government & Public Sector,Asia-Pacific,51-200,Standard,2020-07-25
CUST03898,Samantha Miller,jwelch@example.com,67,Male,Technology,North America,201-500,Enterprise,2019-10-09
CUST03899,Daniel Wagner,jwest@example.net,67,Male,Education,Australia & New Zealand,1-10,Standard,2021-09-09
CUST03900,Scott Stevenson,jwillis@example.net,27,Male,Retail,Europe,11-50,Enterprise,2020-07-21
CUST03901,Brad Ferguson,jwilson@example.org,46,Female,Technology,Asia-Pacific,11-50,Standard,2019-03-26
CUST03902,Lisa Hester,jwolfe@example.com,27,Female,Government & Public Sector,Europe,1000+,Standard,2019-06-25
CUST03903,Jessica Brown,kacosta@example.org,24,Male,Other,Asia-Pacific,11-50,Standard,2021-07-20
CUST03904,Pamela Christensen,kadams@example.net,65,Female,Financial Services,North America,51-200,Standard,2020-04-26
CUST03905,Teresa Barnes MD,kadams@example.org,66,Female,Technology,Europe,1-10,Premium,2019-11-07
CUST03906,Jason Hanna,kaitlin13@example.org,61,Male,Other,Australia & New Zealand,501-1000,Enterprise,2019-10-10
CUST03907,Gail Leach,kaitlyn24@example.org,41,Female,Professional Services,Other,1000+,Free,2020-12-14
CUST03908,Elizabeth Mitchell,kaitlyncampbell@example.com,53,Male,Financial Services,Other,11-50,Standard,2019-10-09
CUST03909,Monica Torres,kaitlyncook@example.org,19,Other,Technology,Other,201-500,Premium,2019-12-09
CUST03910,Samantha Griffin,kaitlyndominguez@example.com,49,Other,Government & Public Sector,North America,51-200,Free,2020-09-06
CUST03911,Sarah Watson,kaitlyngarcia@example.org,26,Male,Technology,North America,11-50,Free,2019-10-12
CUST03912,Eric Weber,kaitlynmorris@example.com,27,Female,Healthcare,Australia & New Zealand,201-500,Standard,2019-02-02
CUST03913,Kelli Wheeler,kalexander@example.com,48,Male,Technology,Australia & New Zealand,201-500,Standard,2020-02-14
CUST03914,Chelsea Jimenez,kalexander@example.org,57,Male,Financial Services,Europe,11-50,Enterprise,2018-07-17
CUST03915,Michael Eaton,kanderson@example.net,40,Female,Healthcare,North America,51-200,Premium,2021-06-04
CUST03916,Jason Nelson,kanesteven@example.net,47,Female,Media & Communications,Australia & New Zealand,11-50,Premium,2020-03-06
CUST03917,Kevin Luna,kara09@example.com,20,Female,Financial Services,Europe,1-10,Standard,2020-04-22
CUST03918,Justin Ritter,karaball@example.com,67,Male,Financial Services,Europe,1-10,Standard,2021-05-31
CUST03919,Lori Lloyd,karamartin@example.com,52,Other,Financial Services,Europe,1000+,Standard,2020-06-05
CUST03920,Cory Francis,karen19@example.com,46,Female,Education,North America,501-1000,Premium,2019-02-14
CUST03921,Christopher Lynch,karen83@example.com,45,Female,Retail,Australia & New Zealand,51-200,Free,2020-02-13
CUST03922,Mary Lyons,karencampbell@example.org,54,Female,Healthcare,Europe,51-200,Enterprise,2021-06-02
CUST03923,Jimmy Tate,karencurry@example.net,19,Other,Technology,Europe,11-50,Standard,2021-03-02
CUST03924,Robin Cline DVM,karendominguez@example.com,27,Other,Retail,North America,11-50,Free,2020-01-31
CUST03925,Victoria Colon,karengomez@example.com,57,Other,Technology,Australia & New Zealand,51-200,Enterprise,2020-07-24
CUST03926,Elizabeth Mcmahon,karenharris@example.com,32,Male,Financial Services,Australia & New Zealand,201-500,Enterprise,2020-09-23
CUST03927,Nathaniel Jones,karenharrison@example.com,58,Male,Technology,North America,51-200,Enterprise,2020-01-29
CUST03928,Frank Mcdonald,karenhoffman@example.net,70,Female,Technology,Australia & New Zealand,201-500,Standard,2019-07-11
CUST03929,Susan Smith,karensexton@example.org,60,Male,Professional Services,Asia-Pacific,51-200,Standard,2020-07-06
CUST03930,Michael Pierce,karentran@example.net,31,Male,Professional Services,Other,1000+,Standard,2019-12-01
CUST03931,Loretta Allen,karenvaughn@example.net,52,Other,Financial Services,Asia-Pacific,1-10,Standard,2021-07-05
CUST03932,Susan Maddox,karenwilson@example.net,27,Female,Other,Asia-Pacific,11-50,Premium,2021-04-09
CUST03933,Amanda Scott,kari73@example.org,66,Male,Government & Public Sector,Asia-Pacific,51-200,Enterprise,2021-08-02
CUST03934,Tristan Parker,karina98@example.net,23,Female,Healthcare,Australia & New Zealand,51-200,Standard,2019-05-20
CUST03935,Laura Monroe,katelyn81@example.net,57,Other,Technology,North America,201-500,Premium,2019-12-06
CUST03936,Paul Sullivan,katherine04@example.net,34,Female,Professional Services,North America,201-500,Enterprise,2019-12-30
CUST03937,Madison Williamson,katherine06@example.net,27,Other,Retail,North America,201-500,Enterprise,2020-04-03
CUST03938,James Bonilla,katherine08@example.net,37,Male,Technology,Australia & New Zealand,51-200,Enterprise,2020-05-20
CUST03939,Amber Hernandez,katherine24@example.org,35,Female,Financial Services,Asia-Pacific,1-10,Premium,2020-08-10
CUST03940,Mrs. Jessica Franklin,katherine32@example.net,62,Female,Financial Services,Asia-Pacific,501-1000,Standard,2021-04-19
CUST03941,Julie Aguilar,katherine81@example.com,57,Other,Technology,Australia & New Zealand,1000+,Enterprise,2021-06-13
CUST03942,Todd Walsh,katherine92@example.org,41,Male,Professional Services,North America,1-10,Standard,2021-05-11
CUST03943,Victor Moses,katherinecross@example.net,36,Female,Manufacturing,North America,1000+,Premium,2019-06-15
CUST03944,Michelle Harris,katherineestrada@example.com,45,Male,Professional Services,Australia & New Zealand,51-200,Standard,2020-12-14
CUST03945,Ruben Henry,katherinehoward@example.net,65,Female,Media & Communications,Australia & New Zealand,51-200,Standard,2019-07-23
CUST03946,Stephanie Miller,katherinemurphy@example.net,56,Female,Healthcare,North America,51-200,Standard,2020-06-08
CUST03947,Jason Chen,katherinenguyen@example.net,24,Other,Retail,Australia & New Zealand,51-200,Premium,2019-03-27
CUST03948,Barbara Clark,katherineoneill@example.net,46,Other,Professional Services,Europe,1000+,Standard,2020-02-22
CUST03949,Megan Potter,katherineparker@example.net,25,Male,Professional Services,Australia & New Zealand,1-10,Enterprise,2020-03-02
CUST03950,Ashlee Park,katherinepitts@example.net,60,Other,Media & Communications,North America,11-50,Enterprise,2020-05-28
CUST03951,Michele Adams,katherinesanders@example.net,64,Male,Financial Services,North America,201-500,Standard,2020-04-10
CUST03952,Michael Moreno,katherinewebb@example.com,32,Other,Technology,Australia & New Zealand,201-500,Free,2019-03-29
CUST03953,Christopher Dougherty,kathleen35@example.com,35,Other,Retail,North America,51-200,Standard,2020-03-16
CUST03954,Elizabeth Davila,kathleen67@example.net,53,Male,Other,Europe,51-200,Standard,2021-05-31
CUST03955,David Nunez,kathleen75@example.net,67,Other,Healthcare,Europe,51-200,Standard,2018-11-22
CUST03956,Kelly Mckenzie,kathleenbrock@example.net,32,Other,Professional Services,Europe,1000+,Premium,2020-10-08
CUST03957,Anita Green,kathleenduke@example.com,41,Male,Manufacturing,Europe,11-50,Standard,2021-07-17
CUST03958,Susan Brown,kathleengreen@example.com,48,Female,Manufacturing,Europe,1-10,Premium,2020-02-09
CUST03959,Julie Johnson,kathleenjones@example.net,64,Other,Education,Asia-Pacific,201-500,Free,2019-01-05
CUST03960,Sarah Stewart,kathleenmiller@example.net,41,Female,Professional Services,Europe,1000+,Premium,2020-02-10
CUST03961,Ashley Ramsey,kathleennewman@example.net,51,Other,Technology,Australia & New Zealand,1-10,Premium,2020-06-01
CUST03962,Brent Johnson,kathleennichols@example.org,60,Female,Healthcare,Europe,11-50,Premium,2019-04-10
CUST03963,Robert Wilkins,kathryn29@example.net,29,Female,Technology,Asia-Pacific,11-50,Premium,2020-06-24
CUST03964,Matthew White,kathryn36@example.com,64,Male,Financial Services,North America,51-200,Premium,2020-12-23
CUST03965,Amanda Jenkins,kathryn40@example.com,70,Male,Retail,North America,51-200,Premium,2021-03-02
CUST03966,Steven Whitaker,kathryn47@example.net,66,Other,Retail,North America,11-50,Standard,2021-09-01
CUST03967,Joseph Doyle,kathryn52@example.net,33,Male,Other,Asia-Pacific,51-200,Standard,2020-05-02
CUST03968,Kenneth Moore,kathryn53@example.com,46,Female,Technology,Australia & New Zealand,11-50,Premium,2020-01-05
CUST03969,Mary Johnson,kathryn93@example.net,29,Female,Retail,North America,501-1000,Enterprise,2021-04-04
CUST03970,Ryan Rivas,kathrynchang@example.org,33,Other,Retail,Australia & New Zealand,1000+,Premium,2020-04-04
CUST03971,Shannon Delgado,kathrynchurch@example.com,34,Other,Education,Australia & New Zealand,1-10,Standard,2021-04-15
CUST03972,Catherine Bennett,kathrynjones@example.org,42,Female,Retail,Europe,201-500,Standard,2020-07-30
CUST03973,Robert Wilson,kathrynshannon@example.net,30,Female,Healthcare,Australia & New Zealand,11-50,Premium,2021-10-23
CUST03974,Russell Fowler,kathy41@example.net,62,Male,Other,Europe,11-50,Free,2019-12-08
CUST03975,Susan Scott,kathy49@example.com,43,Female,Professional Services,Other,51-200,Free,2021-02-09
CUST03976,Debra Lopez DDS,kathy55@example.com,50,Other,Professional Services,Australia & New Zealand,501-1000,Standard,2018-12-16
CUST03977,Gabriel Combs,kathy75@example.org,34,Other,Financial Services,Australia & New Zealand,1-10,Standard,2020-09-16
CUST03978,Jennifer Mcdaniel,kathygalloway@example.com,31,Female,Technology,Australia & New Zealand,1000+,Standard,2020-08-09
CUST03979,Kenneth Mejia,kathyhumphrey@example.net,44,Male,Media & Communications,Europe,51-200,Free,2020-09-21
CUST03980,Danny Hall,kathyrobinson@example.org,35,Female,Professional Services,Europe,201-500,Standard,2019-12-20
CUST03981,Kathy Fisher,kathyvega@example.org,55,Male,Education,North America,1-10,Standard,2019-08-02
CUST03982,Teresa Moore,katie44@example.org,53,Female,Healthcare,North America,201-500,Standard,2020-10-06
CUST03983,Rodney Carlson,katie51@example.com,18,Other,Professional Services,North America,11-50,Standard,2021-04-02
CUST03984,Jimmy Wise,katie57@example.org,45,Other,Retail,Australia & New Zealand,11-50,Free,2019-08-04
CUST03985,Breanna Wolf,katie83@example.com,44,Male,Education,Australia & New Zealand,51-200,Standard,2020-01-22
CUST03986,Crystal Wiggins,katie88@example.com,32,Male,Financial Services,Australia & New Zealand,201-500,Premium,2020-06-13
CUST03987,Barbara Brown,katiebeck@example.org,42,Male,Financial Services,Europe,201-500,Premium,2019-12-02
CUST03988,Kevin Patterson,katiegarcia@example.net,64,Female,Manufacturing,Australia & New Zealand,501-1000,Standard,2019-02-26
CUST03989,Caroline Moore,katielevine@example.net,31,Female,Education,Asia-Pacific,11-50,Premium,2020-12-27
CUST03990,Christopher Alexander,katiemaldonado@example.com,63,Female,Professional Services,Asia-Pacific,51-200,Premium,2018-11-17
CUST03991,Lisa Brown,kaufmanphillip@example.org,61,Female,Technology,Australia & New Zealand,201-500,Premium,2021-01-01
CUST03992,James Nash,kayla05@example.net,61,Male,Technology,Europe,51-200,Premium,2020-11-15
CUST03993,Michael White,kayla07@example.com,57,Female,Professional Services,Asia-Pacific,1000+,Standard,2019-01-01
CUST03994,Elizabeth Blanchard,kayla14@example.net,48,Female,Retail,Australia & New Zealand,1000+,Premium,2019-06-02
CUST03995,Erik Luna,kayla31@example.org,53,Male,Technology,Other,1000+,Standard,2020-09-13
CUST03996,Abigail Walls,kayla66@example.org,35,Other,Healthcare,North America,501-1000,Standard,2019-09-23
CUST03997,Brandy Cooper,kayla75@example.org,30,Other,Technology,Europe,201-500,Standard,2019-08-02
CUST03998,Jimmy Thompson,kaylachan@example.org,37,Male,Retail,North America,201-500,Premium,2020-01-23
CUST03999,Nathaniel Bradley,kaylagallagher@example.org,33,Male,Professional Services,Europe,1-10,Free,2019-06-19
CUST04000,David Taylor,kaylapham@example.com,67,Other,Technology,Australia & New Zealand,11-50,Premium,2020-02-29
CUST04001,Luke Guerrero,kaylasimpson@example.com,54,Male,Manufacturing,Asia-Pacific,1000+,Standard,2021-09-02
CUST04002,Daniel Schneider,kaylaward@example.net,38,Female,Professional Services,Australia & New Zealand,51-200,Free,2020-06-21
CUST04003,Stephanie Buckley,kayleecampbell@example.com,70,Female,Other,Asia-Pacific,201-500,Standard,2019-04-25
CUST04004,Mary Vang,kball@example.org,19,Other,Technology,Australia & New Zealand,51-200,Standard,2020-12-13
CUST04005,Brian Branch,kbarrett@example.org,38,Other,Media & Communications,Other,1-10,Premium,2020-08-20
CUST04006,Gerald Spencer,kberg@example.net,20,Other,Other,North America,11-50,Enterprise,2019-03-11
CUST04007,Jose Arnold,kbond@example.org,55,Female,Education,North America,51-200,Free,2021-07-26
CUST04008,Cindy Martinez,kbrown@example.org,59,Female,Retail,Asia-Pacific,11-50,Free,2019-08-27
CUST04009,Laura Sanders,kcarson@example.org,63,Other,Retail,Asia-Pacific,1000+,Free,2020-05-02
CUST04010,Johnny Sims,kcole@example.net,40,Male,Financial Services,Australia & New Zealand,1-10,Enterprise,2019-08-26
CUST04011,Melissa Larson MD,kcolon@example.com,34,Other,Media & Communications,North America,51-200,Enterprise,2020-03-22
CUST04012,Richard Clark,kcordova@example.com,44,Male,Manufacturing,North America,201-500,Premium,2019-06-24
CUST04013,Jason Rasmussen,kcunningham@example.com,62,Female,Government & Public Sector,Australia & New Zealand,1000+,Enterprise,2019-12-20
CUST04014,David Martinez,kdalton@example.net,36,Other,Healthcare,Australia & New Zealand,501-1000,Free,2021-01-08
CUST04015,Sandra Green,kduran@example.net,62,Male,Technology,Europe,11-50,Premium,2020-03-15
CUST04016,Christopher English,kedwards@example.org,22,Female,Technology,Europe,51-200,Enterprise,2020-10-29
CUST04017,Deborah Casey,keith11@example.org,25,Female,Professional Services,Europe,201-500,Free,2019-03-15
CUST04018,Robert Cole,keith36@example.net,52,Other,Healthcare,Australia & New Zealand,1-10,Standard,2021-01-26
CUST04019,Mark Odonnell,keith42@example.com,57,Other,Financial Services,Australia & New Zealand,1000+,Standard,2019-08-01
CUST04020,Jamie Foley,keith79@example.org,33,Female,Healthcare,North America,51-200,Standard,2020-09-11
CUST04021,Barbara Gregory,keith85@example.net,24,Female,Education,North America,51-200,Premium,2019-01-30
CUST04022,Bryan Norman,keith89@example.org,34,Other,Retail,Europe,501-1000,Standard,2020-01-17
CUST04023,John Thomas,keith90@example.com,34,Other,Retail,Asia-Pacific,201-500,Premium,2021-03-14
CUST04024,Lauren Lawrence,keithcabrera@example.net,66,Male,Manufacturing,Australia & New Zealand,501-1000,Standard,2019-06-13
CUST04025,Gregory Berger,keithgray@example.net,64,Female,Other,Europe,11-50,Free,2021-02-26
CUST04026,Seth Hale,keithhernandez@example.net,68,Male,Technology,Asia-Pacific,1000+,Free,2019-07-13
CUST04027,Lisa Lewis,keithkent@example.org,59,Male,Manufacturing,Europe,1000+,Standard,2021-07-16
CUST04028,Rebecca Harper,keithmora@example.net,46,Other,Other,Australia & New Zealand,51-200,Enterprise,2020-04-07
CUST04029,John Butler,keithprice@example.org,56,Female,Financial Services,Australia & New Zealand,11-50,Standard,2019-09-24
CUST04030,Kevin Hall,keithproctor@example.org,27,Male,Technology,Europe,51-200,Premium,2020-10-31
CUST04031,Michelle Rush,keithtaylor@example.com,67,Female,Financial Services,North America,1000+,Premium,2020-12-08
CUST04032,Lori Joseph,kellerabigail@example.net,50,Other,Professional Services,Asia-Pacific,501-1000,Free,2020-05-12
CUST04033,Debbie West,kellercandice@example.net,69,Male,Retail,Asia-Pacific,1000+,Standard,2020-01-21
CUST04034,Kelsey Hurst,kellerjennifer@example.com,53,Male,Education,Australia & New Zealand,1-10,Standard,2019-11-13
CUST04035,Heidi Lopez,kellerjimmy@example.net,67,Other,Financial Services,Australia & New Zealand,51-200,Free,2019-10-24
CUST04036,Melissa Clark,kellernancy@example.com,64,Other,Technology,Australia & New Zealand,11-50,Free,2020-06-05
CUST04037,Susan Duncan,kelleylindsay@example.com,58,Female,Technology,Australia & New Zealand,11-50,Free,2020-07-10
CUST04038,Tami Armstrong,kelli45@example.com,56,Other,Healthcare,Asia-Pacific,11-50,Free,2019-05-06
CUST04039,Jacqueline Ward,kelliecummings@example.com,48,Male,Education,Asia-Pacific,51-200,Premium,2021-02-19
CUST04040,Troy Mann,kelly14@example.com,42,Male,Financial Services,North America,201-500,Standard,2021-03-07
CUST04041,Jessica Mills,kelly20@example.com,67,Other,Education,Australia & New Zealand,501-1000,Standard,2019-11-25
CUST04042,Robin Lopez,kelly21@example.net,38,Male,Technology,Asia-Pacific,11-50,Enterprise,2020-01-28
CUST04043,John Myers,kelly37@example.net,63,Female,Healthcare,Europe,201-500,Free,2018-12-16
CUST04044,Jason Wright,kelly42@example.com,59,Male,Professional Services,Europe,201-500,Standard,2019-02-27
CUST04045,Jenna Walsh,kelly61@example.com,39,Other,Education,Europe,1000+,Standard,2020-04-17
CUST04046,Michael Charles,kelly63@example.com,31,Female,Professional Services,Australia & New Zealand,11-50,Enterprise,2019-12-08
CUST04047,Melissa Brown,kelly74@example.org,40,Female,Media & Communications,Europe,501-1000,Premium,2019-07-31
CUST04048,Jordan Kim,kelly83@example.org,23,Female,Government & Public Sector,North America,11-50,Standard,2020-08-19
CUST04049,Jessica Lewis,kelly87@example.com,44,Other,Professional Services,Asia-Pacific,1-10,Premium,2020-07-30
CUST04050,Michelle Allen,kellyalyssa@example.org,41,Male,Healthcare,Asia-Pacific,11-50,Free,2020-06-26
CUST04051,Sara Lee,kellybrian@example.org,51,Male,Professional Services,Europe,1-10,Standard,2019-04-29
CUST04052,Teresa Nguyen,kellychapman@example.org,52,Male,Financial Services,Australia & New Zealand,11-50,Standard,2020-09-18
CUST04053,Sarah Hart,kellychavez@example.com,61,Female,Technology,Australia & New Zealand,201-500,Standard,2020-02-02
CUST04054,Jennifer Jones,kellyflores@example.org,70,Male,Healthcare,Asia-Pacific,201-500,Enterprise,2020-04-09
CUST04055,Eric Smith,kellyfoster@example.org,49,Male,Government & Public Sector,Europe,1000+,Standard,2020-01-24
CUST04056,Angela Frey,kellymiller@example.net,47,Other,Professional Services,Other,11-50,Standard,2020-02-08
CUST04057,Ashley Baker,kellymorgan@example.com,63,Male,Professional Services,Europe,1-10,Premium,2020-12-19
CUST04058,Michael Hamilton,kellysmith@example.com,22,Female,Education,Asia-Pacific,1-10,Premium,2021-04-06
CUST04059,Tyler Chavez,kellystone@example.org,43,Male,Financial Services,Australia & New Zealand,201-500,Free,2020-04-01
CUST04060,John Frank,kellysutton@example.org,26,Male,Manufacturing,North America,11-50,Standard,2018-09-25
CUST04061,Andrew Mosley,kellytonya@example.net,20,Female,Retail,Europe,11-50,Standard,2019-07-02
CUST04062,Kevin Johnson,kelsey43@example.com,38,Male,Media & Communications,Other,201-500,Standard,2019-12-08
CUST04063,Trevor Jackson,kelsey83@example.org,53,Male,Retail,Other,201-500,Premium,2020-12-21
CUST04064,James Pittman,kelseycurry@example.net,47,Male,Retail,Australia & New Zealand,51-200,Free,2020-06-09
CUST04065,Andrew Riley,kelseylopez@example.org,46,Female,Healthcare,Other,501-1000,Premium,2019-02-22
CUST04066,Justin Porter,kendra11@example.com,19,Female,Other,North America,1000+,Standard,2020-12-29
CUST04067,Brendan Barton,kendra89@example.net,35,Male,Media & Communications,Europe,11-50,Free,2020-08-10
CUST04068,Lisa Bauer,kendramccormick@example.org,34,Female,Healthcare,Asia-Pacific,201-500,Standard,2020-09-25
CUST04069,David Campbell,kennedyblake@example.net,63,Other,Media & Communications,Australia & New Zealand,501-1000,Enterprise,2020-03-13
CUST04070,Andrew Baker,kennedydustin@example.com,34,Female,Education,Australia & New Zealand,11-50,Standard,2020-12-07
CUST04071,Misty Perry,kennedyjames@example.com,51,Other,Government & Public Sector,Asia-Pacific,501-1000,Standard,2019-12-13
CUST04072,Susan Gray,kennedymatthew@example.com,33,Other,Financial Services,Other,1-10,Standard,2019-08-01
CUST04073,Christopher Baker,kennedymatthew@example.org,60,Other,Retail,Asia-Pacific,1-10,Premium,2020-07-21
CUST04074,Jessica Bailey,kenneth32@example.com,67,Male,Government & Public Sector,Europe,201-500,Free,2020-11-15
CUST04075,Michelle Roberts,kenneth43@example.com,34,Female,Technology,Europe,51-200,Premium,2020-04-28
CUST04076,Steven Wilkins,kenneth43@example.org,64,Other,Financial Services,North America,11-50,Standard,2020-11-05
CUST04077,Dr. Kelly Walker,kenneth45@example.net,44,Male,Professional Services,Australia & New Zealand,201-500,Enterprise,2020-07-17
CUST04078,Kellie Park,kenneth73@example.org,47,Female,Government & Public Sector,Australia & New Zealand,51-200,Standard,2020-07-02
CUST04079,Jason Stewart,kennethadams@example.net,34,Other,Professional Services,North America,11-50,Standard,2020-03-27
CUST04080,Nathaniel Clark,kennethbailey@example.net,34,Male,Professional Services,North America,51-200,Standard,2019-12-15
CUST04081,Joseph Meyers,kennethbrady@example.com,70,Male,Technology,Asia-Pacific,501-1000,Premium,2020-01-27
CUST04082,Kiara Brooks,kennethdominguez@example.org,46,Other,Other,Europe,51-200,Free,2019-09-19
CUST04083,Marisa Garcia,kennethgiles@example.org,32,Other,Media & Communications,North America,11-50,Premium,2020-08-19
CUST04084,Lori Green,kennethgolden@example.org,39,Other,Retail,North America,201-500,Standard,2020-01-22
CUST04085,Christopher Patrick,kennethjones@example.org,44,Male,Healthcare,North America,1-10,Premium,2021-08-20
CUST04086,Hunter Esparza,kennethross@example.com,34,Other,Retail,Australia & New Zealand,11-50,Free,2019-02-20
CUST04087,Becky Torres,kennethstanley@example.net,31,Male,Manufacturing,Other,11-50,Standard,2020-03-30
CUST04088,Kristie Soto,kenneththompson@example.com,45,Male,Professional Services,North America,51-200,Premium,2020-09-03
CUST04089,Alexandra Gonzalez,kenneththompson@example.net,26,Male,Government & Public Sector,Asia-Pacific,51-200,Free,2020-12-03
CUST04090,Megan Drake,kennethwhite@example.net,22,Female,Financial Services,Asia-Pacific,51-200,Standard,2019-08-27
CUST04091,Debra Peters,kennethwilson@example.com,20,Female,Financial Services,Asia-Pacific,501-1000,Standard,2018-09-07
CUST04092,Dr. Sean Boyd,kerrdavid@example.org,59,Other,Manufacturing,North America,501-1000,Free,2021-04-14
CUST04093,Karen Perez,kerrjoshua@example.org,52,Female,Professional Services,North America,51-200,Premium,2020-02-13
CUST04094,Robert Black,kerrsteven@example.com,29,Male,Financial Services,Europe,51-200,Free,2019-04-25
CUST04095,Evan Hill,kerrychoi@example.com,70,Female,Technology,Asia-Pacific,11-50,Premium,2020-07-27
CUST04096,Steven Pruitt,kevans@example.net,67,Male,Manufacturing,Europe,201-500,Free,2021-06-17
CUST04097,Todd Chen,kevin12@example.com,53,Other,Manufacturing,Australia & New Zealand,1000+,Standard,2020-11-13
CUST04098,Christina Stevens,kevin17@example.net,36,Female,Healthcare,Europe,1000+,Premium,2020-03-05
CUST04099,Alexander Nunez,kevin19@example.net,33,Other,Manufacturing,Other,11-50,Free,2021-04-17
CUST04100,Michael Johnson,kevin21@example.com,50,Other,Manufacturing,North America,201-500,Free,2021-05-13
CUST04101,Angela Clark,kevin23@example.org,42,Male,Technology,Australia & New Zealand,11-50,Premium,2019-10-27
CUST04102,Cheyenne Martin,kevin24@example.com,52,Other,Retail,North America,501-1000,Standard,2021-03-10
CUST04103,Robert Leblanc,kevin24@example.org,61,Female,Media & Communications,Asia-Pacific,1-10,Standard,2019-06-29
CUST04104,Christopher Gutierrez,kevin25@example.net,35,Male,Manufacturing,Asia-Pacific,11-50,Free,2019-09-28
CUST04105,Whitney Martinez,kevin34@example.net,58,Female,Healthcare,Other,11-50,Standard,2020-06-25
CUST04106,Emily Hernandez,kevin40@example.net,23,Female,Professional Services,North America,201-500,Premium,2019-09-07
CUST04107,Mr. Christopher Vega,kevin41@example.org,39,Other,Healthcare,Other,201-500,Premium,2020-11-27
CUST04108,Sharon Long,kevin42@example.org,58,Female,Healthcare,Asia-Pacific,201-500,Premium,2020-04-22
CUST04109,Erin Holmes,kevin47@example.com,45,Male,Technology,Asia-Pacific,1-10,Premium,2020-12-07
CUST04110,Michael Lewis,kevin62@example.com,22,Other,Financial Services,North America,501-1000,Premium,2020-08-27
CUST04111,Kenneth Henderson,kevin63@example.com,61,Other,Education,North America,51-200,Standard,2020-07-01
CUST04112,Melissa Campbell,kevin66@example.org,68,Other,Government & Public Sector,Europe,501-1000,Premium,2019-06-30
CUST04113,Taylor Wilson,kevin69@example.com,32,Male,Professional Services,Australia & New Zealand,1-10,Standard,2019-07-20
CUST04114,Anthony Luna,kevin74@example.org,49,Female,Education,Europe,201-500,Free,2020-06-23
CUST04115,Lauren Rodriguez,kevin81@example.com,29,Other,Retail,Australia & New Zealand,501-1000,Premium,2020-05-23
CUST04116,Colin Padilla,kevin91@example.org,32,Female,Healthcare,Australia & New Zealand,51-200,Standard,2020-02-23
CUST04117,Jenna Ellis,kevinbrennan@example.net,35,Male,Financial Services,North America,51-200,Premium,2019-03-21
CUST04118,Larry Garza,kevindominguez@example.com,25,Female,Technology,North America,51-200,Standard,2021-08-28
CUST04119,Darlene Shaw,kevinflynn@example.net,45,Male,Manufacturing,Europe,201-500,Enterprise,2021-04-19
CUST04120,Molly Walker,kevinho@example.org,26,Male,Technology,Europe,1000+,Standard,2020-12-28
CUST04121,Tina Wells,kevinjohnson@example.com,53,Female,Other,Asia-Pacific,51-200,Free,2021-04-06
CUST04122,Ann Baker,kevinjohnson@example.org,51,Other,Financial Services,North America,51-200,Standard,2020-08-05
CUST04123,Joseph Dixon,kevinjones@example.org,59,Female,Financial Services,North America,201-500,Free,2019-12-16
CUST04124,Steven Harvey,kevinkelly@example.org,44,Male,Professional Services,Europe,201-500,Standard,2020-01-21
CUST04125,Gregory Vargas,kevinmejia@example.com,23,Female,Technology,Australia & New Zealand,501-1000,Premium,2020-03-04
CUST04126,Lynn Miller,kevinmoody@example.org,21,Female,Healthcare,North America,201-500,Standard,2020-02-29
CUST04127,Jacqueline Reed,kevinmorgan@example.net,50,Female,Healthcare,Europe,1000+,Enterprise,2020-07-23
CUST04128,Elizabeth Johnson,kevinmueller@example.org,19,Other,Technology,Europe,201-500,Free,2020-07-20
CUST04129,Leslie Martin,kevinpowers@example.com,62,Female,Technology,Australia & New Zealand,501-1000,Standard,2019-01-07
CUST04130,Andrew Elliott,kevinwalter@example.net,34,Male,Healthcare,Europe,51-200,Standard,2020-08-21
CUST04131,Julia Haynes,kevinwarren@example.com,67,Male,Government & Public Sector,Europe,1-10,Standard,2019-03-26
CUST04132,Andrew Acevedo,keyandrew@example.org,36,Female,Professional Services,Other,51-200,Enterprise,2020-02-25
CUST04133,Justin Brown,kfoster@example.net,33,Male,Media & Communications,North America,51-200,Standard,2019-08-03
CUST04134,Sarah Bell,kfox@example.com,65,Female,Education,Australia & New Zealand,11-50,Premium,2020-02-24
CUST04135,Danielle Ayala,kfuller@example.net,62,Female,Technology,North America,1000+,Standard,2020-07-06
CUST04136,Yolanda Gutierrez,kgarcia@example.com,19,Female,Technology,Australia & New Zealand,11-50,Premium,2020-02-12
CUST04137,Lauren Williams,kgomez@example.net,61,Other,Media & Communications,Europe,1-10,Enterprise,2020-08-28
CUST04138,Christopher Romero,kgordon@example.com,55,Female,Manufacturing,Asia-Pacific,1000+,Free,2019-08-10
CUST04139,Justin Greene,kgreene@example.net,24,Other,Education,North America,51-200,Standard,2020-12-17
CUST04140,William Butler,khaas@example.org,51,Female,Retail,Australia & New Zealand,1000+,Standard,2019-07-03
CUST04141,Tristan Reed,khampton@example.com,55,Male,Education,Asia-Pacific,201-500,Standard,2019-05-22
CUST04142,Susan Jackson,kharris@example.com,35,Other,Financial Services,Europe,501-1000,Premium,2019-04-22
CUST04143,Christopher Nelson,kharris@example.org,41,Male,Retail,North America,11-50,Free,2018-08-10
CUST04144,Alexander Blake,khenderson@example.org,37,Other,Professional Services,Europe,11-50,Premium,2020-08-27
CUST04145,Lisa Thomas,khenson@example.org,45,Male,Technology,Asia-Pacific,201-500,Free,2020-01-03
CUST04146,Laura Cook,khernandez@example.com,20,Male,Professional Services,Europe,11-50,Free,2018-10-11
CUST04147,Dana Sullivan,khill@example.org,33,Female,Retail,Australia & New Zealand,11-50,Standard,2019-10-24
CUST04148,Leslie Williams,khoffman@example.org,57,Female,Technology,Europe,11-50,Standard,2020-03-06
CUST04149,John Mitchell,khunt@example.com,25,Female,Other,Australia & New Zealand,201-500,Standard,2018-11-04
CUST04150,David George,kim10@example.com,54,Male,Professional Services,North America,11-50,Premium,2020-05-31
CUST04151,Troy Miller,kim20@example.org,34,Other,Education,Europe,1-10,Free,2021-07-26
CUST04152,Michelle Wiggins,kimberly00@example.net,35,Female,Education,Australia & New Zealand,501-1000,Premium,2020-02-02
CUST04153,Kelly Norris,kimberly01@example.net,25,Male,Financial Services,Europe,11-50,Enterprise,2020-07-02
CUST04154,Angie Henry,kimberly04@example.net,20,Other,Education,Europe,201-500,Free,2020-02-11
CUST04155,Tammy Pruitt,kimberly17@example.net,33,Male,Professional Services,Europe,51-200,Enterprise,2018-11-23
CUST04156,Thomas Ray,kimberly17@example.org,34,Male,Professional Services,Australia & New Zealand,11-50,Premium,2019-10-10
CUST04157,David Holloway,kimberly26@example.com,25,Female,Retail,North America,51-200,Enterprise,2019-10-16
CUST04158,Debra Young,kimberly28@example.com,32,Other,Retail,Europe,201-500,Premium,2021-01-07
CUST04159,Jeff Flores,kimberly55@example.net,32,Other,Education,Asia-Pacific,51-200,Premium,2019-03-04
CUST04160,Erica Chavez,kimberly71@example.org,27,Other,Manufacturing,Australia & New Zealand,51-200,Standard,2019-03-21
CUST04161,Joshua Torres,kimberly94@example.com,44,Female,Education,Asia-Pacific,201-500,Standard,2020-06-04
CUST04162,Jennifer Banks,kimberlyacosta@example.org,64,Male,Media & Communications,North America,11-50,Premium,2021-08-01
CUST04163,Deborah Johnson,kimberlyadams@example.net,40,Male,Education,Europe,11-50,Premium,2021-03-06
CUST04164,Kelly Zamora,kimberlybryant@example.net,57,Other,Education,Australia & New Zealand,11-50,Standard,2019-11-30
CUST04165,James Deleon,kimberlycain@example.org,19,Female,Media & Communications,Australia & New Zealand,201-500,Premium,2021-05-28
CUST04166,Jason Wright,kimberlyfisher@example.com,57,Female,Education,Australia & New Zealand,1000+,Standard,2020-11-24
CUST04167,Mackenzie Thomas,kimberlyhamilton@example.net,66,Male,Government & Public Sector,Australia & New Zealand,11-50,Standard,2018-07-30
CUST04168,Ryan Henderson,kimberlyhernandez@example.com,47,Other,Healthcare,Other,201-500,Premium,2021-09-03
CUST04169,Danielle Everett,kimberlyhudson@example.com,46,Male,Manufacturing,North America,501-1000,Premium,2018-12-12
CUST04170,Phillip Jackson,kimberlyhughes@example.net,22,Female,Healthcare,North America,11-50,Standard,2020-04-02
CUST04171,John Campbell,kimberlyhurst@example.org,58,Male,Healthcare,Asia-Pacific,201-500,Enterprise,2019-12-29
CUST04172,Juan Brock,kimberlyjohnson@example.org,55,Female,Professional Services,Europe,11-50,Premium,2020-07-28
CUST04173,Vincent Thompson,kimberlylawrence@example.org,69,Other,Media & Communications,North America,11-50,Standard,2020-12-16
CUST04174,John Robinson,kimberlymartin@example.org,67,Other,Government & Public Sector,North America,201-500,Standard,2021-05-07
CUST04175,Megan Daniel,kimberlymartinez@example.com,59,Other,Professional Services,Europe,201-500,Standard,2020-01-02
CUST04176,Steven Salazar,kimberlymendoza@example.net,31,Male,Technology,Europe,51-200,Enterprise,2019-11-04
CUST04177,Gloria Carney,kimberlymullins@example.org,31,Male,Technology,Australia & New Zealand,201-500,Premium,2021-01-12
CUST04178,Richard Wright,kimberlynavarro@example.org,47,Female,Technology,Asia-Pacific,11-50,Standard,2020-01-06
CUST04179,Nicole Mann,kimberlyoconnor@example.org,45,Other,Professional Services,Asia-Pacific,51-200,Enterprise,2021-06-18
CUST04180,Amy Watson,kimberlyperez@example.net,35,Male,Technology,North America,51-200,Standard,2020-08-20
CUST04181,Rachel Ballard,kimberlystevens@example.org,49,Female,Financial Services,Asia-Pacific,51-200,Standard,2020-09-11
CUST04182,Mrs. Molly Gutierrez,kimberlythomas@example.org,24,Male,Retail,Australia & New Zealand,501-1000,Standard,2019-05-22
CUST04183,Wanda Smith,kimberlyvega@example.com,70,Female,Technology,Europe,11-50,Free,2019-08-20
CUST04184,Jeremy Schwartz,kimberlywhite@example.org,18,Female,Education,North America,51-200,Premium,2021-09-01
CUST04185,Hector Peters,kimemily@example.com,34,Female,Manufacturing,North America,11-50,Free,2019-10-09
CUST04186,Robert Rios,kimjeremiah@example.net,43,Male,Technology,Asia-Pacific,51-200,Standard,2019-01-29
CUST04187,Joshua Miller,kimjesse@example.com,24,Male,Technology,Europe,1000+,Standard,2021-04-12
CUST04188,Mrs. Kathleen Gonzales,kimkaren@example.org,69,Male,Healthcare,Australia & New Zealand,201-500,Enterprise,2019-03-06
CUST04189,Chad Fisher,kimmendoza@example.com,53,Female,Technology,Other,51-200,Free,2020-03-05
CUST04190,Patrick Miller IV,kimwilliam@example.org,57,Male,Healthcare,Europe,51-200,Standard,2020-10-24
CUST04191,Michael Bryant,kingcharles@example.org,45,Other,Retail,Europe,1000+,Enterprise,2018-11-19
CUST04192,Stuart Spears,kingkendra@example.org,21,Female,Technology,North America,11-50,Enterprise,2019-07-16
CUST04193,Kimberly Thomas,kinglisa@example.com,50,Other,Healthcare,Asia-Pacific,11-50,Standard,2019-11-03
CUST04194,Douglas Wheeler,kingsarah@example.net,54,Other,Healthcare,Europe,201-500,Standard,2019-11-20
CUST04195,Edward Freeman,kingshawn@example.net,27,Other,Education,Europe,501-1000,Premium,2019-08-03
CUST04196,Erin Lawrence,kingsheryl@example.com,25,Male,Other,North America,201-500,Enterprise,2019-11-16
CUST04197,Gilbert Martinez,kingtanner@example.org,64,Other,Technology,Europe,1000+,Standard,2021-02-11
CUST04198,Mario Hodge,kingthomas@example.com,59,Female,Manufacturing,North America,1000+,Enterprise,2020-02-10
CUST04199,Patrick Thomas,kingtricia@example.net,37,Other,Healthcare,North America,51-200,Free,2020-03-30
CUST04200,Shane Taylor,kirk14@example.net,50,Other,Technology,Asia-Pacific,1-10,Premium,2020-02-29
CUST04201,Nathan Jones,kirk20@example.net,50,Male,Media & Communications,Asia-Pacific,11-50,Standard,2019-10-18
CUST04202,Garrett Mcneil,kirkrichard@example.net,27,Female,Retail,North America,11-50,Premium,2019-11-19
CUST04203,Michael Smith,kirstenrodriguez@example.net,48,Male,Financial Services,Asia-Pacific,51-200,Premium,2020-09-09
CUST04204,Sandra Sanchez,kjames@example.net,30,Other,Government & Public Sector,Asia-Pacific,1000+,Free,2019-05-14
CUST04205,Lauren Duncan,kjones@example.com,21,Male,Retail,Asia-Pacific,1000+,Standard,2021-02-23
CUST04206,Brittany Osborne,kjones@example.org,52,Other,Professional Services,Australia & New Zealand,1000+,Free,2020-06-10
CUST04207,Richard Flynn,kkelly@example.net,31,Female,Media & Communications,Asia-Pacific,51-200,Free,2019-10-12
CUST04208,Travis Wang,kleblanc@example.org,42,Other,Retail,Australia & New Zealand,1-10,Premium,2020-01-14
CUST04209,Mary Wilson,klee@example.org,55,Male,Healthcare,North America,501-1000,Standard,2020-11-16
CUST04210,Emily Duarte,kleinisaac@example.com,30,Female,Government & Public Sector,Europe,51-200,Standard,2021-07-26
CUST04211,Donald Houston,kleon@example.org,45,Female,Government & Public Sector,Australia & New Zealand,1000+,Standard,2021-04-26
CUST04212,Jesse Cooper,klopez@example.org,47,Other,Technology,Asia-Pacific,51-200,Premium,2020-12-25
CUST04213,John Mccullough,klove@example.org,41,Other,Retail,North America,201-500,Standard,2020-01-15
CUST04214,Amy Martinez,kmarshall@example.com,44,Other,Professional Services,Australia & New Zealand,11-50,Standard,2019-08-29
CUST04215,Cassie Johns,kmartinez@example.net,56,Female,Education,Europe,1-10,Enterprise,2020-07-30
CUST04216,Anthony Webb,kmcclure@example.net,31,Male,Technology,Australia & New Zealand,51-200,Premium,2020-09-07
CUST04217,Sydney Chavez,kmeadows@example.net,18,Other,Technology,Europe,501-1000,Standard,2019-04-29
CUST04218,Desiree Yang,kmoore@example.com,53,Female,Manufacturing,Australia & New Zealand,11-50,Standard,2019-03-12
CUST04219,Tracy Goodwin,kmoore@example.net,53,Male,Media & Communications,Other,11-50,Enterprise,2019-03-29
CUST04220,Brianna Ramos,kmorales@example.com,56,Female,Technology,Europe,501-1000,Free,2020-08-03
CUST04221,Emily Hardy,kmoss@example.net,29,Female,Healthcare,Europe,201-500,Standard,2019-08-01
CUST04222,Dr. Robert Weaver DVM,knappjames@example.com,18,Female,Education,Australia & New Zealand,11-50,Standard,2020-05-07
CUST04223,Reginald Trevino,knappjessica@example.net,53,Male,Government & Public Sector,North America,501-1000,Enterprise,2021-04-08
CUST04224,Alison Larsen,kneal@example.net,57,Female,Professional Services,North America,51-200,Free,2020-05-08
CUST04225,Eric Lucas,knightmadeline@example.com,26,Female,Financial Services,Other,1-10,Free,2020-03-03
CUST04226,Judy Shaffer,knolan@example.com,18,Other,Technology,Asia-Pacific,51-200,Free,2020-07-26
CUST04227,Ashley Mcdonald,knunez@example.net,22,Female,Financial Services,Australia & New Zealand,1-10,Standard,2020-03-03
CUST04228,Deborah Simpson,kparker@example.com,45,Other,Technology,Europe,501-1000,Enterprise,2018-11-08
CUST04229,Victor Scott,kpowell@example.org,27,Other,Education,Other,1000+,Premium,2020-08-22
CUST04230,Teresa Hines,kreeves@example.org,23,Male,Financial Services,North America,51-200,Enterprise,2019-10-24
CUST04231,Katrina Matthews MD,kreid@example.com,27,Female,Professional Services,Asia-Pacific,51-200,Standard,2020-07-09
CUST04232,Charlene Andrews,kreid@example.net,45,Female,Technology,Australia & New Zealand,11-50,Enterprise,2020-05-10
CUST04233,Karen Burke,krhodes@example.net,55,Female,Education,Australia & New Zealand,501-1000,Standard,2020-03-23
CUST04234,Sean Clark,krichard@example.com,27,Other,Retail,North America,1-10,Free,2020-09-05
CUST04235,Marissa Thornton,krichardson@example.org,45,Other,Professional Services,Australia & New Zealand,51-200,Standard,2020-08-18
CUST04236,Ashlee Cooper,kristadoyle@example.com,23,Other,Financial Services,Australia & New Zealand,11-50,Premium,2021-01-11
CUST04237,Jennifer Payne,kristen27@example.org,43,Other,Healthcare,Asia-Pacific,51-200,Standard,2020-06-01
CUST04238,Luis Dennis,kristen63@example.net,70,Female,Media & Communications,Europe,51-200,Enterprise,2019-12-08
CUST04239,Samantha Bates,kristenberger@example.net,54,Other,Professional Services,Australia & New Zealand,1-10,Standard,2021-04-27
CUST04240,Bailey Moore,kristengarcia@example.net,46,Female,Healthcare,Australia & New Zealand,1000+,Standard,2019-04-17
CUST04241,Michael Hernandez,kristennelson@example.org,21,Male,Other,North America,1-10,Premium,2021-01-04
CUST04242,Crystal Moore,kristensmith@example.org,36,Male,Healthcare,Australia & New Zealand,1000+,Standard,2019-03-01
CUST04243,Dawn Thompson,kristenvalentine@example.net,18,Male,Manufacturing,Australia & New Zealand,1000+,Standard,2020-02-15
CUST04244,Amy Lee,kristi84@example.org,45,Male,Other,Australia & New Zealand,51-200,Premium,2021-07-01
CUST04245,Ashley Love,kristie33@example.net,40,Male,Education,Europe,1-10,Standard,2021-09-22
CUST04246,John Larson,kristiesmith@example.org,67,Male,Other,Australia & New Zealand,1000+,Premium,2020-01-26
CUST04247,Mr. Christopher May,kristin27@example.net,56,Other,Technology,Europe,1-10,Premium,2020-05-18
CUST04248,Desiree Foley,kristin36@example.net,30,Female,Retail,North America,201-500,Premium,2019-03-23
CUST04249,Lori Hoffman,kristina31@example.org,70,Male,Education,Australia & New Zealand,11-50,Enterprise,2020-02-20
CUST04250,John Stewart,kristina97@example.net,48,Male,Education,Asia-Pacific,501-1000,Standard,2021-05-18
CUST04251,Kevin Joseph,kristinajohnson@example.com,64,Female,Technology,North America,11-50,Premium,2019-05-29
CUST04252,Melinda Davis,kristinajohnston@example.net,48,Male,Other,Other,1000+,Enterprise,2020-02-16
CUST04253,Andrea Bates,kristinasherman@example.com,19,Other,Technology,Australia & New Zealand,1-10,Standard,2020-09-01
CUST04254,Luke Smith,kristinburton@example.com,21,Male,Technology,Europe,501-1000,Standard,2019-12-12
CUST04255,Mr. James Ramsey,kristine09@example.com,33,Other,Media & Communications,Europe,11-50,Standard,2019-12-15
CUST04256,Vanessa Cox,kristinescott@example.org,62,Male,Manufacturing,Asia-Pacific,11-50,Free,2020-09-30
CUST04257,Lynn Pruitt,kristinramirez@example.net,70,Male,Professional Services,North America,51-200,Enterprise,2020-08-22
CUST04258,Amber Black,kristinramos@example.com,64,Male,Retail,North America,51-200,Premium,2021-11-15
CUST04259,David Howe,kristinstephens@example.com,24,Female,Media & Communications,Asia-Pacific,501-1000,Enterprise,2018-12-30
CUST04260,Sara Baldwin,kristinwelch@example.net,33,Other,Government & Public Sector,North America,501-1000,Premium,2019-08-05
CUST04261,Bobby Hawkins,kristy35@example.com,41,Female,Technology,North America,1000+,Standard,2019-12-03
CUST04262,Jonathan Williams,kristy93@example.com,54,Other,Healthcare,North America,51-200,Free,2019-04-23
CUST04263,Amanda Potter,kristyrodriguez@example.org,28,Male,Education,Europe,1000+,Premium,2019-05-18
CUST04264,Angela Rogers,krobinson@example.com,53,Female,Government & Public Sector,Asia-Pacific,51-200,Standard,2019-12-02
CUST04265,Eugene Stevens,krodriguez@example.net,24,Female,Education,Europe,201-500,Free,2021-04-20
CUST04266,Suzanne Peters,krose@example.net,42,Male,Technology,Australia & New Zealand,1000+,Premium,2021-03-11
CUST04267,David Watson,kross@example.net,52,Female,Other,Asia-Pacific,201-500,Free,2020-10-01
CUST04268,Phillip Barry,krystalsalas@example.org,55,Male,Other,Asia-Pacific,201-500,Standard,2021-06-05
CUST04269,Gina Zimmerman,ksanders@example.com,28,Female,Technology,Europe,501-1000,Free,2019-10-30
CUST04270,Austin Campbell,kshaw@example.net,61,Female,Technology,Europe,1-10,Premium,2020-05-26
CUST04271,Miss Heather Whitehead PhD,kshepherd@example.com,25,Female,Technology,Europe,1000+,Free,2021-04-07
CUST04272,Lauren Wiggins,ksmith@example.com,69,Other,Education,Europe,1-10,Standard,2020-06-03
CUST04273,Richard Conway,ksmith@example.net,30,Male,Technology,North America,11-50,Enterprise,2021-04-09
CUST04274,Tracy Stanton,ksteele@example.net,65,Other,Manufacturing,Asia-Pacific,1-10,Enterprise,2019-09-10
CUST04275,Jodi Dickson,kstein@example.com,53,Male,Professional Services,Australia & New Zealand,201-500,Enterprise,2020-03-29
CUST04276,Randy Ingram,kstone@example.com,35,Male,Healthcare,North America,51-200,Standard,2019-11-26
CUST04277,Deborah Montoya,kthompson@example.org,34,Female,Retail,Asia-Pacific,51-200,Premium,2020-06-24
CUST04278,David Ramos,kthornton@example.com,52,Male,Other,Australia & New Zealand,501-1000,Premium,2020-07-08
CUST04279,John Moore,kurt86@example.com,24,Other,Manufacturing,Australia & New Zealand,51-200,Standard,2020-12-27
CUST04280,Jason Mercado,kurt94@example.net,36,Male,Media & Communications,Australia & New Zealand,51-200,Enterprise,2021-07-19
CUST04281,Tiffany Williams,kvaldez@example.net,32,Female,Technology,Australia & New Zealand,51-200,Standard,2019-09-07
CUST04282,Ryan Taylor,kvasquez@example.com,67,Other,Professional Services,Australia & New Zealand,11-50,Enterprise,2021-05-27
CUST04283,Yvonne Aguilar,kvasquez@example.org,50,Female,Healthcare,Australia & New Zealand,11-50,Standard,2021-06-02
CUST04284,Alyssa Bryant,kvelazquez@example.com,25,Female,Professional Services,Asia-Pacific,51-200,Premium,2020-08-09
CUST04285,Mark Moreno,kward@example.org,69,Male,Technology,Australia & New Zealand,51-200,Enterprise,2020-07-01
CUST04286,Jonathan Cook,kwaters@example.com,46,Male,Technology,North America,51-200,Standard,2021-06-01
CUST04287,Jennifer Thomas,kwaters@example.org,34,Male,Healthcare,Australia & New Zealand,1000+,Premium,2020-01-16
CUST04288,Gabriel Johnson,kwebster@example.com,69,Male,Technology,North America,11-50,Enterprise,2019-12-11
CUST04289,Matthew Carpenter,kwells@example.net,33,Other,Education,North America,1000+,Premium,2021-04-19
CUST04290,Morgan Cuevas,kwiley@example.org,55,Male,Professional Services,North America,1000+,Enterprise,2018-12-07
CUST04291,Richard Bell,kwilkinson@example.org,66,Male,Technology,North America,11-50,Free,2020-05-11
CUST04292,Bradley Parrish,kwilson@example.net,22,Male,Media & Communications,Australia & New Zealand,51-200,Premium,2020-04-05
CUST04293,Scott Smith,kwinters@example.net,64,Other,Healthcare,Asia-Pacific,1-10,Free,2020-06-05
CUST04294,Paul Davis,kwolf@example.org,70,Other,Government & Public Sector,Europe,51-200,Free,2019-05-15
CUST04295,Kelly Henderson,kyle05@example.com,18,Male,Healthcare,Australia & New Zealand,51-200,Enterprise,2020-05-10
CUST04296,Christine Nelson,kyle09@example.org,34,Female,Manufacturing,Australia & New Zealand,51-200,Standard,2020-07-21
CUST04297,Tina Rocha,kyle21@example.com,25,Female,Media & Communications,Europe,501-1000,Free,2019-12-05
CUST04298,Matthew Thompson,kyle39@example.net,33,Female,Financial Services,Other,201-500,Premium,2019-12-30
CUST04299,Anthony Martin,kyle46@example.org,55,Other,Retail,Australia & New Zealand,51-200,Standard,2020-11-23
CUST04300,Kristin Foster,kyle49@example.org,44,Female,Media & Communications,North America,201-500,Free,2019-05-10
CUST04301,Karen Collins,kyle57@example.net,31,Female,Healthcare,North America,201-500,Premium,2020-03-06
CUST04302,Janet Chan,kyle65@example.com,68,Female,Technology,Asia-Pacific,51-200,Premium,2020-05-14
CUST04303,Rhonda Gray,kyle68@example.org,47,Other,Healthcare,Australia & New Zealand,51-200,Premium,2021-07-30
CUST04304,Mr. Sean Parker,kyle86@example.com,22,Other,Other,North America,11-50,Standard,2021-02-04
CUST04305,Sara Cortez,kyle89@example.com,70,Female,Education,Other,1000+,Free,2020-03-18
CUST04306,Gary Smith,kylecamacho@example.com,28,Male,Healthcare,Australia & New Zealand,51-200,Standard,2021-02-17
CUST04307,Alexander Duarte,kylecarter@example.com,68,Male,Technology,Europe,201-500,Premium,2021-07-02
CUST04308,Matthew Villanueva,kylehawkins@example.com,53,Other,Financial Services,Australia & New Zealand,51-200,Free,2021-06-17
CUST04309,Claire Long MD,kylerodriguez@example.net,59,Other,Manufacturing,Asia-Pacific,1-10,Enterprise,2020-07-10
CUST04310,Brittany Marshall,kylie70@example.org,47,Other,Financial Services,Australia & New Zealand,1-10,Standard,2019-12-03
CUST04311,Mary Clements,lacey33@example.org,55,Male,Education,Europe,201-500,Standard,2019-03-03
CUST04312,Melissa Mueller,lambertderrick@example.org,70,Male,Technology,Australia & New Zealand,51-200,Premium,2020-10-16
CUST04313,Francisco Harris,lance60@example.com,26,Female,Retail,North America,1000+,Premium,2020-03-31
CUST04314,Samuel Chen,lancechen@example.org,65,Other,Education,Europe,51-200,Premium,2020-06-02
CUST04315,Michael Oconnor,landerson@example.com,26,Male,Retail,Australia & New Zealand,1000+,Premium,2020-11-19
CUST04316,Heather Raymond,landerson@example.net,18,Male,Professional Services,Europe,1000+,Premium,2020-07-28
CUST04317,Richard Wallace,landrade@example.org,21,Male,Education,Australia & New Zealand,51-200,Enterprise,2020-06-12
CUST04318,Kimberly Crosby,landrews@example.org,52,Male,Technology,Other,201-500,Standard,2021-07-25
CUST04319,Nicholas Williams,landryshawn@example.com,25,Female,Manufacturing,Asia-Pacific,201-500,Standard,2020-12-04
CUST04320,Brian Santos,laneaustin@example.org,20,Male,Professional Services,Australia & New Zealand,201-500,Premium,2020-06-23
CUST04321,Kelly Velasquez,laneblake@example.org,45,Male,Technology,Australia & New Zealand,51-200,Free,2020-04-04
CUST04322,Lauren Carlson,laneraymond@example.org,59,Male,Retail,Europe,201-500,Standard,2020-05-26
CUST04323,Luke Stewart,langrobert@example.com,20,Other,Media & Communications,Europe,51-200,Standard,2020-05-26
CUST04324,Jennifer Edwards,laraamanda@example.com,40,Female,Education,North America,201-500,Premium,2019-07-17
CUST04325,Andrew Hudson,larry12@example.org,21,Male,Media & Communications,Australia & New Zealand,11-50,Enterprise,2020-04-12
CUST04326,Joshua Peters,larry32@example.com,19,Other,Technology,Europe,201-500,Standard,2020-11-20
CUST04327,Ronald Davis,larry36@example.net,62,Other,Other,Other,1-10,Enterprise,2020-01-11
CUST04328,Andrew Murphy,larry43@example.org,25,Other,Technology,Australia & New Zealand,1-10,Premium,2019-04-12
CUST04329,Frederick Cruz,larrymay@example.com,38,Female,Education,North America,501-1000,Premium,2020-05-03
CUST04330,Amy Rodriguez,larryparker@example.com,29,Female,Healthcare,Australia & New Zealand,11-50,Standard,2019-02-28
CUST04331,Michael Ruiz,larsonchristine@example.net,32,Male,Retail,North America,11-50,Standard,2020-08-17
CUST04332,Timothy Morgan,larsonpamela@example.net,39,Other,Professional Services,North America,1000+,Standard,2020-02-22
CUST04333,Sarah Parks,latoya35@example.org,67,Other,Government & Public Sector,Europe,51-200,Standard,2020-06-06
CUST04334,Caitlin Marsh,latoyarobinson@example.net,20,Female,Technology,Other,1000+,Enterprise,2021-09-17
CUST04335,Amanda Lewis,laura05@example.com,48,Male,Media & Communications,Asia-Pacific,51-200,Enterprise,2020-12-26
CUST04336,Traci Dominguez,laura13@example.com,36,Female,Technology,Australia & New Zealand,1-10,Enterprise,2021-03-31
CUST04337,David Eaton,laura19@example.com,18,Other,Technology,North America,201-500,Enterprise,2020-02-20
CUST04338,Donald Gibbs,laura33@example.org,34,Other,Technology,North America,201-500,Premium,2020-06-26
CUST04339,Derek King,laura36@example.com,67,Male,Healthcare,Europe,51-200,Free,2020-04-19
CUST04340,Suzanne Patton,laura40@example.org,44,Male,Technology,Australia & New Zealand,11-50,Enterprise,2019-01-22
CUST04341,Michael Warren,laura46@example.org,44,Female,Retail,North America,51-200,Enterprise,2020-04-06
CUST04342,Catherine Atkins,laura58@example.net,20,Female,Healthcare,Australia & New Zealand,11-50,Premium,2021-06-18
CUST04343,William Hawkins,laura68@example.org,45,Other,Retail,Australia & New Zealand,1000+,Standard,2020-04-14
CUST04344,Marissa Werner,laura83@example.org,44,Male,Financial Services,North America,501-1000,Enterprise,2020-09-26
CUST04345,Dominique Burke,laurabrandt@example.org,60,Other,Technology,North America,1000+,Enterprise,2020-12-12
CUST04346,Kenneth Harrison,lauracook@example.org,18,Male,Professional Services,North America,1-10,Standard,2019-05-01
CUST04347,Timothy Hall,lauracox@example.com,36,Female,Other,Australia & New Zealand,51-200,Enterprise,2020-09-21
CUST04348,Curtis Huff,lauracruz@example.com,69,Other,Financial Services,North America,11-50,Standard,2020-12-19
CUST04349,Michael Long,lauracummings@example.net,67,Female,Retail,Australia & New Zealand,51-200,Standard,2021-04-06
CUST04350,Stephen Lopez,lauradavis@example.net,62,Other,Technology,North America,201-500,Free,2020-03-11
CUST04351,John Jones,lauragates@example.com,46,Female,Technology,Australia & New Zealand,201-500,Standard,2020-04-11
CUST04352,Phillip Harris,laurahall@example.net,41,Male,Education,Europe,201-500,Enterprise,2020-10-11
CUST04353,Edward French,lauraholloway@example.org,69,Other,Retail,Asia-Pacific,11-50,Standard,2021-07-28
CUST04354,Mitchell Knight,laurajackson@example.org,25,Male,Financial Services,North America,1000+,Premium,2019-10-16
CUST04355,Robert Adams,lauramacias@example.com,61,Female,Government & Public Sector,North America,11-50,Standard,2020-09-19
CUST04356,Anthony Smith,lauramartinez@example.com,49,Female,Government & Public Sector,North America,201-500,Standard,2020-12-21
CUST04357,Andrew Palmer,lauramorrison@example.com,58,Female,Technology,Europe,201-500,Enterprise,2021-01-08
CUST04358,Brianna Barajas,laurapeterson@example.com,29,Other,Manufacturing,Australia & New Zealand,1-10,Standard,2019-01-26
CUST04359,Natalie Norris,lauren04@example.com,42,Male,Technology,North America,51-200,Premium,2019-12-27
CUST04360,Bailey Black,lauren07@example.com,66,Other,Professional Services,Europe,501-1000,Free,2020-05-30
CUST04361,Emily Young,lauren29@example.net,24,Male,Healthcare,Asia-Pacific,201-500,Premium,2019-07-27
CUST04362,Evan Mcdaniel,lauren56@example.org,41,Female,Professional Services,North America,1-10,Standard,2020-01-02
CUST04363,Connie Obrien,lauren58@example.net,58,Male,Media & Communications,Australia & New Zealand,51-200,Free,2019-09-07
CUST04364,Patricia Oconnor,lauren79@example.org,53,Other,Retail,Asia-Pacific,11-50,Premium,2021-03-26
CUST04365,Jordan Lynch,lauren80@example.com,26,Other,Government & Public Sector,Asia-Pacific,201-500,Free,2020-04-25
CUST04366,Brittany Martin,lauren97@example.net,51,Male,Technology,Other,11-50,Free,2020-10-07
CUST04367,Christopher Davis,laurenberger@example.com,41,Female,Government & Public Sector,North America,501-1000,Enterprise,2020-08-10
CUST04368,David Aguilar,laurenbrown@example.net,48,Male,Manufacturing,North America,1000+,Standard,2018-12-15
CUST04369,Crystal Young,laurenhoward@example.com,49,Female,Healthcare,Australia & New Zealand,51-200,Premium,2020-02-28
CUST04370,John Cummings,laurenjohnson@example.com,65,Female,Media & Communications,North America,501-1000,Free,2020-11-03
CUST04371,Brian Pitts,laurennewman@example.net,56,Male,Retail,Other,51-200,Free,2019-12-08
CUST04372,Shannon Smith,laurenrodriguez@example.net,22,Male,Technology,North America,501-1000,Standard,2021-01-21
CUST04373,Karen Smith,laurenthompson@example.com,19,Female,Technology,North America,1000+,Premium,2019-03-03
CUST04374,Keith Church,lauriecooper@example.com,30,Female,Education,Asia-Pacific,51-200,Free,2021-01-17
CUST04375,Gina Hooper,lauriecooper@example.org,27,Male,Financial Services,Europe,51-200,Standard,2021-06-03
CUST04376,Kevin Welch,lauriehowe@example.org,57,Male,Professional Services,North America,501-1000,Premium,2020-02-29
CUST04377,Steve Williams,laurieritter@example.org,50,Male,Technology,Asia-Pacific,11-50,Standard,2021-09-25
CUST04378,Jeffrey Lyons,lauriescott@example.com,68,Male,Education,North America,1-10,Standard,2020-11-02
CUST04379,Roberto Young,lawrence66@example.com,41,Male,Professional Services,Australia & New Zealand,501-1000,Premium,2020-04-18
CUST04380,Jerry Walls,lawrencecarter@example.org,59,Male,Healthcare,Australia & New Zealand,1000+,Free,2020-05-24
CUST04381,Monica White,lawrencecharles@example.com,28,Male,Technology,Australia & New Zealand,51-200,Standard,2020-11-18
CUST04382,Susan Morrison,lawrencekhan@example.org,20,Female,Technology,Australia & New Zealand,51-200,Premium,2019-08-19
CUST04383,Matthew Peters,lawrencestephen@example.net,34,Other,Technology,Australia & New Zealand,51-200,Standard,2019-03-06
CUST04384,Amber Chapman,lawrencewilliam@example.org,18,Male,Government & Public Sector,Australia & New Zealand,201-500,Free,2021-07-30
CUST04385,Andrea Cruz,lawsonkevin@example.com,62,Male,Healthcare,Australia & New Zealand,1000+,Free,2020-08-07
CUST04386,Michael Blanchard,lbarker@example.com,22,Other,Manufacturing,North America,11-50,Standard,2020-10-06
CUST04387,Norman Walters,lbarrett@example.net,67,Male,Technology,Europe,51-200,Standard,2020-07-23
CUST04388,John Cuevas,lbarron@example.org,19,Male,Financial Services,Australia & New Zealand,11-50,Standard,2020-10-01
CUST04389,Rebekah Lee,lbates@example.com,59,Male,Media & Communications,Australia & New Zealand,51-200,Premium,2020-03-07
CUST04390,Erik Vaughan,lbauer@example.net,31,Male,Financial Services,North America,1-10,Premium,2018-10-26
CUST04391,Timothy Watson,lbaxter@example.com,46,Female,Professional Services,Australia & New Zealand,51-200,Enterprise,2019-07-25
CUST04392,Teresa Medina,lbeck@example.org,49,Other,Professional Services,Australia & New Zealand,11-50,Standard,2020-02-26
CUST04393,James Rodriguez,lbennett@example.com,60,Female,Education,Australia & New Zealand,51-200,Standard,2019-11-15
CUST04394,Ryan Miller,lbrewer@example.com,63,Female,Technology,Asia-Pacific,11-50,Standard,2019-10-19
CUST04395,Michael Murphy,lbrooks@example.org,58,Female,Other,North America,501-1000,Premium,2020-04-06
CUST04396,Victoria Warren,lbryan@example.com,33,Female,Retail,Australia & New Zealand,11-50,Standard,2019-01-20
CUST04397,Travis Wallace,lburns@example.com,37,Other,Government & Public Sector,North America,51-200,Premium,2020-04-24
CUST04398,Kathryn Hunter,lbutler@example.org,45,Female,Retail,Other,11-50,Standard,2019-12-21
CUST04399,Terry Young,lcamacho@example.org,40,Female,Technology,Asia-Pacific,501-1000,Premium,2019-07-21
CUST04400,Allison Knapp,lcarter@example.net,57,Male,Other,Asia-Pacific,51-200,Standard,2019-10-05
CUST04401,Brendan May,lcrosby@example.org,46,Other,Media & Communications,Other,51-200,Standard,2019-05-01
CUST04402,Jamie Oneill,ldavis@example.com,45,Other,Manufacturing,Asia-Pacific,51-200,Free,2021-12-05
CUST04403,Angel Briggs,lday@example.org,69,Female,Healthcare,Europe,11-50,Premium,2020-02-26
CUST04404,Robert Palmer,leah45@example.net,54,Other,Technology,Other,1-10,Standard,2019-12-07
CUST04405,Kimberly Adams,leahhampton@example.com,29,Other,Other,Asia-Pacific,11-50,Premium,2019-08-25
CUST04406,Mary Avila,leahmalone@example.org,51,Female,Technology,Australia & New Zealand,1000+,Standard,2020-12-23
CUST04407,Mr. Jason Sullivan,leblancjacqueline@example.com,24,Female,Technology,Australia & New Zealand,11-50,Premium,2020-06-30
CUST04408,Terry Miller,lee05@example.com,32,Male,Professional Services,North America,51-200,Standard,2020-07-30
CUST04409,Stephanie Hughes,leeandrew@example.com,41,Male,Professional Services,Australia & New Zealand,11-50,Standard,2021-08-09
CUST04410,Anne Benitez,leechristine@example.org,62,Female,Education,Europe,51-200,Free,2020-08-27
CUST04411,Miranda Wilkins,leejanet@example.org,58,Male,Retail,Europe,1-10,Premium,2019-09-22
CUST04412,Terry Buchanan,leejennifer@example.com,66,Female,Manufacturing,Other,1-10,Premium,2020-05-21
CUST04413,Michael Ward,leejohn@example.com,22,Male,Other,North America,501-1000,Standard,2020-01-08
CUST04414,Beth Chaney,leejulie@example.org,56,Other,Media & Communications,Australia & New Zealand,501-1000,Premium,2019-10-06
CUST04415,Rachel Garza,leekaren@example.net,29,Other,Government & Public Sector,Europe,1-10,Standard,2019-10-30
CUST04416,Vincent Jones,leekyle@example.net,56,Female,Other,North America,51-200,Standard,2020-04-21
CUST04417,Glenn Flores,leelisa@example.net,37,Male,Retail,North America,1-10,Premium,2021-05-02
CUST04418,Shannon Walsh,leemichael@example.net,63,Other,Financial Services,Australia & New Zealand,1-10,Free,2019-07-24
CUST04419,Suzanne Brown,leemma@example.org,64,Female,Technology,Australia & New Zealand,51-200,Enterprise,2021-03-28
CUST04420,Mrs. Debra Davis,leerachel@example.com,24,Female,Technology,Australia & New Zealand,501-1000,Standard,2021-08-27
CUST04421,James Thompson,leethomas@example.org,62,Female,Retail,Europe,1000+,Premium,2020-05-13
CUST04422,John Strickland,leewilliams@example.net,32,Female,Government & Public Sector,North America,51-200,Premium,2020-06-14
CUST04423,David Griffin,leonardjane@example.com,44,Male,Healthcare,Australia & New Zealand,1-10,Premium,2019-06-20
CUST04424,Jacqueline Harmon,leoncrystal@example.net,67,Female,Retail,Asia-Pacific,11-50,Free,2020-02-14
CUST04425,Melissa Hobbs,leonthomas@example.org,34,Male,Government & Public Sector,Asia-Pacific,1000+,Standard,2020-03-13
CUST04426,Christina Banks,leslie19@example.net,30,Female,Healthcare,North America,1-10,Standard,2020-10-23
CUST04427,Eric Stone,leslie69@example.com,47,Female,Education,Other,51-200,Standard,2019-02-18
CUST04428,Gina Cherry,leslie80@example.com,64,Male,Manufacturing,North America,201-500,Free,2020-07-05
CUST04429,Dr. Christian Morris,leslielynch@example.com,35,Other,Media & Communications,Australia & New Zealand,1000+,Premium,2020-04-12
CUST04430,Mr. Roberto Marquez,lesliethompson@example.org,25,Male,Government & Public Sector,North America,501-1000,Premium,2021-02-20
CUST04431,Todd Johnson,lestermary@example.net,24,Male,Media & Communications,Europe,51-200,Free,2019-08-15
CUST04432,Anna Velasquez,levinethomas@example.net,67,Other,Professional Services,Australia & New Zealand,51-200,Free,2020-12-17
CUST04433,Spencer Fischer,levycharles@example.net,68,Other,Other,Australia & New Zealand,201-500,Enterprise,2021-01-06
CUST04434,Robin Roth,lewisalbert@example.com,43,Other,Education,North America,51-200,Standard,2021-02-21
CUST04435,Jonathan Gonzales,lewisangela@example.org,33,Other,Technology,Australia & New Zealand,51-200,Free,2020-11-14
CUST04436,Brianna Morgan,lewiscourtney@example.net,30,Other,Healthcare,Australia & New Zealand,201-500,Free,2019-12-25
CUST04437,Tyrone Rodriguez,lewisheather@example.net,58,Female,Professional Services,Australia & New Zealand,1-10,Free,2020-05-26
CUST04438,Kayla Stark,lewisjames@example.net,57,Female,Education,North America,201-500,Standard,2020-04-30
CUST04439,Kelli Strong,lewismargaret@example.org,53,Male,Media & Communications,North America,51-200,Free,2019-04-30
CUST04440,Travis Anderson,lewisroy@example.org,70,Female,Retail,North America,11-50,Premium,2021-10-05
CUST04441,Stephanie Harris,lewisstacey@example.org,38,Other,Professional Services,Europe,51-200,Standard,2019-04-11
CUST04442,Allen Sosa,lfisher@example.net,39,Other,Technology,Europe,1000+,Standard,2020-06-29
CUST04443,Joseph Daniels,lfoster@example.org,60,Male,Retail,Europe,11-50,Standard,2019-12-27
CUST04444,Shelia Carr,lgarcia@example.com,69,Female,Retail,Asia-Pacific,501-1000,Premium,2021-01-11
CUST04445,Amy Martin,lgardner@example.net,40,Female,Technology,Asia-Pacific,51-200,Standard,2020-01-28
CUST04446,Debra Peterson,lgarrett@example.org,60,Other,Professional Services,North America,201-500,Premium,2019-05-15
CUST04447,Lisa Rodriguez,lgregory@example.org,33,Female,Media & Communications,North America,1-10,Standard,2019-09-18
CUST04448,Terry Ortega,lgriffin@example.net,45,Female,Government & Public Sector,Europe,501-1000,Free,2019-11-26
CUST04449,Ryan Hayes,lhamilton@example.org,63,Male,Healthcare,Europe,11-50,Enterprise,2019-10-13
CUST04450,Nicole Anderson,lhernandez@example.net,19,Female,Media & Communications,North America,51-200,Premium,2020-05-29
CUST04451,Erin Bauer MD,lherrera@example.com,35,Male,Education,Other,51-200,Standard,2019-02-08
CUST04452,Thomas Wright,lhess@example.org,18,Female,Financial Services,Europe,11-50,Premium,2019-01-30
CUST04453,Tracey Morrow,lhuynh@example.net,39,Other,Professional Services,North America,11-50,Free,2019-09-13
CUST04454,Lori Warren,linda25@example.com,63,Other,Professional Services,North America,51-200,Premium,2018-12-10
CUST04455,Brandon Lawrence,linda39@example.com,61,Other,Healthcare,Europe,201-500,Standard,2019-11-08
CUST04456,Jeffrey Martinez,linda39@example.org,20,Other,Education,Asia-Pacific,11-50,Standard,2021-03-07
CUST04457,Kyle Smith,linda55@example.org,25,Female,Healthcare,Australia & New Zealand,201-500,Free,2019-05-20
CUST04458,Julie Ramirez,linda59@example.org,57,Female,Media & Communications,Asia-Pacific,11-50,Standard,2021-02-06
CUST04459,Steven Richardson,linda74@example.org,47,Male,Professional Services,Asia-Pacific,501-1000,Free,2020-08-27
CUST04460,Marissa Mccarthy,lindaesparza@example.net,44,Other,Technology,Other,1-10,Standard,2019-04-30
CUST04461,Donna Garcia,lindaflores@example.net,61,Female,Manufacturing,Australia & New Zealand,51-200,Standard,2020-11-24
CUST04462,Ernest Mclean,lindagomez@example.org,53,Male,Manufacturing,North America,51-200,Enterprise,2020-06-12
CUST04463,James Russell,lindahensley@example.com,65,Other,Financial Services,Australia & New Zealand,1-10,Premium,2020-05-07
CUST04464,Dr. David Powers DVM,lindalynch@example.net,18,Other,Professional Services,Asia-Pacific,11-50,Enterprise,2020-07-07
CUST04465,Richard Smith,lindamartinez@example.org,28,Female,Retail,Europe,11-50,Standard,2020-03-23
CUST04466,Linda Dixon,lindamoore@example.net,50,Male,Technology,North America,1000+,Standard,2018-12-31
CUST04467,Kristie Edwards,lindaparker@example.com,43,Other,Professional Services,Australia & New Zealand,501-1000,Standard,2020-09-23
CUST04468,Jason Wilson,lindapeterson@example.com,52,Other,Manufacturing,North America,11-50,Premium,2020-02-26
CUST04469,Jose Pena,lindaroberts@example.org,54,Male,Professional Services,Australia & New Zealand,501-1000,Premium,2019-12-02
CUST04470,Heather Castro,lindaschneider@example.com,54,Female,Healthcare,Australia & New Zealand,51-200,Standard,2019-07-10
CUST04471,Jennifer Perez,lindatyler@example.net,68,Female,Financial Services,Australia & New Zealand,501-1000,Enterprise,2020-10-08
CUST04472,Adam Hamilton,lindonna@example.org,59,Male,Other,Asia-Pacific,11-50,Premium,2019-08-13
CUST04473,Crystal Roy,lindsay07@example.org,44,Other,Manufacturing,North America,51-200,Standard,2021-02-18
CUST04474,Elizabeth Smith,lindsay20@example.org,63,Male,Retail,Asia-Pacific,201-500,Standard,2019-12-05
CUST04475,Jessica Martinez,lindsay57@example.net,54,Other,Government & Public Sector,Asia-Pacific,11-50,Premium,2021-03-13
CUST04476,Joshua Blair,lindsay70@example.net,32,Other,Government & Public Sector,North America,51-200,Free,2020-04-02
CUST04477,Amber Palmer,lindsayjohnson@example.net,20,Male,Retail,Europe,51-200,Enterprise,2020-01-04
CUST04478,Jeremy Booker,lindsaywhite@example.org,63,Other,Media & Communications,Asia-Pacific,1-10,Enterprise,2019-09-03
CUST04479,Timothy Blanchard,lindsey25@example.com,30,Male,Manufacturing,Europe,1-10,Enterprise,2020-04-22
CUST04480,Caitlyn Sullivan,lindsey31@example.org,40,Other,Media & Communications,North America,501-1000,Premium,2020-08-18
CUST04481,Valerie Kane,lindsey36@example.org,69,Female,Media & Communications,Europe,201-500,Enterprise,2020-04-05
CUST04482,Nicholas Henderson,lindsey54@example.org,29,Female,Education,North America,201-500,Premium,2021-01-28
CUST04483,Steven Martin,lindseypeters@example.net,51,Female,Retail,Asia-Pacific,501-1000,Free,2020-05-09
CUST04484,Mark Robinson,lindseywallace@example.net,48,Female,Education,Australia & New Zealand,201-500,Enterprise,2019-11-30
CUST04485,Omar Lopez,lisa03@example.com,64,Other,Professional Services,Europe,51-200,Standard,2021-04-22
CUST04486,Donna Harris,lisa07@example.net,48,Female,Education,Europe,1-10,Free,2020-07-19
CUST04487,Lisa Douglas,lisa08@example.net,68,Female,Financial Services,Australia & New Zealand,201-500,Free,2020-11-08
CUST04488,Samantha Hall,lisa12@example.net,66,Female,Technology,Europe,501-1000,Standard,2020-08-09
CUST04489,Sharon Rodriguez,lisa17@example.net,32,Female,Education,Australia & New Zealand,1-10,Enterprise,2021-04-03
CUST04490,Melissa Cook,lisa19@example.org,55,Male,Retail,Asia-Pacific,11-50,Premium,2021-01-17
CUST04491,Mary Larson,lisa21@example.org,33,Male,Media & Communications,Australia & New Zealand,201-500,Premium,2020-02-18
CUST04492,Donna Fisher,lisa32@example.org,34,Male,Healthcare,Australia & New Zealand,51-200,Premium,2019-04-29
CUST04493,Evelyn Garcia,lisa33@example.net,43,Other,Professional Services,Europe,1000+,Standard,2021-11-07
CUST04494,Daniel Robles,lisa39@example.com,33,Other,Retail,Asia-Pacific,1-10,Standard,2019-12-06
CUST04495,John Fox,lisa45@example.net,49,Male,Financial Services,North America,51-200,Free,2019-04-14
CUST04496,Christian Robertson,lisa62@example.com,43,Female,Technology,North America,11-50,Premium,2020-06-01
CUST04497,Angela Adams,lisa64@example.org,28,Female,Education,North America,51-200,Standard,2020-06-21
CUST04498,Allison Hartman,lisa70@example.com,69,Female,Manufacturing,North America,11-50,Free,2020-04-21
CUST04499,Kim Sullivan,lisa79@example.net,31,Other,Education,North America,1-10,Free,2019-10-19
CUST04500,Samuel Hogan,lisa84@example.com,59,Male,Technology,Asia-Pacific,11-50,Standard,2019-08-19
CUST04501,Andrew Alvarado,lisa84@example.net,62,Other,Government & Public Sector,Australia & New Zealand,11-50,Standard,2019-12-02
CUST04502,Daniel Johnson,lisa89@example.com,20,Female,Professional Services,Other,201-500,Standard,2020-10-26
CUST04503,Joshua Swanson,lisa92@example.net,68,Male,Financial Services,Europe,51-200,Premium,2020-10-17
CUST04504,Robert Black,lisa93@example.com,22,Male,Media & Communications,Australia & New Zealand,11-50,Standard,2021-03-17
CUST04505,Nicole Boyd,lisa94@example.org,23,Male,Media & Communications,North America,201-500,Premium,2019-06-10
CUST04506,George Smith,lisa97@example.net,65,Other,Technology,Europe,501-1000,Free,2021-06-23
CUST04507,Stephanie Velasquez,lisaalexander@example.net,50,Other,Retail,North America,1-10,Enterprise,2019-12-22
CUST04508,Carol Norris,lisaarcher@example.net,42,Male,Healthcare,Australia & New Zealand,1000+,Enterprise,2020-04-08
CUST04509,David Morgan,lisaberg@example.com,43,Other,Government & Public Sector,Other,1-10,Free,2020-01-06
CUST04510,Stephanie Bowman,lisabradley@example.com,62,Female,Retail,North America,1-10,Premium,2019-11-29
CUST04511,Courtney Mendoza,lisacaldwell@example.com,62,Male,Professional Services,Asia-Pacific,11-50,Standard,2021-01-12
CUST04512,Kevin Jennings,lisadean@example.com,32,Other,Professional Services,Australia & New Zealand,1-10,Enterprise,2020-10-23
CUST04513,Phillip Barnett,lisagates@example.com,33,Female,Professional Services,Australia & New Zealand,1-10,Enterprise,2020-05-07
CUST04514,Christopher Clark,lisageorge@example.org,41,Male,Technology,Asia-Pacific,1-10,Standard,2020-11-27
CUST04515,April Johnson,lisahale@example.org,57,Other,Financial Services,North America,501-1000,Enterprise,2019-02-20
CUST04516,Virginia Miller,lisahamilton@example.com,56,Other,Financial Services,North America,51-200,Premium,2020-12-26
CUST04517,Andrew Williams,lisajohnson@example.com,20,Female,Media & Communications,Asia-Pacific,201-500,Enterprise,2021-03-23
CUST04518,Amanda Davis,lisamorales@example.net,42,Female,Manufacturing,Other,51-200,Free,2020-04-16
CUST04519,Jacob Hayden,lisanichols@example.org,20,Male,Government & Public Sector,North America,11-50,Premium,2020-10-01
CUST04520,Randy Holmes,lisaorozco@example.com,55,Female,Professional Services,Europe,51-200,Premium,2020-09-02
CUST04521,Patricia Wu,lisaortiz@example.com,56,Male,Professional Services,Europe,1000+,Enterprise,2020-06-06
CUST04522,Leah Riley,lisapena@example.net,18,Other,Technology,Asia-Pacific,11-50,Standard,2020-10-19
CUST04523,Melanie Cole,lisapoole@example.com,55,Male,Other,Europe,11-50,Premium,2020-10-06
CUST04524,Brenda Jones,lisaprice@example.org,22,Other,Healthcare,Asia-Pacific,51-200,Premium,2020-08-18
CUST04525,Troy Hall,lisarocha@example.net,51,Male,Manufacturing,Australia & New Zealand,51-200,Enterprise,2019-09-28
CUST04526,Brenda Beard,lisasalinas@example.com,31,Other,Government & Public Sector,North America,201-500,Standard,2020-08-10
CUST04527,Frank Serrano,lisaserrano@example.net,54,Female,Education,Asia-Pacific,501-1000,Standard,2020-04-30
CUST04528,Mr. Jacob Mendoza,lisathomas@example.net,27,Male,Education,Australia & New Zealand,51-200,Premium,2020-04-13
CUST04529,Catherine Miller,lisawalker@example.org,25,Other,Professional Services,Asia-Pacific,501-1000,Enterprise,2019-06-02
CUST04530,Peggy Clark,lisawhite@example.com,54,Female,Government & Public Sector,North America,201-500,Standard,2020-01-18
CUST04531,Sara Bonilla,littleadam@example.net,21,Other,Healthcare,Europe,1000+,Standard,2020-04-07
CUST04532,Lauren Maddox,littlephyllis@example.net,27,Female,Technology,Asia-Pacific,201-500,Free,2020-02-26
CUST04533,Mark Nguyen,liualisha@example.net,45,Other,Retail,Asia-Pacific,51-200,Free,2021-10-10
CUST04534,Susan Adkins,liumatthew@example.com,26,Female,Technology,North America,51-200,Free,2021-01-03
CUST04535,Christian Glenn,livingstonjennifer@example.com,45,Other,Financial Services,Australia & New Zealand,11-50,Free,2020-03-24
CUST04536,Stephanie Wright,livingstontravis@example.com,28,Female,Manufacturing,Australia & New Zealand,1-10,Standard,2019-11-23
CUST04537,Teresa Lambert,ljenkins@example.com,22,Other,Healthcare,Australia & New Zealand,1-10,Standard,2020-09-22
CUST04538,Derek Hanson,ljohnson@example.com,49,Female,Government & Public Sector,Australia & New Zealand,51-200,Free,2021-04-28
CUST04539,Stephanie Nelson DVM,ljohnson@example.org,54,Female,Technology,Australia & New Zealand,11-50,Standard,2019-06-21
CUST04540,Eric Cervantes,ljones@example.com,26,Female,Government & Public Sector,Asia-Pacific,51-200,Standard,2019-07-23
CUST04541,Hector Glenn,ljones@example.net,28,Male,Professional Services,Europe,201-500,Enterprise,2020-05-23
CUST04542,Amanda Flores,lkelly@example.org,65,Other,Financial Services,Australia & New Zealand,1000+,Free,2019-09-20
CUST04543,Amy Garcia,lkent@example.com,67,Male,Other,North America,1-10,Premium,2019-04-19
CUST04544,Joshua Christensen,lkoch@example.org,51,Other,Technology,North America,11-50,Standard,2018-10-15
CUST04545,Amanda Simpson,llee@example.org,58,Other,Technology,North America,1-10,Enterprise,2019-07-04
CUST04546,Terri Bartlett,lleonard@example.com,70,Other,Financial Services,Europe,51-200,Enterprise,2020-05-30
CUST04547,Brian Kelly,llloyd@example.com,47,Male,Manufacturing,Asia-Pacific,201-500,Standard,2020-11-25
CUST04548,Nicole Lowe,lloydrebecca@example.com,59,Other,Retail,Europe,1000+,Standard,2019-06-09
CUST04549,Mary Ward,llutz@example.net,42,Male,Manufacturing,Australia & New Zealand,51-200,Enterprise,2018-11-06
CUST04550,Dustin Campbell,lmacdonald@example.com,53,Male,Healthcare,North America,11-50,Enterprise,2021-10-19
CUST04551,Anthony Adams,lmalone@example.com,25,Male,Other,Australia & New Zealand,51-200,Premium,2019-10-12
CUST04552,Brenda Kelly,lmiller@example.org,62,Female,Government & Public Sector,Other,11-50,Standard,2019-10-03
CUST04553,Rachel Mullen,lmoore@example.net,32,Other,Education,Asia-Pacific,11-50,Standard,2020-01-29
CUST04554,Alicia Bell,lmorales@example.com,21,Male,Media & Communications,Asia-Pacific,11-50,Standard,2021-02-05
CUST04555,Lauren Jones,lmurray@example.com,59,Other,Manufacturing,Europe,11-50,Premium,2020-02-27
CUST04556,Shannon Smith,lmurray@example.net,20,Male,Technology,Asia-Pacific,1-10,Enterprise,2019-03-17
CUST04557,Walter Frazier,lmyers@example.net,40,Female,Healthcare,Asia-Pacific,201-500,Premium,2020-12-14
CUST04558,Mark Diaz,logan89@example.org,50,Male,Education,Australia & New Zealand,11-50,Standard,2020-06-22
CUST04559,Virginia Schwartz,loganperry@example.net,18,Male,Technology,Asia-Pacific,11-50,Enterprise,2021-02-08
CUST04560,Victoria Arroyo,lolson@example.net,69,Female,Professional Services,Other,201-500,Premium,2020-08-09
CUST04561,Tracey Parker,longelizabeth@example.com,32,Female,Technology,Europe,1000+,Premium,2019-07-27
CUST04562,Kevin Gonzalez,longsharon@example.net,67,Male,Education,North America,1-10,Standard,2019-05-01
CUST04563,Erik Marquez,lonniemarsh@example.com,63,Other,Technology,North America,1000+,Enterprise,2021-08-23
CUST04564,William Mcdonald,lopezalexa@example.net,37,Female,Media & Communications,North America,201-500,Standard,2020-04-18
CUST04565,Todd Garrett,lopezannette@example.com,20,Female,Technology,Australia & New Zealand,51-200,Free,2021-07-10
CUST04566,Curtis Pearson,lopezbarbara@example.net,70,Male,Financial Services,Europe,201-500,Standard,2019-06-05
CUST04567,Nicholas Guzman,lopezbrendan@example.org,50,Female,Government & Public Sector,Asia-Pacific,501-1000,Premium,2020-11-08
CUST04568,Nicole Fisher,lopezcharles@example.org,25,Other,Professional Services,North America,501-1000,Premium,2019-10-22
CUST04569,Patrick Rhodes,lopezdaniel@example.org,64,Male,Financial Services,Asia-Pacific,51-200,Standard,2021-02-01
CUST04570,Terrance Turner,lopezdavid@example.net,64,Other,Technology,Asia-Pacific,11-50,Enterprise,2021-02-20
CUST04571,Michael Cole,lopezdenise@example.net,20,Female,Retail,Asia-Pacific,1-10,Standard,2019-02-10
CUST04572,Martha Lozano,lopezerica@example.com,22,Male,Media & Communications,North America,501-1000,Standard,2019-03-19
CUST04573,Destiny Johnson,lopezjoe@example.org,43,Other,Technology,North America,1000+,Premium,2019-02-26
CUST04574,Daniel Moyer,lopezmartha@example.org,32,Male,Government & Public Sector,Europe,1000+,Enterprise,2020-11-24
CUST04575,Jacob Robinson,lopezrichard@example.org,30,Female,Technology,Australia & New Zealand,201-500,Enterprise,2020-03-24
CUST04576,Michael Humphrey,lopezroger@example.net,21,Other,Education,Asia-Pacific,51-200,Standard,2020-01-31
CUST04577,Judy Joseph,lopezryan@example.com,26,Male,Technology,Australia & New Zealand,51-200,Standard,2020-05-15
CUST04578,Brooke Larson,lopezscott@example.net,44,Other,Media & Communications,Europe,51-200,Premium,2020-02-18
CUST04579,Janice Gilbert,lopeztyler@example.com,68,Male,Manufacturing,Australia & New Zealand,201-500,Standard,2020-12-26
CUST04580,Kathryn Burgess,lopezwendy@example.net,56,Other,Financial Services,North America,51-200,Free,2019-05-10
CUST04581,Jamie Campbell,lorettaatkins@example.net,35,Female,Healthcare,Asia-Pacific,1-10,Free,2020-10-10
CUST04582,Steven Davis MD,lori20@example.net,53,Other,Healthcare,Europe,51-200,Premium,2020-01-17
CUST04583,Joseph Donaldson,lori22@example.org,64,Other,Other,Australia & New Zealand,1-10,Enterprise,2021-08-07
CUST04584,Ann Avila,lori27@example.com,51,Other,Retail,North America,501-1000,Standard,2020-01-04
CUST04585,Yvonne Reynolds,lori37@example.net,26,Other,Education,Australia & New Zealand,11-50,Standard,2019-09-12
CUST04586,Walter Berry,lori45@example.org,57,Other,Technology,Australia & New Zealand,201-500,Standard,2018-10-10
CUST04587,Cody Bailey,lori66@example.com,30,Male,Technology,Asia-Pacific,201-500,Standard,2020-02-08
CUST04588,Amy White,lori95@example.org,22,Male,Technology,Australia & New Zealand,1-10,Standard,2020-04-16
CUST04589,Nicole Becker,lorigonzalez@example.net,24,Female,Technology,North America,201-500,Premium,2019-11-15
CUST04590,Madison Aguilar,lorimason@example.com,45,Other,Retail,Other,11-50,Premium,2019-08-18
CUST04591,Dana Ochoa,loriparker@example.com,25,Male,Manufacturing,North America,51-200,Free,2020-07-29
CUST04592,Jennifer Reyes,lorirobinson@example.net,18,Male,Manufacturing,Australia & New Zealand,501-1000,Standard,2019-12-22
CUST04593,Krista Brown,loriromero@example.com,52,Female,Financial Services,Australia & New Zealand,501-1000,Premium,2020-04-19
CUST04594,Kayla Ross,loriwatts@example.org,40,Female,Education,Australia & New Zealand,501-1000,Free,2019-12-14
CUST04595,Darren Kidd,lorraine84@example.com,44,Female,Manufacturing,Europe,1-10,Standard,2021-01-21
CUST04596,Danny Reilly,lortiz@example.com,18,Male,Technology,Europe,11-50,Standard,2020-03-22
CUST04597,John Lara,lortiz@example.net,70,Other,Education,North America,51-200,Free,2020-04-19
CUST04598,James Andrews,louistaylor@example.net,38,Female,Professional Services,Europe,51-200,Enterprise,2019-08-16
CUST04599,Nathaniel Walls,lovehunter@example.net,18,Female,Government & Public Sector,Australia & New Zealand,1000+,Premium,2019-10-24
CUST04600,David Cherry,lowetammy@example.net,63,Male,Retail,Asia-Pacific,501-1000,Enterprise,2020-05-09
CUST04601,Kimberly Baker,lpeters@example.net,70,Female,Media & Communications,North America,201-500,Free,2019-02-06
CUST04602,Debra Murray,lphillips@example.org,53,Male,Government & Public Sector,Asia-Pacific,51-200,Premium,2019-04-11
CUST04603,Crystal Bell,lroberts@example.com,64,Female,Financial Services,Other,51-200,Free,2019-09-20
CUST04604,Andrea Mccarthy,lroberts@example.org,65,Male,Technology,Australia & New Zealand,51-200,Standard,2020-10-07
CUST04605,Mallory Hill,lrodgers@example.org,22,Male,Manufacturing,Australia & New Zealand,51-200,Enterprise,2019-05-01
CUST04606,Shawn Ward,lrodriguez@example.net,55,Other,Retail,Asia-Pacific,51-200,Free,2020-10-20
CUST04607,Debbie Page,lsanchez@example.net,21,Female,Retail,North America,1000+,Standard,2019-10-17
CUST04608,William Butler,lschmidt@example.com,46,Other,Professional Services,Europe,1000+,Premium,2019-07-28
CUST04609,Robert Williams,lschmitt@example.net,57,Male,Manufacturing,North America,51-200,Premium,2021-07-25
CUST04610,Marcia Lewis,lshaffer@example.com,31,Male,Manufacturing,Australia & New Zealand,1-10,Free,2020-05-06
CUST04611,Cameron Kidd,lsmith@example.net,26,Female,Healthcare,Europe,51-200,Premium,2020-04-05
CUST04612,Gary Mora,ltaylor@example.net,49,Female,Professional Services,Australia & New Zealand,51-200,Enterprise,2020-12-17
CUST04613,Sara Vaughan,ltucker@example.com,39,Male,Financial Services,North America,11-50,Premium,2020-03-21
CUST04614,Tracy Griffith,lturner@example.org,66,Male,Manufacturing,Asia-Pacific,1000+,Free,2019-03-27
CUST04615,Bonnie Saunders,lucas32@example.com,47,Female,Technology,Europe,11-50,Standard,2019-05-13
CUST04616,Matthew Wong,lucasstone@example.com,57,Female,Education,Europe,1000+,Standard,2019-12-11
CUST04617,Brittany Rosales,lucasthomas@example.org,29,Female,Education,Europe,201-500,Premium,2020-12-11
CUST04618,Kathleen Love,lucerotimothy@example.com,34,Male,Technology,Australia & New Zealand,11-50,Premium,2021-01-04
CUST04619,Joann Hawkins,luis02@example.com,70,Other,Technology,Europe,51-200,Enterprise,2019-10-11
CUST04620,Christian Bell,luis29@example.net,27,Other,Retail,Other,51-200,Premium,2021-11-07
CUST04621,David Morrison,luis38@example.org,66,Female,Media & Communications,Other,51-200,Free,2020-09-17
CUST04622,Courtney Shaw,luis92@example.org,41,Female,Retail,North America,1000+,Premium,2019-12-05
CUST04623,Edgar Pratt,lukecastro@example.net,32,Male,Media & Communications,Europe,51-200,Premium,2020-11-10
CUST04624,Dr. John Mcbride,lukemontgomery@example.com,23,Male,Technology,Europe,1000+,Standard,2020-04-15
CUST04625,Patrick Willis,lunaalec@example.net,39,Male,Technology,Australia & New Zealand,1-10,Standard,2019-09-08
CUST04626,Daniel Reed,lunaandrew@example.com,27,Male,Technology,Europe,201-500,Premium,2021-06-16
CUST04627,Richard Howard,lwalters@example.org,65,Female,Technology,Australia & New Zealand,11-50,Premium,2020-09-07
CUST04628,Kathryn Torres,lwebb@example.net,67,Other,Professional Services,Australia & New Zealand,501-1000,Standard,2019-03-07
CUST04629,Sara Cox,lwest@example.net,24,Male,Financial Services,Other,11-50,Free,2019-04-02
CUST04630,Melissa Turner,lwilliams@example.com,19,Female,Other,Asia-Pacific,201-500,Premium,2020-05-18
CUST04631,Kimberly Mack,lwilliamson@example.net,27,Male,Technology,Asia-Pacific,501-1000,Standard,2020-01-11
CUST04632,Connie Tapia,lwong@example.org,31,Female,Technology,Asia-Pacific,1-10,Enterprise,2020-07-30
CUST04633,Heidi Wilkins,lyang@example.net,46,Other,Manufacturing,Europe,51-200,Premium,2020-11-14
CUST04634,Roger Lopez,lydia57@example.org,43,Male,Technology,Australia & New Zealand,501-1000,Enterprise,2020-02-03
CUST04635,Justin Wilkerson,lydiamitchell@example.org,31,Male,Technology,Europe,501-1000,Standard,2021-02-04
CUST04636,Tara Santos,lynchcody@example.net,36,Male,Technology,Asia-Pacific,51-200,Standard,2019-05-30
CUST04637,Miguel Hammond,lynchmelinda@example.com,41,Male,Manufacturing,Other,11-50,Premium,2020-01-29
CUST04638,Debbie Holt,lynn02@example.com,30,Other,Professional Services,North America,501-1000,Standard,2021-07-26
CUST04639,Wesley Henry,lynncooper@example.org,40,Other,Technology,Australia & New Zealand,51-200,Premium,2019-06-24
CUST04640,Tiffany Reid,lynnestrada@example.org,24,Female,Healthcare,Europe,51-200,Free,2020-07-24
CUST04641,Cynthia Stewart,lyonscrystal@example.org,18,Other,Healthcare,Europe,201-500,Enterprise,2019-06-14
CUST04642,Tom Mitchell,macdonaldlarry@example.net,24,Other,Professional Services,Australia & New Zealand,201-500,Free,2020-01-24
CUST04643,Leslie Gomez,maciascynthia@example.net,52,Other,Technology,North America,201-500,Free,2020-06-24
CUST04644,Regina Vincent,maciasjacob@example.com,33,Female,Professional Services,Asia-Pacific,11-50,Standard,2021-05-24
CUST04645,Sean Espinoza,maciaswilliam@example.net,48,Male,Healthcare,Other,1000+,Premium,2019-07-01
CUST04646,Tammy Hernandez,mackenzie60@example.org,70,Male,Healthcare,Europe,51-200,Premium,2020-07-14
CUST04647,Steve Park,madams@example.org,22,Other,Retail,North America,11-50,Free,2021-01-29
CUST04648,Kenneth Smith,maddenandrea@example.net,54,Female,Financial Services,Europe,201-500,Standard,2019-09-12
CUST04649,Veronica Carr,madeline57@example.org,33,Female,Professional Services,North America,11-50,Free,2021-08-18
CUST04650,Craig Hamilton,madison23@example.com,39,Male,Healthcare,North America,501-1000,Standard,2019-06-30
CUST04651,Michael Smith,madisonhampton@example.com,39,Female,Manufacturing,Other,1-10,Premium,2019-05-29
CUST04652,Christopher Jones,mahoneydavid@example.net,30,Other,Manufacturing,Australia & New Zealand,201-500,Free,2019-03-12
CUST04653,Dr. Tina Faulkner DVM,makayla71@example.net,40,Female,Education,Asia-Pacific,11-50,Enterprise,2021-03-11
CUST04654,Ryan Johnson,makaylawillis@example.org,33,Male,Manufacturing,Europe,51-200,Enterprise,2020-08-30
CUST04655,Erin Hunt,maldonadokaren@example.com,45,Male,Manufacturing,Europe,51-200,Standard,2020-03-25
CUST04656,Kyle Roy,maldonadosharon@example.org,28,Other,Other,North America,1-10,Standard,2020-09-18
CUST04657,Clarence David,malik59@example.org,48,Other,Technology,Europe,201-500,Standard,2020-06-06
CUST04658,Philip Randall,mallen@example.com,56,Female,Professional Services,Australia & New Zealand,1000+,Standard,2021-04-23
CUST04659,Stanley Smith,mallen@example.net,33,Female,Retail,Other,51-200,Premium,2019-09-18
CUST04660,Karen Gomez,mallen@example.org,46,Male,Healthcare,Europe,201-500,Premium,2020-06-10
CUST04661,Jill Glenn,malloryrogers@example.net,58,Male,Education,Australia & New Zealand,201-500,Premium,2021-01-22
CUST04662,Lori Perez,malonejames@example.org,70,Female,Technology,Australia & New Zealand,1000+,Standard,2020-06-30
CUST04663,Mr. Robert Carter,malonewayne@example.com,53,Other,Manufacturing,Europe,51-200,Standard,2020-01-18
CUST04664,Rachel Miller,mandy15@example.com,40,Male,Professional Services,Australia & New Zealand,201-500,Enterprise,2019-03-27
CUST04665,Carl Jenkins,manningdavid@example.com,63,Male,Technology,North America,201-500,Free,2020-04-01
CUST04666,Stephen Padilla,manningjessica@example.org,35,Male,Technology,Asia-Pacific,51-200,Standard,2020-06-03
CUST04667,Morgan Diaz,mannjanet@example.org,34,Male,Retail,North America,51-200,Standard,2019-06-22
CUST04668,James Anderson,mannpatrick@example.net,33,Other,Financial Services,Australia & New Zealand,11-50,Standard,2019-10-05
CUST04669,Dr. Raymond Thompson,manuel89@example.org,49,Male,Healthcare,Australia & New Zealand,501-1000,Premium,2019-07-25
CUST04670,Mrs. Jennifer Jenkins,manuelgreer@example.org,20,Female,Technology,Australia & New Zealand,51-200,Standard,2019-12-16
CUST04671,Michael Mcgee,marc06@example.com,70,Other,Financial Services,Australia & New Zealand,1000+,Enterprise,2020-05-17
CUST04672,Katherine Williams,marcjohnson@example.org,47,Male,Professional Services,Australia & New Zealand,1-10,Enterprise,2019-12-28
CUST04673,Aaron Henry,marcmyers@example.com,55,Female,Professional Services,Other,201-500,Enterprise,2021-02-03
CUST04674,Ashley James,marcus21@example.org,20,Male,Professional Services,North America,51-200,Free,2021-02-18
CUST04675,Kimberly Bradley,marcus53@example.net,47,Other,Education,Europe,501-1000,Standard,2021-04-06
CUST04676,Peter Martin,marcusjarvis@example.com,56,Female,Healthcare,North America,11-50,Standard,2020-03-10
CUST04677,Lawrence Kramer,marcusjimenez@example.com,46,Female,Financial Services,North America,201-500,Standard,2021-09-23
CUST04678,Sandra Yang,marcward@example.com,52,Male,Financial Services,Australia & New Zealand,1-10,Premium,2020-11-23
CUST04679,Jessica Liu,margaret10@example.org,39,Other,Other,Asia-Pacific,201-500,Premium,2020-02-05
CUST04680,Benjamin Lopez,margaret46@example.com,63,Male,Retail,Asia-Pacific,201-500,Premium,2020-02-16
CUST04681,Johnny Hernandez,margaret51@example.org,24,Female,Technology,Europe,1-10,Standard,2018-12-24
CUST04682,Evan Jones,margaret70@example.org,28,Male,Education,Asia-Pacific,11-50,Standard,2021-11-06
CUST04683,Carol Myers,margaret73@example.org,19,Female,Professional Services,Asia-Pacific,1000+,Premium,2021-01-19
CUST04684,Andrea Herrera,margaretmason@example.com,62,Other,Media & Communications,Asia-Pacific,501-1000,Standard,2019-08-13
CUST04685,Mariah Barr,margaretnewton@example.net,41,Male,Technology,North America,201-500,Standard,2019-11-02
CUST04686,Mark Jones,margaretsmith@example.net,28,Other,Manufacturing,North America,1000+,Standard,2020-04-21
CUST04687,Stephanie Lee,margaretwhite@example.net,60,Male,Financial Services,Asia-Pacific,11-50,Premium,2019-05-22
CUST04688,Katelyn Stark,maria01@example.org,22,Male,Financial Services,Australia & New Zealand,51-200,Premium,2019-05-10
CUST04689,Jennifer Allen,maria26@example.net,34,Male,Professional Services,Australia & New Zealand,1-10,Standard,2020-05-12
CUST04690,Tina Montgomery,maria45@example.com,37,Other,Healthcare,Australia & New Zealand,1-10,Enterprise,2019-10-30
CUST04691,Kristy Rivera MD,maria48@example.com,29,Male,Education,Europe,501-1000,Free,2021-06-26
CUST04692,Amy Ellis,maria50@example.net,63,Male,Professional Services,North America,51-200,Enterprise,2020-03-01
CUST04693,Joel Barron,maria70@example.net,34,Male,Media & Communications,North America,501-1000,Premium,2020-09-15
CUST04694,Susan Washington,maria85@example.net,26,Female,Healthcare,Europe,51-200,Standard,2020-01-21
CUST04695,Jennifer Rush,maria90@example.com,33,Male,Education,North America,51-200,Enterprise,2018-09-23
CUST04696,Michele Holloway,maria91@example.com,46,Female,Media & Communications,Asia-Pacific,1000+,Enterprise,2020-08-31
CUST04697,Linda Rodriguez,mariacruz@example.net,42,Other,Media & Communications,Other,1000+,Free,2020-06-12
CUST04698,Michael Garcia,mariafrank@example.com,50,Male,Healthcare,North America,201-500,Free,2019-06-26
CUST04699,Margaret Glover,mariah89@example.net,20,Male,Financial Services,Asia-Pacific,1000+,Free,2019-04-06
CUST04700,Sarah Lee,mariahmartin@example.net,51,Other,Government & Public Sector,Asia-Pacific,501-1000,Standard,2019-09-06
CUST04701,Melissa Garcia,mariajohnson@example.net,61,Female,Healthcare,North America,201-500,Premium,2020-12-18
CUST04702,Bradley Williamson,mariajohnson@example.org,56,Other,Technology,North America,201-500,Enterprise,2020-11-02
CUST04703,Cynthia Wilson,marialucas@example.net,50,Other,Healthcare,Australia & New Zealand,11-50,Enterprise,2019-08-17
CUST04704,Omar Curtis,mariatodd@example.org,46,Other,Healthcare,Other,11-50,Premium,2020-06-18
CUST04705,Gregory Zhang,marie15@example.org,46,Male,Media & Communications,Asia-Pacific,501-1000,Premium,2020-05-27
CUST04706,James Johnston,marie76@example.com,29,Female,Technology,Australia & New Zealand,501-1000,Premium,2021-01-08
CUST04707,Carrie Walsh,marieaguirre@example.net,30,Male,Technology,North America,1-10,Standard,2020-01-18
CUST04708,Danielle Mathis,marilynallen@example.com,62,Other,Healthcare,Europe,51-200,Standard,2019-11-02
CUST04709,Samantha Schaefer,marissa71@example.org,29,Female,Professional Services,Other,11-50,Standard,2019-02-26
CUST04710,Steven Keller,marissamorrison@example.com,34,Female,Education,Europe,51-200,Standard,2019-12-01
CUST04711,Theresa Lopez,marissawilliamson@example.com,52,Female,Other,North America,51-200,Premium,2019-07-14
CUST04712,Timothy Robinson,mark07@example.com,61,Male,Professional Services,Europe,51-200,Enterprise,2019-10-11
CUST04713,Willie Miller,mark09@example.net,68,Female,Technology,Europe,11-50,Enterprise,2021-02-19
CUST04714,Amy Wilson,mark12@example.com,57,Male,Financial Services,Asia-Pacific,11-50,Enterprise,2019-09-06
CUST04715,Jeanette Gomez,mark18@example.com,44,Male,Other,Australia & New Zealand,1-10,Premium,2020-08-03
CUST04716,Karen Rowe,mark28@example.com,47,Male,Technology,Australia & New Zealand,51-200,Premium,2021-01-12
CUST04717,Alan Vang,mark33@example.com,39,Male,Manufacturing,Europe,201-500,Free,2019-08-13
CUST04718,Joshua Crawford,mark45@example.org,68,Other,Financial Services,Asia-Pacific,11-50,Free,2020-03-18
CUST04719,Kristina Taylor,mark54@example.org,48,Male,Media & Communications,North America,11-50,Premium,2020-03-13
CUST04720,Kathryn Williams,mark58@example.org,57,Other,Education,Asia-Pacific,201-500,Standard,2021-04-21
CUST04721,Melissa Smith,mark68@example.org,48,Male,Education,North America,51-200,Standard,2019-05-24
CUST04722,Cindy Odonnell,mark73@example.com,28,Female,Technology,North America,1-10,Free,2020-06-14
CUST04723,Elizabeth Robinson,mark78@example.net,37,Other,Retail,Europe,11-50,Standard,2020-06-27
CUST04724,Jennifer Velez,mark86@example.org,46,Female,Healthcare,Australia & New Zealand,11-50,Standard,2020-03-08
CUST04725,Charles Mcconnell,mark91@example.org,29,Male,Professional Services,Australia & New Zealand,51-200,Standard,2020-07-12
CUST04726,Eric Saunders,mark94@example.org,23,Other,Financial Services,Asia-Pacific,201-500,Premium,2020-03-23
CUST04727,Ashley Harris,markavery@example.com,63,Other,Healthcare,Europe,51-200,Premium,2019-11-12
CUST04728,Jack Mccall,markblackburn@example.com,48,Female,Financial Services,North America,51-200,Standard,2020-07-15
CUST04729,Cesar Sims,markdonaldson@example.org,47,Female,Healthcare,Australia & New Zealand,1-10,Standard,2019-03-23
CUST04730,Sherry Khan,markduarte@example.net,19,Female,Education,Europe,11-50,Standard,2020-04-07
CUST04731,Brian Gonzalez,markflowers@example.com,44,Other,Education,Europe,51-200,Standard,2020-10-22
CUST04732,Beth Wells,markkelly@example.org,39,Other,Technology,North America,51-200,Premium,2020-02-27
CUST04733,Mark Cox,marklambert@example.org,54,Male,Professional Services,Europe,51-200,Premium,2019-11-01
CUST04734,Robert Coleman,markmason@example.net,69,Female,Financial Services,Australia & New Zealand,201-500,Free,2020-09-07
CUST04735,Dr. Brenda Lopez,markmerritt@example.com,19,Male,Technology,Europe,1000+,Standard,2020-04-05
CUST04736,Barbara Lee,markreilly@example.org,24,Male,Education,North America,201-500,Free,2019-11-02
CUST04737,James Hancock,marksdanielle@example.net,24,Male,Technology,Europe,201-500,Free,2020-04-14
CUST04738,Dominique Hodge,marksveronica@example.org,54,Female,Financial Services,North America,11-50,Free,2021-10-17
CUST04739,Shannon Garcia,markwatts@example.com,58,Female,Technology,Australia & New Zealand,51-200,Standard,2020-06-08
CUST04740,Erika Silva,marquezthomas@example.com,34,Other,Healthcare,Australia & New Zealand,51-200,Free,2021-01-17
CUST04741,Tyrone Howard,marqueztimothy@example.net,34,Other,Technology,North America,51-200,Standard,2019-08-25
CUST04742,Jessica Keith,marshallbrandi@example.com,26,Male,Manufacturing,Asia-Pacific,51-200,Enterprise,2020-04-17
CUST04743,Malik Montgomery,marshallbrandi@example.org,69,Male,Professional Services,Other,51-200,Free,2018-09-07
CUST04744,Dana Barker,marshalldiane@example.org,18,Female,Education,Europe,1000+,Premium,2020-09-13
CUST04745,Edward Clements,marshallgregory@example.com,61,Other,Media & Communications,Australia & New Zealand,11-50,Standard,2019-10-07
CUST04746,Melissa Spencer,marshalljeffrey@example.org,33,Female,Technology,Europe,201-500,Enterprise,2021-05-17
CUST04747,David Garcia,marsheduardo@example.net,42,Other,Professional Services,Australia & New Zealand,11-50,Enterprise,2021-08-01
CUST04748,Paul Merritt,marshgregory@example.com,43,Male,Financial Services,Asia-Pacific,51-200,Premium,2021-01-30
CUST04749,Elizabeth Davis,marshnicholas@example.net,34,Other,Education,Australia & New Zealand,11-50,Premium,2019-11-13
CUST04750,Becky Brown,marthastark@example.org,65,Male,Manufacturing,North America,1000+,Free,2020-04-29
CUST04751,Alan Ford,martin46@example.org,64,Male,Media & Communications,Australia & New Zealand,501-1000,Premium,2021-04-23
CUST04752,Grace Taylor,martin64@example.com,22,Other,Financial Services,Australia & New Zealand,51-200,Standard,2021-01-20
CUST04753,Joshua Williams,martinamanda@example.org,21,Male,Education,Other,201-500,Standard,2020-09-11
CUST04754,Holly Perez,martinangela@example.com,48,Other,Media & Communications,Australia & New Zealand,11-50,Standard,2020-03-23
CUST04755,Margaret Ward,martinaudrey@example.com,43,Female,Education,North America,51-200,Enterprise,2019-09-24
CUST04756,Carl Hill,martincarter@example.net,40,Male,Healthcare,Europe,51-200,Premium,2020-02-17
CUST04757,Marissa Robinson,martincharlene@example.net,35,Other,Technology,Europe,1000+,Premium,2019-07-22
CUST04758,Charles Davis,martinerin@example.org,37,Female,Retail,Australia & New Zealand,1-10,Standard,2021-03-03
CUST04759,William Shaw,martinezangelica@example.net,62,Female,Technology,Asia-Pacific,51-200,Standard,2021-09-08
CUST04760,Joanne Sawyer,martinezbradley@example.org,49,Male,Professional Services,Australia & New Zealand,1-10,Premium,2020-02-18
CUST04761,Cory Black,martinezbrandon@example.net,46,Male,Financial Services,Asia-Pacific,201-500,Standard,2019-09-19
CUST04762,Amanda Cherry,martinezbrandy@example.com,49,Male,Professional Services,Australia & New Zealand,501-1000,Standard,2019-09-19
CUST04763,Michael Walker,martinezbrittany@example.com,19,Other,Retail,North America,51-200,Standard,2019-05-27
CUST04764,Lynn Brooks,martinezchristopher@example.net,22,Male,Other,Europe,501-1000,Premium,2020-08-03
CUST04765,Steven Moore,martinezcory@example.net,62,Male,Government & Public Sector,Other,501-1000,Free,2021-07-07
CUST04766,Adrian Williams,martinezelizabeth@example.com,39,Male,Professional Services,North America,51-200,Free,2019-07-02
CUST04767,Joseph Mcfarland,martinezerin@example.com,26,Other,Financial Services,Asia-Pacific,11-50,Standard,2020-03-31
CUST04768,Sarah Nunez,martinezkenneth@example.org,62,Other,Retail,Europe,11-50,Standard,2021-01-09
CUST04769,Kimberly Johnson,martinezmegan@example.org,67,Other,Healthcare,Europe,1000+,Enterprise,2021-03-18
CUST04770,Jennifer Ramirez,martinezmichelle@example.net,69,Other,Healthcare,Other,51-200,Enterprise,2020-05-21
CUST04771,James King,martinezrobert@example.org,40,Male,Professional Services,Europe,201-500,Standard,2021-03-17
CUST04772,Sarah Silva,martinezrose@example.com,45,Female,Retail,Australia & New Zealand,11-50,Free,2019-12-13
CUST04773,Bethany Krause,martinezsarah@example.com,68,Male,Other,Asia-Pacific,1000+,Standard,2019-06-29
CUST04774,Matthew Campos,martineztravis@example.net,52,Male,Technology,Europe,51-200,Premium,2020-03-03
CUST04775,William Butler,martinezwilliam@example.org,22,Female,Manufacturing,Europe,201-500,Premium,2020-02-02
CUST04776,Kelly Fowler,martingeorge@example.net,67,Other,Financial Services,Asia-Pacific,51-200,Enterprise,2021-05-24
CUST04777,Briana Mcmahon,martinkathy@example.net,48,Other,Retail,North America,201-500,Premium,2020-08-16
CUST04778,Stephanie Douglas,martinkeith@example.com,29,Female,Government & Public Sector,Europe,51-200,Enterprise,2021-02-12
CUST04779,Debbie Buchanan,martinnicholas@example.net,66,Male,Manufacturing,North America,1000+,Standard,2020-06-02
CUST04780,Michael Davidson,martintrevor@example.com,36,Male,Technology,Australia & New Zealand,1-10,Premium,2020-06-04
CUST04781,Victoria Gibbs,martintroy@example.org,44,Female,Government & Public Sector,North America,51-200,Free,2020-01-30
CUST04782,Jason Fernandez,martinyang@example.org,41,Other,Education,North America,501-1000,Enterprise,2021-10-17
CUST04783,Nathan Schneider,marvin61@example.net,68,Male,Technology,Australia & New Zealand,1-10,Premium,2019-10-25
CUST04784,Deborah Hoffman,mary06@example.org,20,Other,Technology,Asia-Pacific,51-200,Enterprise,2020-02-08
CUST04785,Karen Craig,mary12@example.com,35,Male,Education,Europe,51-200,Premium,2021-01-04
CUST04786,Tina Brown,mary24@example.com,18,Other,Technology,North America,501-1000,Premium,2020-03-16
CUST04787,Patrick Hood,mary32@example.org,60,Other,Technology,Europe,1000+,Free,2020-06-21
CUST04788,Elaine White,mary39@example.org,44,Female,Manufacturing,North America,51-200,Enterprise,2019-12-03
CUST04789,Dillon Bennett,mary43@example.com,41,Male,Technology,Europe,1-10,Standard,2019-08-27
CUST04790,Jason Fox,mary46@example.net,28,Male,Manufacturing,North America,201-500,Free,2019-05-13
CUST04791,Monica Walker,mary51@example.net,55,Other,Education,Other,51-200,Enterprise,2021-04-23
CUST04792,Emma Bell,mary59@example.net,31,Male,Technology,Australia & New Zealand,201-500,Standard,2019-08-01
CUST04793,Colleen Gomez,mary63@example.org,57,Female,Manufacturing,Europe,51-200,Premium,2019-06-06
CUST04794,Glenda Lopez,mary68@example.net,18,Male,Technology,North America,1-10,Premium,2018-10-27
CUST04795,Jennifer Keith,mary69@example.net,42,Male,Technology,North America,11-50,Standard,2019-11-09
CUST04796,Stuart White,mary70@example.net,70,Male,Other,Australia & New Zealand,201-500,Premium,2020-08-02
CUST04797,Amanda Anderson,mary74@example.org,56,Female,Professional Services,Asia-Pacific,1000+,Premium,2019-02-26
CUST04798,Marcus Young,mary79@example.com,47,Other,Media & Communications,Asia-Pacific,1000+,Standard,2020-09-13
CUST04799,James Scott,marydavis@example.net,24,Female,Healthcare,Asia-Pacific,501-1000,Standard,2019-09-23
CUST04800,Kelly Smith,maryflowers@example.com,34,Female,Healthcare,North America,201-500,Standard,2019-08-16
CUST04801,Sherry Garcia,maryhayes@example.net,53,Male,Professional Services,Asia-Pacific,1000+,Premium,2020-10-03
CUST04802,Sarah Watkins,maryholloway@example.org,52,Male,Financial Services,North America,1000+,Free,2018-12-11
CUST04803,Tammy Gray,marykirby@example.com,31,Female,Education,North America,201-500,Enterprise,2021-08-23
CUST04804,Dr. Shane Day,marymcdaniel@example.com,55,Other,Retail,Europe,51-200,Free,2021-05-18
CUST04805,Sara Harvey,maryroy@example.net,25,Male,Media & Communications,Europe,1-10,Standard,2020-03-05
CUST04806,Amber Dixon,marysmith@example.org,55,Female,Retail,Asia-Pacific,51-200,Premium,2021-02-05
CUST04807,Jessica Moore,marytaylor@example.net,35,Female,Education,Asia-Pacific,201-500,Standard,2020-03-17
CUST04808,Melissa Kirby,marywalker@example.net,70,Male,Other,Europe,1-10,Standard,2020-07-13
CUST04809,Taylor Montoya,maryyork@example.org,22,Female,Professional Services,Asia-Pacific,11-50,Standard,2021-06-12
CUST04810,Martin Orr,masonkrystal@example.org,66,Male,Technology,Australia & New Zealand,501-1000,Standard,2021-11-22
CUST04811,Lisa Watts,masontyler@example.net,29,Other,Other,Australia & New Zealand,501-1000,Premium,2020-03-05
CUST04812,David Austin,masseybarbara@example.net,56,Female,Healthcare,Australia & New Zealand,51-200,Premium,2020-10-07
CUST04813,Linda Mcdonald,matakevin@example.com,34,Female,Retail,Europe,201-500,Standard,2019-03-31
CUST04814,Nicholas Smith,mathewfisher@example.com,69,Female,Technology,North America,201-500,Premium,2020-02-19
CUST04815,Kayla Holland,mathewhartman@example.net,69,Male,Media & Communications,Australia & New Zealand,11-50,Premium,2019-04-26
CUST04816,Ms. Stephanie Stein DDS,mathewsnicholas@example.net,62,Other,Retail,Asia-Pacific,1000+,Premium,2019-02-23
CUST04817,Michelle Weaver,matthew04@example.org,31,Other,Education,North America,501-1000,Standard,2019-02-18
CUST04818,Christian Thomas,matthew05@example.net,30,Female,Retail,Australia & New Zealand,51-200,Standard,2020-06-30
CUST04819,Rebecca White,matthew09@example.org,66,Male,Financial Services,Europe,1-10,Standard,2020-04-21
CUST04820,Stephanie Fleming,matthew12@example.net,55,Female,Professional Services,Australia & New Zealand,1000+,Enterprise,2020-10-23
CUST04821,Rebecca Howard,matthew14@example.com,44,Male,Retail,Australia & New Zealand,1000+,Premium,2020-01-02
CUST04822,Autumn Heath,matthew17@example.com,68,Male,Financial Services,Europe,1-10,Standard,2020-11-11
CUST04823,Crystal Reeves,matthew21@example.com,47,Male,Manufacturing,Other,11-50,Standard,2020-08-31
CUST04824,Christine Calderon,matthew23@example.net,42,Other,Media & Communications,North America,11-50,Standard,2019-09-11
CUST04825,Mary Branch,matthew38@example.net,30,Other,Technology,Australia & New Zealand,11-50,Free,2021-02-10
CUST04826,Katherine Shaw,matthew40@example.net,27,Other,Technology,Australia & New Zealand,51-200,Standard,2020-12-24
CUST04827,Christy Reed,matthew48@example.com,23,Other,Other,Asia-Pacific,51-200,Standard,2019-12-19
CUST04828,Sarah Neal,matthew65@example.net,23,Other,Technology,Other,11-50,Premium,2021-06-22
CUST04829,Tami Henderson,matthew65@example.org,50,Female,Manufacturing,North America,201-500,Premium,2020-04-06
CUST04830,Mr. Darren Delgado MD,matthew73@example.com,38,Male,Retail,Australia & New Zealand,1000+,Standard,2019-08-22
CUST04831,Katie Lucas,matthew74@example.net,43,Female,Government & Public Sector,Australia & New Zealand,201-500,Free,2020-09-04
CUST04832,Courtney Armstrong,matthew75@example.com,34,Female,Education,North America,1000+,Premium,2019-03-14
CUST04833,Elizabeth Zavala,matthew81@example.com,26,Male,Technology,North America,201-500,Standard,2020-05-29
CUST04834,Julia Davis,matthew81@example.net,38,Other,Education,North America,51-200,Enterprise,2021-02-23
CUST04835,Stephen Jenkins,matthew86@example.net,48,Other,Media & Communications,Australia & New Zealand,1-10,Free,2020-02-26
CUST04836,Roberto Thornton,matthew86@example.org,22,Other,Technology,Europe,11-50,Premium,2019-08-19
CUST04837,Brandon Norman,matthew91@example.com,21,Male,Financial Services,Australia & New Zealand,51-200,Premium,2021-07-08
CUST04838,Stephanie Schultz,matthew96@example.net,52,Female,Financial Services,Europe,11-50,Enterprise,2020-07-31
CUST04839,Christian Turner,matthew98@example.net,22,Male,Government & Public Sector,Australia & New Zealand,11-50,Premium,2020-10-23
CUST04840,Alexandria Knight,matthew99@example.org,37,Male,Professional Services,Australia & New Zealand,51-200,Premium,2020-08-24
CUST04841,Kimberly Johnston,matthewaguirre@example.net,41,Other,Technology,Australia & New Zealand,51-200,Enterprise,2019-01-05
CUST04842,Kathy Kaiser,matthewcooper@example.org,54,Other,Government & Public Sector,North America,11-50,Free,2020-12-07
CUST04843,Tammy Cobb,matthewdavis@example.com,64,Female,Other,North America,201-500,Premium,2019-08-23
CUST04844,Jimmy Russell,matthewdiaz@example.com,67,Other,Healthcare,Asia-Pacific,11-50,Standard,2020-05-08
CUST04845,Michelle Ochoa,mattheweverett@example.net,60,Female,Technology,Australia & New Zealand,51-200,Standard,2019-12-15
CUST04846,Kelly Mcdonald,matthewgeorge@example.org,23,Male,Retail,Asia-Pacific,1000+,Standard,2020-06-20
CUST04847,Rodney Lambert,matthewharris@example.org,24,Other,Government & Public Sector,North America,1000+,Free,2019-12-17
CUST04848,Christopher Jones,matthewherrera@example.com,66,Male,Media & Communications,Europe,51-200,Standard,2019-01-12
CUST04849,Christopher Jones,matthewking@example.net,62,Male,Manufacturing,Australia & New Zealand,1-10,Standard,2020-10-20
CUST04850,Steven Atkins,matthewlewis@example.org,32,Male,Professional Services,Europe,201-500,Standard,2019-08-21
CUST04851,Karen Ramirez,matthewmccann@example.net,37,Male,Other,North America,11-50,Premium,2021-05-13
CUST04852,Robin Huff,matthewmiller@example.com,56,Other,Technology,North America,201-500,Standard,2019-04-04
CUST04853,Karla Lindsey,matthewmosley@example.com,30,Male,Education,North America,51-200,Premium,2021-02-24
CUST04854,Mary Mclean,matthewmurphy@example.org,28,Male,Government & Public Sector,Asia-Pacific,51-200,Standard,2021-01-15
CUST04855,Daniel Barber,matthewpeterson@example.com,42,Male,Manufacturing,Australia & New Zealand,51-200,Enterprise,2019-04-08
CUST04856,Daniel Diaz,matthewpeterson@example.org,19,Other,Education,Asia-Pacific,51-200,Premium,2021-02-05
CUST04857,Julian Roberson,matthewreid@example.org,43,Other,Education,Australia & New Zealand,501-1000,Enterprise,2021-04-23
CUST04858,Christopher Carey,matthewrobertson@example.net,60,Female,Retail,Australia & New Zealand,51-200,Free,2021-08-04
CUST04859,James Davis,matthewrollins@example.com,27,Female,Retail,Australia & New Zealand,501-1000,Premium,2021-03-04
CUST04860,Dr. Jillian Barber,matthewsbrandon@example.org,43,Other,Technology,North America,11-50,Standard,2021-10-28
CUST04861,Charles Sandoval,matthewterry@example.com,40,Other,Retail,Australia & New Zealand,201-500,Standard,2020-03-21
CUST04862,Edwin Thomas,matthewthomas@example.net,24,Female,Healthcare,Asia-Pacific,51-200,Standard,2019-07-24
CUST04863,David Sims,matthewwheeler@example.org,56,Male,Healthcare,Asia-Pacific,1-10,Premium,2019-07-08
CUST04864,Shawna Payne,matthewwhitaker@example.com,35,Other,Financial Services,Europe,51-200,Free,2021-03-31
CUST04865,Janice Erickson,matthewwhite@example.net,40,Male,Professional Services,North America,51-200,Standard,2020-12-02
CUST04866,Jill Phelps,maureen26@example.net,46,Female,Education,Australia & New Zealand,51-200,Standard,2019-12-31
CUST04867,Andrea Lewis,maureenperez@example.org,46,Other,Healthcare,Asia-Pacific,201-500,Standard,2020-09-11
CUST04868,Melanie Campbell,maurice33@example.net,28,Male,Professional Services,Australia & New Zealand,11-50,Enterprise,2019-03-14
CUST04869,Sarah Cisneros,maustin@example.org,21,Female,Government & Public Sector,Asia-Pacific,11-50,Standard,2020-02-11
CUST04870,Danielle Williams DDS,maxwelllucas@example.net,46,Female,Education,Asia-Pacific,11-50,Free,2020-01-17
CUST04871,John Brown,maxwellrobinson@example.org,69,Male,Education,North America,1000+,Free,2021-04-07
CUST04872,Kevin Powers,mayanna@example.org,54,Other,Technology,Other,51-200,Standard,2021-05-08
CUST04873,Sean Irwin,mayerroger@example.com,59,Male,Manufacturing,Europe,51-200,Premium,2019-09-23
CUST04874,Mrs. Diane Sandoval PhD,mayers@example.net,38,Other,Professional Services,Australia & New Zealand,11-50,Standard,2019-02-06
CUST04875,Zachary Murphy,maynardgeorge@example.com,19,Other,Technology,Australia & New Zealand,11-50,Enterprise,2020-03-25
CUST04876,Denise Morton,mayskim@example.net,35,Male,Technology,Europe,501-1000,Enterprise,2019-12-28
CUST04877,Jay Hurst,mbarrett@example.net,54,Female,Healthcare,Europe,11-50,Standard,2020-05-25
CUST04878,Dana Taylor,mbishop@example.com,66,Female,Retail,Europe,11-50,Premium,2020-11-11
CUST04879,Joseph Moreno,mbrown@example.org,48,Male,Government & Public Sector,North America,51-200,Premium,2020-06-18
CUST04880,Michael Townsend,mcarlson@example.com,34,Male,Financial Services,Asia-Pacific,11-50,Standard,2020-05-20
CUST04881,Angela Martinez,mcarter@example.org,23,Male,Government & Public Sector,Australia & New Zealand,11-50,Premium,2018-10-09
CUST04882,Philip Jordan,mcbridebrett@example.org,50,Male,Financial Services,Australia & New Zealand,201-500,Premium,2019-11-24
CUST04883,Michael Fields,mcbrideelizabeth@example.net,25,Female,Media & Communications,Asia-Pacific,1-10,Enterprise,2020-03-26
CUST04884,Paul Gonzalez,mcbridefrank@example.com,24,Male,Technology,Other,1-10,Premium,2020-09-19
CUST04885,Melinda Mitchell,mccarthyjenna@example.net,25,Female,Healthcare,Europe,11-50,Enterprise,2020-12-25
CUST04886,Eric Richardson,mccarthylaura@example.net,27,Other,Education,North America,51-200,Standard,2021-06-08
CUST04887,Holly Allen,mccartytracy@example.org,69,Other,Financial Services,Australia & New Zealand,11-50,Premium,2019-07-29
CUST04888,Michael Quinn,mcclainmeghan@example.net,51,Female,Government & Public Sector,North America,51-200,Free,2020-06-24
CUST04889,Jeremy Sullivan,mcclainscott@example.com,59,Other,Professional Services,Asia-Pacific,51-200,Premium,2019-07-31
CUST04890,Brittany Hernandez,mcclureangela@example.org,68,Female,Other,Europe,11-50,Free,2019-05-26
CUST04891,Evelyn Smith,mcconnellholly@example.com,31,Female,Financial Services,Other,1000+,Premium,2019-09-16
CUST04892,Mrs. Cathy Grant,mccoyashley@example.net,25,Male,Technology,Europe,11-50,Standard,2019-10-27
CUST04893,Dana Young,mccoyjennifer@example.com,58,Male,Healthcare,Australia & New Zealand,51-200,Standard,2020-03-01
CUST04894,Margaret Williams,mcdanielbenjamin@example.com,24,Male,Professional Services,Australia & New Zealand,201-500,Free,2021-03-01
CUST04895,Michael Taylor,mcdonaldbrianna@example.net,35,Female,Education,Other,1-10,Standard,2021-02-13
CUST04896,Julie Robinson,mcdonalddebra@example.net,53,Other,Technology,Asia-Pacific,1000+,Premium,2020-02-12
CUST04897,Julia Allen,mcdonaldgrant@example.com,34,Male,Media & Communications,Australia & New Zealand,1000+,Free,2019-07-10
CUST04898,Anthony Garrison,mcdonaldleslie@example.net,51,Female,Education,Europe,1-10,Premium,2019-07-30
CUST04899,Thomas Hall,mcdowellsamantha@example.net,55,Other,Education,Australia & New Zealand,11-50,Free,2019-01-10
CUST04900,Alison Ford,mcgeebrandon@example.org,69,Male,Media & Communications,Other,1000+,Standard,2020-07-31
CUST04901,Valerie Wells,mcgeemarilyn@example.org,45,Male,Other,Australia & New Zealand,501-1000,Free,2020-01-05
CUST04902,Charlene Maldonado,mcgrathdominique@example.org,41,Male,Technology,Australia & New Zealand,51-200,Enterprise,2020-05-14
CUST04903,Stephen Robles,mcguireallen@example.com,46,Female,Financial Services,North America,201-500,Free,2019-12-06
CUST04904,Christine Green,mcguiredonna@example.net,54,Other,Manufacturing,Europe,11-50,Standard,2019-01-22
CUST04905,Emily Allen,mcguirekristin@example.net,32,Other,Retail,Other,11-50,Free,2019-05-18
CUST04906,Tara Chavez,mcintoshjennifer@example.net,63,Female,Healthcare,Australia & New Zealand,501-1000,Enterprise,2020-04-07
CUST04907,Dr. Joseph Nolan,mcintoshmaureen@example.com,57,Female,Education,Australia & New Zealand,51-200,Premium,2020-01-23
CUST04908,Cassidy Yoder,mcintyrechristopher@example.org,45,Other,Professional Services,North America,201-500,Standard,2019-09-26
CUST04909,Cathy Daniels,mckayjohn@example.net,51,Female,Healthcare,Europe,51-200,Premium,2019-03-05
CUST04910,Patrick Solis,mckeelisa@example.org,41,Female,Healthcare,Europe,201-500,Premium,2019-03-02
CUST04911,James Matthews,mckenzie93@example.com,39,Other,Healthcare,Other,1-10,Enterprise,2020-06-30
CUST04912,Adrian Curry,mckinneyrachel@example.com,23,Female,Professional Services,North America,1-10,Free,2021-05-22
CUST04913,Alyssa Williams,mckinneyrichard@example.net,36,Other,Financial Services,North America,11-50,Free,2019-11-29
CUST04914,Jeffery Jackson,mcknightjulie@example.net,59,Male,Retail,Australia & New Zealand,1000+,Premium,2019-11-24
CUST04915,Chad Wheeler,mclaughlinjacqueline@example.org,54,Male,Healthcare,Australia & New Zealand,201-500,Free,2020-05-16
CUST04916,Jamie Rodriguez,mclaughlinsteven@example.org,63,Female,Government & Public Sector,Australia & New Zealand,1-10,Standard,2020-06-18
CUST04917,Abigail Lee,mcmahonrichard@example.net,60,Female,Technology,Australia & New Zealand,201-500,Free,2019-11-07
CUST04918,Benjamin Pierce,mcmahonrobert@example.net,59,Other,Healthcare,Europe,201-500,Standard,2021-01-18
CUST04919,Sheila Guerra,mcmillanemily@example.net,24,Other,Financial Services,Australia & New Zealand,201-500,Premium,2019-12-03
CUST04920,Daniel Reed,mcmillaneric@example.net,58,Male,Professional Services,Asia-Pacific,11-50,Standard,2020-12-08
CUST04921,Ashley Burnett,mconway@example.org,22,Male,Professional Services,Other,501-1000,Standard,2019-12-29
CUST04922,Robert Cabrera,mcox@example.net,65,Other,Government & Public Sector,North America,201-500,Premium,2020-04-06
CUST04923,Laura Rhodes,mcphersonbetty@example.org,41,Male,Financial Services,Europe,51-200,Free,2019-11-26
CUST04924,John Terry,mcross@example.com,52,Male,Financial Services,Australia & New Zealand,1-10,Free,2019-09-10
CUST04925,Jeffrey Gonzalez,mdavis@example.org,33,Female,Professional Services,Asia-Pacific,51-200,Premium,2020-07-22
CUST04926,Ronald Bell,mdelacruz@example.com,62,Other,Financial Services,Australia & New Zealand,11-50,Free,2019-08-10
CUST04927,Samantha Smith,mdouglas@example.com,68,Male,Retail,North America,201-500,Premium,2019-07-07
CUST04928,Andrew Steele,meadowscarla@example.net,46,Male,Government & Public Sector,Europe,201-500,Premium,2019-08-02
CUST04929,Aaron Abbott,meagantorres@example.com,59,Male,Media & Communications,Europe,51-200,Standard,2018-12-10
CUST04930,Amy Hill,medinasteven@example.net,48,Female,Manufacturing,Australia & New Zealand,1-10,Premium,2018-12-05
CUST04931,Tyler Chambers,megan12@example.net,47,Male,Technology,North America,1-10,Standard,2020-01-05
CUST04932,Susan Herring,megan17@example.com,44,Other,Professional Services,Asia-Pacific,501-1000,Enterprise,2021-01-03
CUST04933,Teresa Carr,megan26@example.org,18,Other,Financial Services,Asia-Pacific,11-50,Enterprise,2019-10-27
CUST04934,Eric Patel,megan42@example.com,42,Female,Media & Communications,Europe,1-10,Standard,2021-06-24
CUST04935,Bradley Walters,megan59@example.net,54,Male,Financial Services,Asia-Pacific,51-200,Free,2019-08-06
CUST04936,Cathy Nixon,meganallen@example.net,28,Female,Financial Services,Asia-Pacific,201-500,Standard,2019-08-03
CUST04937,Daniel Ellis,meganedwards@example.com,47,Male,Education,Australia & New Zealand,201-500,Free,2020-07-07
CUST04938,Michael Munoz,meganevans@example.net,61,Male,Media & Communications,Asia-Pacific,51-200,Standard,2020-03-18
CUST04939,Angela Nguyen,meganmedina@example.net,19,Other,Technology,Australia & New Zealand,201-500,Free,2020-09-29
CUST04940,Brandon Gonzalez,meganrodriguez@example.org,63,Male,Professional Services,Asia-Pacific,201-500,Standard,2019-02-23
CUST04941,Suzanne Johnson,meghan62@example.net,68,Other,Professional Services,Europe,51-200,Standard,2020-08-05
CUST04942,Rachel James,meghan71@example.net,40,Female,Technology,Asia-Pacific,201-500,Premium,2019-08-01
CUST04943,Kevin Cole,meghanholmes@example.org,61,Male,Financial Services,Australia & New Zealand,11-50,Premium,2020-03-13
CUST04944,Sabrina Armstrong,meghanpratt@example.org,23,Female,Professional Services,Asia-Pacific,51-200,Free,2019-12-18
CUST04945,Tiffany Pena,meghanthomas@example.com,68,Other,Other,Australia & New Zealand,201-500,Standard,2019-11-26
CUST04946,Justin Johnson,meghanwu@example.net,26,Male,Manufacturing,Australia & New Zealand,11-50,Free,2020-05-07
CUST04947,Tiffany Cortez,melanie00@example.com,27,Male,Retail,North America,501-1000,Standard,2021-05-14
CUST04948,Amber Jenkins,melanie21@example.com,22,Male,Government & Public Sector,Australia & New Zealand,501-1000,Free,2018-12-12
CUST04949,Samantha Bauer,melanie64@example.net,66,Other,Education,Australia & New Zealand,11-50,Standard,2021-03-03
CUST04950,Brian Blake,melanie68@example.net,32,Male,Education,Europe,501-1000,Standard,2019-01-19
CUST04951,Bethany Walton,melanie71@example.org,52,Other,Manufacturing,Australia & New Zealand,51-200,Standard,2019-08-10
CUST04952,Anthony Boyd,melanie86@example.net,58,Female,Government & Public Sector,Asia-Pacific,201-500,Standard,2021-10-26
CUST04953,Ashley Boyd,melaniebradley@example.com,50,Female,Retail,Australia & New Zealand,51-200,Premium,2019-06-20
CUST04954,Robert Ross MD,melaniedavis@example.net,63,Other,Technology,Europe,1-10,Standard,2018-12-11
CUST04955,Caitlin Hunt,melinda00@example.org,35,Female,Retail,Australia & New Zealand,1-10,Standard,2020-01-07
CUST04956,Andres Shelton,melinda35@example.com,43,Female,Technology,Asia-Pacific,1000+,Enterprise,2020-02-03
CUST04957,Dakota Moore,melinda50@example.com,23,Male,Other,North America,1000+,Enterprise,2020-09-22
CUST04958,Carolyn Thompson,melinda93@example.net,42,Other,Professional Services,Australia & New Zealand,201-500,Premium,2019-06-24
CUST04959,Terri Guzman,melissa00@example.org,34,Male,Retail,Asia-Pacific,51-200,Premium,2018-08-23
CUST04960,Adam Carroll Jr.,melissa01@example.com,45,Female,Financial Services,North America,51-200,Premium,2019-09-14
CUST04961,Sara Mckenzie,melissa11@example.net,39,Male,Education,Asia-Pacific,201-500,Free,2020-12-23
CUST04962,Kayla Thompson,melissa26@example.net,31,Other,Other,Europe,201-500,Premium,2019-08-10
CUST04963,Janet Williams,melissa30@example.net,63,Other,Manufacturing,North America,11-50,Free,2020-05-03
CUST04964,Thomas Stone,melissa31@example.org,57,Female,Retail,Australia & New Zealand,51-200,Enterprise,2020-08-16
CUST04965,Colleen Bryan,melissa32@example.net,57,Female,Other,North America,1-10,Enterprise,2018-11-24
CUST04966,Jessica Mitchell,melissa35@example.org,32,Male,Education,Asia-Pacific,1-10,Enterprise,2019-12-07
CUST04967,Sarah Anderson,melissa42@example.com,48,Male,Healthcare,Asia-Pacific,501-1000,Enterprise,2021-01-24
CUST04968,Angela Peterson,melissa49@example.com,67,Other,Retail,Europe,201-500,Standard,2019-03-31
CUST04969,Kristin Hoffman,melissa57@example.com,58,Male,Retail,Europe,201-500,Standard,2020-05-26
CUST04970,Travis Harris,melissa61@example.org,32,Male,Financial Services,Europe,51-200,Premium,2021-08-30
CUST04971,Taylor Thompson,melissa67@example.org,26,Female,Technology,Australia & New Zealand,1-10,Free,2020-09-23
CUST04972,Manuel Parks,melissa70@example.org,51,Other,Financial Services,North America,201-500,Premium,2020-08-31
CUST04973,Antonio Garner,melissa78@example.net,37,Other,Professional Services,Europe,51-200,Standard,2019-04-05
CUST04974,Maria Raymond,melissa81@example.com,55,Female,Technology,Europe,11-50,Standard,2019-10-25
CUST04975,Melinda Davis,melissa89@example.com,39,Other,Media & Communications,North America,501-1000,Enterprise,2021-06-08
CUST04976,Melissa Blair,melissa99@example.com,66,Male,Government & Public Sector,Europe,51-200,Standard,2019-01-07
CUST04977,Robin Davis,melissaarmstrong@example.com,21,Male,Professional Services,Europe,51-200,Free,2020-04-27
CUST04978,Heather Goodman,melissabennett@example.net,20,Male,Media & Communications,Other,501-1000,Enterprise,2020-05-12
CUST04979,Melinda Fox,melissaellis@example.net,40,Female,Manufacturing,Australia & New Zealand,501-1000,Premium,2020-09-21
CUST04980,Madeline Nguyen,melissahunt@example.org,59,Male,Retail,Europe,51-200,Free,2021-03-14
CUST04981,Eric Miller MD,melissamorales@example.com,54,Other,Government & Public Sector,Asia-Pacific,11-50,Standard,2020-10-30
CUST04982,Sharon Fuller,melissaperez@example.com,48,Other,Government & Public Sector,North America,1000+,Standard,2020-02-24
CUST04983,James Moses,melissaroberts@example.org,68,Female,Technology,North America,201-500,Premium,2020-07-05
CUST04984,Ann Landry,melissarodriguez@example.net,50,Male,Retail,North America,1000+,Standard,2019-04-26
CUST04985,Katrina Allen,melissathompson@example.com,42,Other,Government & Public Sector,Europe,51-200,Enterprise,2018-12-09
CUST04986,Christina Foster,melissawilliams@example.net,63,Male,Media & Communications,Asia-Pacific,501-1000,Free,2020-05-15
CUST04987,Brooke Walton,melody66@example.com,49,Other,Financial Services,Asia-Pacific,11-50,Premium,2020-08-04
CUST04988,Nicholas White,melody74@example.net,20,Female,Retail,Australia & New Zealand,11-50,Enterprise,2020-05-13
CUST04989,Lisa May,melody96@example.org,55,Female,Professional Services,Asia-Pacific,51-200,Premium,2021-04-15
CUST04990,Jessica Chavez,meltonjerry@example.com,49,Male,Financial Services,Australia & New Zealand,501-1000,Free,2020-01-19
CUST04991,Tracie Powers,melvinhenderson@example.net,44,Female,Media & Communications,Other,1000+,Standard,2020-02-27
CUST04992,Brittany Washington,melvinlopez@example.net,65,Male,Technology,Asia-Pacific,11-50,Premium,2020-05-29
CUST04993,Christy Phillips,melvintaylor@example.net,61,Female,Healthcare,Asia-Pacific,11-50,Standard,2019-11-15
CUST04994,Sonya Watson,mendezamy@example.com,51,Male,Professional Services,Europe,501-1000,Premium,2019-06-27
CUST04995,Shannon Hardy,mendezbradley@example.com,19,Male,Education,Asia-Pacific,51-200,Standard,2019-09-30
CUST04996,Timothy Baker,mendezjames@example.org,47,Other,Financial Services,Australia & New Zealand,51-200,Premium,2021-11-24
CUST04997,Linda Ruiz,mendozaadriana@example.org,37,Male,Professional Services,Asia-Pacific,11-50,Premium,2020-11-02
CUST04998,Melissa Howard,mendozabryce@example.org,20,Other,Other,Other,1000+,Standard,2021-08-08
CUST04999,William Gordon,mercadoalexander@example.net,52,Male,Healthcare,North America,11-50,Standard,2019-08-01
CUST05000,Terry Wilson,mercadocynthia@example.net,40,Male,Government & Public Sector,Europe,501-1000,Premium,2020-03-02
CUST05001,Sarah Davenport,mercedesreynolds@example.org,53,Female,Manufacturing,Australia & New Zealand,51-200,Free,2020-04-18
CUST05002,Mr. Keith Green,mercerbrittney@example.com,20,Other,Healthcare,Asia-Pacific,1000+,Standard,2020-07-26
CUST05003,Cynthia Carter,mercerrandy@example.net,33,Other,Technology,Australia & New Zealand,501-1000,Free,2021-03-31
CUST05004,Autumn Mcgee,merrittdevin@example.org,24,Male,Media & Communications,Other,1-10,Free,2020-11-17
CUST05005,Justin Weiss,merrittjessica@example.com,65,Other,Education,North America,51-200,Standard,2019-11-09
CUST05006,John Porter,meyerjason@example.com,42,Other,Media & Communications,Europe,11-50,Standard,2020-04-29
CUST05007,Paula Vasquez,meyerjohn@example.net,36,Female,Education,Europe,51-200,Free,2019-06-17
CUST05008,Adrienne Foley,meyerkaren@example.net,63,Male,Technology,Europe,51-200,Free,2019-12-28
CUST05009,Alexa Boyd,meyersamantha@example.com,50,Male,Education,Europe,11-50,Premium,2021-01-15
CUST05010,Lauren Diaz,meyerstravis@example.org,41,Female,Technology,North America,201-500,Standard,2020-01-02
CUST05011,Samuel Miranda,mezabobby@example.net,52,Male,Media & Communications,Asia-Pacific,201-500,Premium,2020-09-23
CUST05012,David Ramirez,mezachristina@example.org,59,Other,Education,Australia & New Zealand,201-500,Premium,2021-06-02
CUST05013,Allison Peterson,mferguson@example.org,35,Male,Government & Public Sector,Australia & New Zealand,1000+,Free,2021-05-24
CUST05014,Karen Cook,mfoster@example.net,52,Female,Technology,Europe,501-1000,Free,2018-10-13
CUST05015,Erin Tran,mfox@example.com,60,Male,Professional Services,North America,201-500,Premium,2021-03-02
CUST05016,John Hernandez,mgallagher@example.com,45,Male,Technology,Europe,501-1000,Enterprise,2018-11-01
CUST05017,Cassie Watson,mgardner@example.org,69,Male,Technology,Australia & New Zealand,51-200,Premium,2020-05-27
CUST05018,James Bishop,mgarza@example.org,35,Male,Financial Services,Europe,11-50,Enterprise,2019-05-07
CUST05019,Joshua Webster,mgay@example.com,22,Male,Technology,Other,201-500,Premium,2020-08-02
CUST05020,Savannah Castaneda,mgibbs@example.org,36,Male,Financial Services,Australia & New Zealand,1000+,Standard,2019-04-15
CUST05021,Joel Jones,mgonzalez@example.net,33,Male,Retail,Australia & New Zealand,1000+,Premium,2019-06-21
CUST05022,Douglas Holloway,mgraham@example.org,18,Male,Professional Services,North America,11-50,Premium,2019-11-04
CUST05023,Justin Blevins,mgutierrez@example.net,40,Female,Technology,North America,201-500,Premium,2020-11-18
CUST05024,Michael Hunter,mhale@example.com,42,Female,Technology,Asia-Pacific,51-200,Standard,2020-05-22
CUST05025,Nicole Cantu,mharris@example.com,63,Other,Technology,Asia-Pacific,51-200,Standard,2020-01-30
CUST05026,Mrs. Dominique Bryan,mhenson@example.com,64,Female,Healthcare,North America,501-1000,Free,2020-12-12
CUST05027,Daniel Ortiz,mholt@example.net,20,Other,Financial Services,Asia-Pacific,51-200,Standard,2021-01-14
CUST05028,Shane James,mhoward@example.com,31,Male,Manufacturing,Asia-Pacific,201-500,Standard,2019-05-17
CUST05029,John Patel,michael01@example.org,68,Female,Professional Services,Europe,11-50,Free,2020-06-10
CUST05030,Jeremy Bean,michael03@example.net,27,Female,Healthcare,Asia-Pacific,11-50,Standard,2019-11-19
CUST05031,Adam Jones MD,michael08@example.net,53,Female,Healthcare,Australia & New Zealand,201-500,Standard,2019-08-05
CUST05032,Anthony Ashley,michael10@example.net,31,Female,Media & Communications,Australia & New Zealand,201-500,Enterprise,2020-07-25
CUST05033,Jeremy Ortiz,michael12@example.net,56,Other,Retail,Europe,51-200,Premium,2018-12-18
CUST05034,Mr. Samuel Chapman,michael13@example.org,26,Other,Professional Services,Australia & New Zealand,201-500,Free,2019-12-13
CUST05035,Kristin Adams,michael16@example.org,20,Other,Technology,Asia-Pacific,1000+,Premium,2020-07-13
CUST05036,Samantha Joseph,michael17@example.com,45,Female,Technology,Other,1000+,Premium,2020-04-08
CUST05037,Nicole Harvey,michael18@example.com,41,Female,Education,Australia & New Zealand,1000+,Enterprise,2020-06-15
CUST05038,Jessica Porter,michael19@example.com,35,Other,Manufacturing,North America,201-500,Standard,2019-07-01
CUST05039,Megan Henderson,michael20@example.net,24,Other,Financial Services,Europe,11-50,Standard,2021-07-28
CUST05040,Hunter Johnson,michael20@example.org,35,Other,Manufacturing,North America,1000+,Standard,2019-10-25
CUST05041,Robin Henry,michael24@example.net,50,Male,Professional Services,Europe,501-1000,Standard,2020-06-13
CUST05042,Jeremy Good,michael25@example.net,32,Female,Other,Australia & New Zealand,1-10,Premium,2021-05-13
CUST05043,David Rodriguez,michael31@example.com,59,Female,Manufacturing,Australia & New Zealand,501-1000,Standard,2020-01-29
CUST05044,Lisa Roy,michael31@example.net,29,Male,Technology,North America,51-200,Enterprise,2021-01-09
CUST05045,Tiffany Gonzales,michael31@example.org,70,Other,Healthcare,North America,501-1000,Standard,2018-09-20
CUST05046,David Dunlap,michael32@example.com,50,Female,Government & Public Sector,North America,51-200,Free,2019-05-11
CUST05047,Robin Turner,michael32@example.org,50,Female,Professional Services,Australia & New Zealand,501-1000,Standard,2019-05-04
CUST05048,Steven Cole,michael33@example.com,45,Male,Education,Australia & New Zealand,1-10,Standard,2020-08-18
CUST05049,Robin Phelps,michael34@example.org,62,Other,Media & Communications,North America,51-200,Standard,2020-04-03
CUST05050,Jacob Howard,michael40@example.net,69,Female,Retail,Asia-Pacific,11-50,Premium,2020-06-05
CUST05051,Natalie Potter,michael41@example.net,63,Male,Media & Communications,Asia-Pacific,51-200,Standard,2019-10-04
CUST05052,Julia Garcia,michael42@example.com,69,Female,Technology,Asia-Pacific,1000+,Premium,2019-11-07
CUST05053,Tracy Cunningham,michael48@example.net,29,Male,Government & Public Sector,North America,501-1000,Standard,2020-04-19
CUST05054,Jeremy Robinson,michael49@example.net,32,Female,Technology,Australia & New Zealand,201-500,Premium,2019-02-12
CUST05055,Carl Hardin,michael55@example.net,27,Male,Professional Services,Other,51-200,Premium,2018-12-16
CUST05056,Bradley Wilcox,michael58@example.net,65,Female,Healthcare,Asia-Pacific,201-500,Premium,2020-11-23
CUST05057,Michelle Hernandez,michael58@example.org,58,Female,Professional Services,North America,11-50,Premium,2020-04-19
CUST05058,Zachary Campbell,michael59@example.com,41,Female,Government & Public Sector,Australia & New Zealand,51-200,Premium,2021-10-10
CUST05059,Cory Soto,michael59@example.org,54,Male,Professional Services,North America,51-200,Premium,2020-01-02
CUST05060,Brian Fuller,michael60@example.net,37,Other,Financial Services,Asia-Pacific,1000+,Standard,2019-08-22
CUST05061,Sharon Bailey,michael62@example.net,21,Other,Media & Communications,Australia & New Zealand,201-500,Standard,2021-07-25
CUST05062,Anna Lutz,michael65@example.net,31,Female,Healthcare,North America,11-50,Free,2020-05-01
CUST05063,Hannah Quinn,michael65@example.org,48,Other,Financial Services,Asia-Pacific,1000+,Premium,2020-02-08
CUST05064,Timothy Richard,michael66@example.net,63,Male,Technology,North America,1000+,Premium,2020-03-23
CUST05065,Jocelyn Morris,michael66@example.org,41,Male,Professional Services,Asia-Pacific,1-10,Standard,2019-04-18
CUST05066,Laura West,michael67@example.com,25,Male,Professional Services,Europe,11-50,Premium,2021-05-22
CUST05067,Ashley Powell,michael68@example.org,25,Other,Government & Public Sector,Europe,501-1000,Standard,2020-09-10
CUST05068,Gregory Maynard,michael71@example.org,25,Female,Government & Public Sector,Australia & New Zealand,51-200,Premium,2020-08-03
CUST05069,Emma Brock,michael72@example.net,25,Other,Education,North America,1-10,Standard,2020-02-21
CUST05070,Sarah Johnston,michael79@example.net,62,Female,Other,Asia-Pacific,501-1000,Premium,2019-09-28
CUST05071,Hannah Jones,michael92@example.org,63,Other,Professional Services,Australia & New Zealand,201-500,Standard,2020-02-25
CUST05072,Mr. Jeffrey Johnson,michael97@example.net,33,Male,Retail,North America,11-50,Standard,2019-08-04
CUST05073,Terrence Garrett,michael99@example.org,46,Other,Financial Services,Australia & New Zealand,1-10,Premium,2020-06-08
CUST05074,Kendra Howell MD,michaela42@example.net,42,Male,Technology,Europe,51-200,Premium,2021-04-18
CUST05075,Jessica Smith,michaelallison@example.org,45,Male,Technology,North America,11-50,Free,2020-03-30
CUST05076,Aaron Norris,michaelbarbara@example.net,62,Male,Technology,Europe,1-10,Enterprise,2019-07-11
CUST05077,Denise Jones,michaelbell@example.net,40,Female,Technology,Europe,201-500,Standard,2020-11-07
CUST05078,Terry Morales,michaelblevins@example.net,47,Male,Other,North America,201-500,Standard,2019-05-09
CUST05079,Jerry Mejia,michaelbriggs@example.org,41,Female,Technology,Australia & New Zealand,51-200,Free,2019-01-18
CUST05080,Renee Hopkins,michaelbrown@example.net,67,Female,Manufacturing,Australia & New Zealand,1000+,Standard,2020-06-16
CUST05081,Nancy Grimes,michaelbryant@example.net,46,Other,Government & Public Sector,Asia-Pacific,51-200,Premium,2021-04-01
CUST05082,Jenna Travis,michaelcollins@example.net,19,Female,Education,North America,11-50,Standard,2020-01-20
CUST05083,Christina Lopez,michaelconley@example.net,35,Other,Education,Asia-Pacific,51-200,Premium,2020-08-11
CUST05084,Heidi Powell,michaelconrad@example.net,59,Other,Healthcare,Europe,1000+,Standard,2020-07-23
CUST05085,Johnny Mann,michaelcox@example.net,47,Other,Financial Services,Asia-Pacific,1000+,Free,2020-01-31
CUST05086,Michael Gutierrez,michaeldavis@example.net,28,Male,Financial Services,Australia & New Zealand,11-50,Free,2018-12-03
CUST05087,Caleb Romero,michaeldodson@example.org,20,Female,Technology,Europe,11-50,Free,2020-11-06
CUST05088,Anthony Goodwin,michaelerickson@example.com,62,Other,Technology,Europe,1000+,Free,2019-07-18
CUST05089,Vincent Jones,michaelestes@example.org,41,Male,Retail,Other,501-1000,Standard,2020-04-30
CUST05090,Gary Eaton,michaelevans@example.com,53,Female,Financial Services,North America,51-200,Standard,2019-03-06
CUST05091,Patricia Wade,michaeleverett@example.org,41,Female,Manufacturing,North America,1000+,Standard,2021-03-28
CUST05092,Sandra Castaneda,michaelfarrell@example.net,20,Other,Media & Communications,North America,1000+,Standard,2020-05-22
CUST05093,Melissa Lewis,michaelferguson@example.net,68,Female,Professional Services,Australia & New Zealand,201-500,Standard,2020-08-26
CUST05094,Joshua Schmidt,michaelferrell@example.net,25,Female,Healthcare,Australia & New Zealand,51-200,Free,2018-11-28
CUST05095,Ryan Hicks,michaelfleming@example.com,68,Other,Manufacturing,North America,51-200,Enterprise,2020-07-02
CUST05096,Anne Deleon,michaelfrazier@example.com,52,Other,Media & Communications,Europe,11-50,Free,2019-10-28
CUST05097,Paula Walker,michaelgonzales@example.org,24,Male,Other,Asia-Pacific,51-200,Enterprise,2020-02-01
CUST05098,Andrew Jones,michaelgray@example.com,39,Female,Financial Services,Europe,11-50,Free,2020-01-05
CUST05099,Dennis Norris,michaelgreen@example.org,57,Male,Retail,Australia & New Zealand,201-500,Premium,2020-01-06
CUST05100,Matthew Cunningham,michaelhall@example.net,67,Female,Education,Europe,51-200,Enterprise,2021-07-04
CUST05101,Brandon Holland,michaelharris@example.org,58,Other,Technology,Other,1-10,Standard,2021-02-03
CUST05102,Madeline Jenkins,michaelhendrix@example.org,54,Male,Healthcare,Europe,1-10,Premium,2021-04-19
CUST05103,Gilbert Allen,michaelhill@example.com,33,Other,Technology,North America,1-10,Free,2020-06-05
CUST05104,Mary Payne,michaeljohnson@example.com,28,Female,Technology,Europe,501-1000,Standard,2020-02-21
CUST05105,Julie Roberts,michaeljohnson@example.net,19,Male,Media & Communications,Asia-Pacific,11-50,Standard,2019-06-22
CUST05106,Joshua Abbott,michaeljones@example.com,39,Male,Government & Public Sector,North America,51-200,Free,2019-04-21
CUST05107,Crystal Lewis,michaelkennedy@example.com,33,Other,Healthcare,North America,51-200,Enterprise,2020-02-06
CUST05108,Brittney Chapman,michaelleblanc@example.org,24,Male,Government & Public Sector,Australia & New Zealand,51-200,Free,2020-10-26
CUST05109,Donald Phillips,michaellindsey@example.net,29,Male,Education,Asia-Pacific,51-200,Standard,2019-09-10
CUST05110,Austin Thomas,michaellutz@example.com,20,Other,Education,Europe,1000+,Standard,2019-02-10
CUST05111,Steven Weeks,michaelmarshall@example.net,28,Other,Financial Services,Australia & New Zealand,11-50,Free,2021-02-20
CUST05112,Brad Harris,michaelmartin@example.org,32,Other,Technology,Australia & New Zealand,501-1000,Standard,2019-12-11
CUST05113,Steven Wright,michaelmartinez@example.net,62,Female,Technology,Other,201-500,Standard,2019-02-07
CUST05114,Pamela Miller,michaelmcdowell@example.net,51,Female,Financial Services,Asia-Pacific,501-1000,Premium,2020-10-11
CUST05115,Micheal Buckley,michaelmiller@example.org,46,Female,Manufacturing,Europe,1000+,Standard,2020-01-24
CUST05116,Matthew Oconnell,michaelmooney@example.com,70,Other,Technology,North America,201-500,Free,2020-01-27
CUST05117,Kendra Lewis,michaelnelson@example.net,62,Other,Professional Services,Australia & New Zealand,201-500,Premium,2020-10-03
CUST05118,Krista Johnson,michaelnewman@example.org,28,Male,Other,North America,201-500,Premium,2020-12-28
CUST05119,Jennifer White,michaelparker@example.org,70,Other,Government & Public Sector,Australia & New Zealand,11-50,Standard,2021-07-08
CUST05120,Sandra Harris,michaelramirez@example.com,29,Female,Technology,Australia & New Zealand,1-10,Premium,2020-07-31
CUST05121,Brian Crane,michaelrandall@example.com,39,Other,Media & Communications,Asia-Pacific,11-50,Enterprise,2020-01-14
CUST05122,Ashley Soto,michaelreed@example.net,45,Other,Manufacturing,North America,201-500,Free,2020-03-15
CUST05123,Logan Moreno,michaelroman@example.org,45,Male,Technology,Australia & New Zealand,11-50,Premium,2021-03-19
CUST05124,Carla Thomas,michaelrusso@example.com,62,Male,Financial Services,Australia & New Zealand,11-50,Free,2020-07-28
CUST05125,Jessica Jones,michaelsanders@example.com,68,Male,Healthcare,Australia & New Zealand,501-1000,Standard,2020-05-07
CUST05126,Scott Ward,michaelsilva@example.com,23,Male,Media & Communications,Asia-Pacific,51-200,Premium,2021-01-15
CUST05127,Suzanne Potter,michaelsmith@example.net,62,Female,Manufacturing,North America,1000+,Free,2021-04-24
CUST05128,Brad Pollard,michaelstewart@example.com,51,Other,Professional Services,North America,51-200,Free,2019-05-19
CUST05129,Michael Dominguez,michaelwright@example.org,57,Female,Technology,North America,501-1000,Free,2020-02-04
CUST05130,John Davis,michaelzamora@example.org,34,Other,Other,North America,1-10,Premium,2020-03-23
CUST05131,Nicholas Hernandez,micheal23@example.com,30,Other,Financial Services,Europe,51-200,Standard,2020-08-31
CUST05132,Paul Watts,micheal99@example.org,28,Other,Media & Communications,Europe,201-500,Enterprise,2019-11-22
CUST05133,Gina Hunter,michealhernandez@example.com,35,Female,Government & Public Sector,Australia & New Zealand,201-500,Standard,2020-01-10
CUST05134,James Roman,michele01@example.org,33,Female,Education,Australia & New Zealand,1-10,Standard,2020-07-26
CUST05135,Brandon Walsh,michele06@example.net,54,Other,Education,Australia & New Zealand,1000+,Standard,2020-06-04
CUST05136,Antonio Ford,michele64@example.com,30,Male,Financial Services,North America,1000+,Premium,2020-12-28
CUST05137,Cynthia Conrad,michele81@example.net,33,Female,Technology,Europe,201-500,Standard,2019-02-18
CUST05138,Zachary Sandoval,michele82@example.com,66,Male,Technology,North America,51-200,Premium,2020-09-16
CUST05139,Sean Anderson,micheleandrews@example.net,65,Other,Healthcare,Europe,201-500,Premium,2019-04-11
CUST05140,Barry Walker,michelecaldwell@example.com,65,Male,Technology,North America,11-50,Free,2019-10-13
CUST05141,Ashley Nguyen,michelejordan@example.org,20,Female,Education,Europe,201-500,Enterprise,2020-08-11
CUST05142,Peter Campbell,micheleknapp@example.com,21,Male,Education,Asia-Pacific,201-500,Premium,2020-10-11
CUST05143,Mercedes Martinez DDS,michelle17@example.net,20,Female,Government & Public Sector,Europe,201-500,Premium,2019-11-16
CUST05144,Miranda Jones,michelle30@example.net,18,Male,Education,Australia & New Zealand,501-1000,Premium,2020-09-07
CUST05145,Anna Miller,michelle37@example.net,69,Female,Retail,Australia & New Zealand,501-1000,Free,2019-09-25
CUST05146,Amy Clark,michelle37@example.org,34,Female,Manufacturing,Australia & New Zealand,11-50,Standard,2021-05-29
CUST05147,Breanna Hanson,michelle39@example.net,23,Female,Financial Services,Australia & New Zealand,1-10,Enterprise,2020-03-02
CUST05148,Bonnie Sullivan,michelle43@example.org,40,Male,Healthcare,Europe,201-500,Standard,2021-01-07
CUST05149,James Odom,michelle45@example.net,57,Male,Technology,Australia & New Zealand,11-50,Standard,2019-12-20
CUST05150,Anthony Giles,michelle55@example.org,37,Female,Technology,North America,51-200,Enterprise,2020-07-22
CUST05151,Lauren Davis,michelle61@example.org,37,Other,Other,North America,1-10,Standard,2019-06-15
CUST05152,Alex Jones,michelle71@example.com,23,Other,Professional Services,North America,1000+,Enterprise,2019-10-02
CUST05153,April Anthony,michelle74@example.org,55,Other,Education,Europe,11-50,Free,2019-05-29
CUST05154,Melissa Russell,michelle80@example.com,54,Male,Technology,Europe,201-500,Premium,2021-03-11
CUST05155,Alison Gates,michelle81@example.com,59,Female,Financial Services,Australia & New Zealand,51-200,Standard,2019-05-11
CUST05156,Charles Lopez,michelle84@example.net,29,Other,Government & Public Sector,Asia-Pacific,201-500,Standard,2019-11-05
CUST05157,Donna Jenkins,michelle90@example.com,31,Female,Government & Public Sector,Europe,501-1000,Free,2021-08-15
CUST05158,Matthew Richardson,michelle98@example.com,28,Female,Retail,North America,1000+,Standard,2020-06-09
CUST05159,Joshua Walker,michelleallen@example.org,21,Female,Financial Services,North America,11-50,Standard,2020-01-31
CUST05160,Lynn Bird,michellebarrett@example.com,63,Female,Other,Asia-Pacific,1000+,Standard,2019-12-28
CUST05161,Monica Duncan,michellebradley@example.org,54,Male,Media & Communications,Asia-Pacific,51-200,Premium,2020-03-10
CUST05162,David Schaefer,michellecraig@example.com,61,Other,Technology,Europe,1000+,Standard,2020-08-21
CUST05163,Sarah Ramsey,michellediaz@example.net,40,Other,Healthcare,Asia-Pacific,11-50,Standard,2021-05-25
CUST05164,Eddie Parker,michelledunlap@example.net,18,Other,Professional Services,Europe,51-200,Standard,2019-12-21
CUST05165,Ryan Walker MD,michellegarcia@example.org,21,Other,Technology,North America,201-500,Free,2020-09-15
CUST05166,Tammy Cortez,michellegarza@example.com,63,Female,Financial Services,North America,51-200,Premium,2020-02-06
CUST05167,Monica Robinson,michellegonzales@example.org,30,Male,Education,North America,51-200,Standard,2020-10-27
CUST05168,James Myers,michellehoover@example.com,42,Male,Retail,Europe,1000+,Standard,2020-12-01
CUST05169,Christopher Chung,michellehowell@example.org,48,Other,Other,Europe,201-500,Free,2020-08-13
CUST05170,Jason Fisher,michellejohnson@example.net,66,Female,Education,Asia-Pacific,11-50,Premium,2019-08-21
CUST05171,Jessica Reyes,michellejones@example.org,27,Female,Professional Services,Asia-Pacific,1-10,Standard,2020-04-04
CUST05172,Jennifer Ward,michelleluna@example.org,40,Other,Government & Public Sector,Australia & New Zealand,1000+,Enterprise,2021-07-11
CUST05173,Jason Turner,michellemalone@example.org,45,Female,Education,Australia & New Zealand,501-1000,Premium,2019-12-29
CUST05174,Kristin Fitzgerald,michelleortega@example.com,35,Female,Education,Europe,11-50,Standard,2020-10-03
CUST05175,Laura Sandoval,michellevazquez@example.net,22,Female,Technology,Europe,1000+,Standard,2018-11-18
CUST05176,James Sanchez,michelleyoung@example.net,48,Male,Media & Communications,Australia & New Zealand,11-50,Standard,2020-12-20
CUST05177,Jamie Young,miguel85@example.net,19,Female,Media & Communications,Australia & New Zealand,51-200,Premium,2020-11-08
CUST05178,Patricia Wolf,miguelstevens@example.org,38,Female,Retail,Asia-Pacific,51-200,Free,2021-01-23
CUST05179,Ronald Rowe,mikaylanichols@example.com,42,Male,Professional Services,North America,501-1000,Premium,2021-08-18
CUST05180,Zachary Castro,mike85@example.net,36,Other,Retail,Asia-Pacific,51-200,Free,2020-12-16
CUST05181,Phyllis Mcclain,mikechavez@example.com,21,Female,Manufacturing,Europe,51-200,Standard,2021-02-05
CUST05182,Paul Parks,mikehahn@example.net,56,Male,Healthcare,Australia & New Zealand,11-50,Standard,2020-07-07
CUST05183,Leslie Powell,miketorres@example.org,49,Male,Government & Public Sector,Europe,51-200,Standard,2020-07-01
CUST05184,William Drake,mileschad@example.org,39,Female,Professional Services,North America,1000+,Enterprise,2019-12-13
CUST05185,Maria Mejia,milleralyssa@example.com,70,Other,Healthcare,Australia & New Zealand,51-200,Free,2019-11-20
CUST05186,Megan Chavez,milleraustin@example.org,40,Female,Retail,Australia & New Zealand,51-200,Premium,2020-02-22
CUST05187,Austin Gray,millerbrandi@example.net,59,Male,Healthcare,Europe,51-200,Premium,2020-01-07
CUST05188,Christina Wiggins,millerbrenda@example.com,29,Other,Education,North America,11-50,Free,2021-07-01
CUST05189,Michael Brown,millerbrian@example.net,25,Male,Retail,Australia & New Zealand,51-200,Free,2020-11-27
CUST05190,Allison King,millerchristine@example.net,30,Male,Professional Services,North America,201-500,Premium,2019-11-28
CUST05191,Elizabeth Castillo,millerdavid@example.com,64,Female,Education,Australia & New Zealand,51-200,Premium,2020-01-20
CUST05192,James Butler,millereileen@example.org,65,Female,Financial Services,Europe,501-1000,Enterprise,2021-09-09
CUST05193,Ryan Cruz,millerelizabeth@example.org,35,Male,Government & Public Sector,North America,51-200,Premium,2019-11-08
CUST05194,Laura Orr,millereric@example.com,59,Male,Professional Services,Australia & New Zealand,51-200,Standard,2020-01-31
CUST05195,Kenneth Harris,millererika@example.com,57,Male,Manufacturing,Europe,1000+,Standard,2019-11-08
CUST05196,Yolanda Wilson,millerjennifer@example.com,42,Other,Manufacturing,Australia & New Zealand,201-500,Premium,2019-08-11
CUST05197,Abigail Kennedy,millerjennifer@example.org,31,Female,Healthcare,Other,201-500,Standard,2020-01-05
CUST05198,Natasha Rodriguez,millerjessica@example.com,23,Other,Retail,Europe,501-1000,Free,2019-07-11
CUST05199,Manuel Wilkerson,millerjill@example.com,20,Other,Media & Communications,Australia & New Zealand,11-50,Standard,2020-06-29
CUST05200,Miss Katie Reyes MD,millerkenneth@example.com,51,Female,Healthcare,Australia & New Zealand,11-50,Standard,2019-07-28
CUST05201,Matthew Berg,millerkevin@example.net,60,Female,Education,Australia & New Zealand,11-50,Free,2019-12-18
CUST05202,Jennifer Copeland,millermatthew@example.org,42,Female,Technology,Australia & New Zealand,201-500,Premium,2019-07-11
CUST05203,Eric Hogan,millermichael@example.org,36,Other,Education,Europe,51-200,Standard,2021-02-01
CUST05204,David Adams,millerpeter@example.net,65,Male,Professional Services,North America,1000+,Free,2020-02-29
CUST05205,Elizabeth King,millertammy@example.net,67,Male,Other,North America,51-200,Premium,2021-09-30
CUST05206,Erica Scott DVM,millsdenise@example.net,40,Female,Professional Services,North America,501-1000,Enterprise,2019-09-29
CUST05207,Crystal Knight,millsjames@example.org,19,Female,Healthcare,Australia & New Zealand,201-500,Free,2018-09-26
CUST05208,Justin Gill,millsjohn@example.com,67,Other,Financial Services,Europe,501-1000,Standard,2020-04-07
CUST05209,Jason Martinez,millsnicole@example.org,43,Female,Other,Europe,11-50,Premium,2021-05-28
CUST05210,Sean Perry,mindy95@example.net,39,Other,Other,North America,51-200,Standard,2019-05-30
CUST05211,Michael Hines,miranda36@example.org,30,Female,Retail,Asia-Pacific,1-10,Free,2019-09-29
CUST05212,Steven Henry,miranda59@example.com,54,Male,Other,Europe,1-10,Enterprise,2020-03-14
CUST05213,Terri Jackson,mirandablair@example.org,50,Male,Professional Services,Europe,51-200,Premium,2020-01-26
CUST05214,Angel Garcia MD,mirandagarcia@example.com,41,Female,Technology,North America,201-500,Standard,2020-06-06
CUST05215,Glenn Shaffer,mirandaharmon@example.net,34,Male,Government & Public Sector,Australia & New Zealand,501-1000,Standard,2020-04-21
CUST05216,Paul Baldwin,mirandajohnson@example.net,38,Other,Financial Services,Australia & New Zealand,1-10,Premium,2019-10-11
CUST05217,Joe Mckee,mirandaklein@example.org,46,Other,Retail,North America,501-1000,Standard,2018-09-04
CUST05218,Christian Smith,misty37@example.com,46,Other,Government & Public Sector,Asia-Pacific,51-200,Standard,2020-01-13
CUST05219,Joshua Lee,mistyortiz@example.org,43,Female,Financial Services,Europe,1000+,Standard,2020-06-29
CUST05220,Brady Osborn,mitchell05@example.net,32,Male,Education,Australia & New Zealand,11-50,Standard,2019-06-03
CUST05221,Norma Diaz,mitchell86@example.com,21,Other,Education,Asia-Pacific,501-1000,Premium,2020-10-04
CUST05222,Denise Stafford,mitchellcarrie@example.org,23,Other,Education,North America,11-50,Free,2020-12-01
CUST05223,Traci Williams,mitchelljennifer@example.com,55,Male,Retail,Other,501-1000,Free,2018-12-17
CUST05224,Joy Daniels,mitchellkatherine@example.org,55,Other,Professional Services,Europe,201-500,Premium,2020-11-24
CUST05225,Patricia Pacheco,mitchellmaria@example.net,41,Male,Education,Europe,51-200,Standard,2020-09-14
CUST05226,William Henderson,mitchellmary@example.net,19,Female,Healthcare,Australia & New Zealand,11-50,Free,2020-08-26
CUST05227,Willie Chambers,mitchellmichael@example.com,23,Female,Other,North America,201-500,Premium,2020-03-09
CUST05228,Kimberly Kelly,mitchellnathaniel@example.net,55,Female,Government & Public Sector,North America,1000+,Free,2019-03-23
CUST05229,Lydia Lewis,mitchellpatricia@example.net,39,Male,Professional Services,North America,51-200,Premium,2018-11-03
CUST05230,Jessica May,mitchellshaffer@example.org,39,Female,Financial Services,Asia-Pacific,51-200,Free,2020-12-30
CUST05231,Michael Pearson,mjordan@example.com,67,Other,Education,Asia-Pacific,51-200,Free,2020-02-05
CUST05232,Valerie Perez,mkerr@example.net,38,Male,Manufacturing,Australia & New Zealand,201-500,Premium,2021-03-09
CUST05233,James Lewis,mking@example.net,41,Other,Media & Communications,Asia-Pacific,11-50,Premium,2020-02-12
CUST05234,Ricky Rice,mliu@example.com,56,Male,Technology,Europe,1-10,Enterprise,2019-01-23
CUST05235,Tyler Wilson,mlong@example.net,35,Other,Other,Europe,51-200,Premium,2020-12-13
CUST05236,Erin Coleman,mlopez@example.com,69,Male,Professional Services,Europe,201-500,Premium,2020-06-26
CUST05237,Eric Arnold,mmanning@example.org,55,Male,Financial Services,Asia-Pacific,11-50,Standard,2020-10-03
CUST05238,Jennifer Woods,mmartin@example.org,37,Female,Retail,North America,1000+,Standard,2019-01-09
CUST05239,Juan Hayes,mmckee@example.org,70,Male,Professional Services,Australia & New Zealand,51-200,Standard,2020-10-01
CUST05240,Edward Scott,mmelton@example.net,38,Female,Media & Communications,North America,1-10,Premium,2020-02-07
CUST05241,Paula Simon,mmontgomery@example.net,20,Male,Media & Communications,Australia & New Zealand,51-200,Standard,2021-01-13
CUST05242,Paul Miller,mmoore@example.net,59,Male,Manufacturing,Australia & New Zealand,51-200,Premium,2020-09-30
CUST05243,Rachel Pacheco,mmoore@example.org,61,Male,Media & Communications,Europe,501-1000,Premium,2021-03-17
CUST05244,Mark Carroll,mnelson@example.com,67,Male,Other,Europe,1-10,Enterprise,2020-11-06
CUST05245,Thomas Price,molinajames@example.com,64,Other,Financial Services,Australia & New Zealand,11-50,Standard,2021-01-07
CUST05246,Scott Mooney,mollydunlap@example.org,69,Male,Retail,Europe,1000+,Standard,2018-09-24
CUST05247,Cody Wilson,mollymitchell@example.net,41,Other,Professional Services,Europe,51-200,Standard,2020-01-14
CUST05248,Alexandra Blake,monica27@example.com,41,Other,Manufacturing,North America,51-200,Enterprise,2020-03-21
CUST05249,Bridget Elliott,monica43@example.org,62,Male,Healthcare,Other,201-500,Enterprise,2019-08-20
CUST05250,Isaiah Bernard,monica51@example.net,57,Female,Education,Australia & New Zealand,11-50,Enterprise,2020-06-09
CUST05251,Thomas Becker,monica56@example.com,52,Female,Healthcare,Europe,201-500,Standard,2020-04-19
CUST05252,Katherine Smith,monica57@example.net,47,Female,Education,North America,1000+,Free,2021-03-20
CUST05253,Brandon Thompson,monicaadams@example.com,38,Male,Government & Public Sector,Europe,1000+,Free,2019-06-19
CUST05254,Jennifer Weiss,monicadiaz@example.org,43,Other,Education,Europe,201-500,Free,2020-07-07
CUST05255,Brandon Tran,monicahaynes@example.org,66,Male,Professional Services,Other,11-50,Free,2019-10-06
CUST05256,Christopher Michael,monroebrian@example.net,25,Male,Education,Asia-Pacific,201-500,Enterprise,2021-03-15
CUST05257,Shaun Palmer,monroetheresa@example.com,28,Male,Professional Services,Australia & New Zealand,501-1000,Premium,2020-04-26
CUST05258,Loretta Chang,montesashley@example.org,64,Other,Education,Europe,201-500,Free,2020-03-21
CUST05259,Alexander Gonzalez,montgomeryconnie@example.org,25,Male,Healthcare,Europe,11-50,Premium,2019-05-26
CUST05260,Olivia Beck,montgomeryjoshua@example.org,61,Female,Professional Services,Europe,501-1000,Standard,2019-07-10
CUST05261,Jasmin Padilla,montoyaethan@example.com,34,Other,Education,North America,201-500,Standard,2020-12-26
CUST05262,Charles Barajas,moodyhector@example.org,58,Other,Technology,Other,1-10,Free,2019-09-03
CUST05263,Jonathan Cooper,moodyseth@example.com,53,Female,Media & Communications,Asia-Pacific,51-200,Premium,2019-12-19
CUST05264,Nicole Smith,moonjessica@example.com,25,Male,Other,Europe,11-50,Standard,2019-10-08
CUST05265,Lori Cruz,mooreaustin@example.org,47,Male,Healthcare,Australia & New Zealand,51-200,Free,2019-10-14
CUST05266,Ian Davis,moorebrian@example.org,38,Male,Manufacturing,Asia-Pacific,51-200,Standard,2019-02-09
CUST05267,Desiree Hill,moorebryan@example.org,44,Female,Professional Services,Australia & New Zealand,201-500,Standard,2020-12-08
CUST05268,Melissa Conley,moorecheryl@example.net,63,Female,Government & Public Sector,Europe,51-200,Free,2020-06-18
CUST05269,Joshua Castillo,mooredeborah@example.org,56,Female,Technology,Asia-Pacific,201-500,Free,2020-07-29
CUST05270,Alexis Allen,mooreeric@example.net,62,Male,Other,Europe,51-200,Enterprise,2020-02-10
CUST05271,Donald Flores,moorelindsay@example.com,66,Male,Government & Public Sector,North America,11-50,Premium,2019-03-22
CUST05272,Taylor Powell,moorelisa@example.org,35,Male,Other,North America,11-50,Premium,2019-02-23
CUST05273,Jessica Snyder,mooremaria@example.com,24,Other,Professional Services,Australia & New Zealand,11-50,Free,2019-11-14
CUST05274,Christine Taylor,moorematthew@example.net,21,Male,Technology,North America,51-200,Standard,2021-03-10
CUST05275,Eric Black,moorepeter@example.net,34,Other,Media & Communications,Australia & New Zealand,1000+,Standard,2020-09-27
CUST05276,Sean Lee,moorerachel@example.net,31,Other,Technology,Australia & New Zealand,1000+,Free,2019-07-09
CUST05277,Ryan Smith,moorerichard@example.net,58,Male,Media & Communications,Other,11-50,Standard,2020-05-31
CUST05278,Kimberly Long,moorerobert@example.org,21,Male,Professional Services,Australia & New Zealand,201-500,Premium,2021-01-12
CUST05279,Amanda Garrett,mooreryan@example.org,41,Male,Technology,Other,201-500,Standard,2019-08-10
CUST05280,Linda Thomas,mooresandra@example.net,55,Male,Professional Services,Europe,51-200,Premium,2021-04-11
CUST05281,Lauren Luna,moorestephen@example.com,63,Female,Technology,Europe,11-50,Free,2021-04-28
CUST05282,Madeline Heath,mooreyvonne@example.net,62,Other,Education,Australia & New Zealand,201-500,Premium,2018-12-12
CUST05283,Matthew Morris,morajohn@example.net,24,Other,Financial Services,North America,1000+,Standard,2020-11-20
CUST05284,Lynn Frank,moralesandrew@example.org,59,Other,Financial Services,North America,51-200,Free,2021-10-12
CUST05285,Amy Fisher,moralesdaniel@example.org,19,Other,Technology,Europe,51-200,Standard,2018-12-06
CUST05286,John Hale,moralesjeffrey@example.net,49,Male,Media & Communications,Europe,201-500,Free,2019-05-28
CUST05287,Linda Davis,moralesrichard@example.org,46,Male,Media & Communications,Europe,1-10,Standard,2020-10-18
CUST05288,Larry Murphy,moralestony@example.com,20,Female,Retail,Asia-Pacific,11-50,Standard,2021-02-12
CUST05289,Dana Harrington,moranclayton@example.com,33,Other,Retail,Australia & New Zealand,1000+,Premium,2018-08-25
CUST05290,Nicole Cooper,morangabriel@example.com,39,Other,Media & Communications,Asia-Pacific,501-1000,Premium,2020-01-01
CUST05291,Lori Rice,moranjennifer@example.net,29,Male,Other,Asia-Pacific,201-500,Free,2021-09-11
CUST05292,Jennifer Butler,moranjohn@example.com,65,Male,Manufacturing,Asia-Pacific,1-10,Standard,2020-01-11
CUST05293,William Ross,moranjonathan@example.com,35,Other,Retail,Australia & New Zealand,51-200,Premium,2020-06-10
CUST05294,Nichole Rice,morenoandrea@example.net,66,Male,Other,Australia & New Zealand,11-50,Free,2019-12-22
CUST05295,Kenneth Norris,morenomichael@example.net,42,Other,Healthcare,Australia & New Zealand,201-500,Standard,2021-02-02
CUST05296,Heather Silva,morenoscott@example.org,35,Other,Professional Services,Australia & New Zealand,1000+,Premium,2019-03-13
CUST05297,Joshua Hall,morenotammy@example.net,53,Other,Healthcare,Europe,501-1000,Free,2020-12-20
CUST05298,Shawn Williams,morenovanessa@example.org,65,Female,Healthcare,North America,201-500,Premium,2019-05-30
CUST05299,Laura Simmons,morgandavid@example.net,34,Other,Other,Australia & New Zealand,201-500,Standard,2020-06-15
CUST05300,Cynthia Davis,morganjohn@example.net,22,Other,Education,Asia-Pacific,501-1000,Standard,2019-03-29
CUST05301,Elizabeth Waller MD,morganleslie@example.com,65,Female,Education,Australia & New Zealand,51-200,Standard,2020-12-13
CUST05302,Courtney Carter,morganwashington@example.com,65,Other,Technology,Europe,11-50,Premium,2019-05-22
CUST05303,Mrs. Colleen Hutchinson,morozco@example.org,58,Female,Education,Australia & New Zealand,201-500,Standard,2019-06-21
CUST05304,Angela Rodriguez,morriscourtney@example.com,18,Female,Financial Services,Europe,51-200,Standard,2020-05-05
CUST05305,Robert Smith,morrisearl@example.com,56,Male,Media & Communications,Asia-Pacific,501-1000,Standard,2020-05-14
CUST05306,Michael Kelly,morrisjeff@example.com,56,Other,Government & Public Sector,Europe,51-200,Premium,2019-11-20
CUST05307,Lauren Taylor,morrislisa@example.org,64,Female,Government & Public Sector,Europe,501-1000,Standard,2020-11-22
CUST05308,David Levy,morrisonalex@example.com,69,Male,Technology,North America,51-200,Standard,2018-08-13
CUST05309,Matthew Jones,morrisonmark@example.net,54,Female,Retail,Europe,11-50,Standard,2020-12-08
CUST05310,Omar Brown,morrisonmelissa@example.com,56,Male,Healthcare,Europe,11-50,Free,2019-09-08
CUST05311,Robert Harris,morrisveronica@example.net,59,Female,Financial Services,Europe,11-50,Premium,2018-10-05
CUST05312,Stacey Barron,morrowroberta@example.org,23,Other,Education,North America,51-200,Standard,2020-07-19
CUST05313,Travis Smith,mortonkathryn@example.net,25,Female,Retail,North America,51-200,Premium,2020-05-17
CUST05314,Kimberly Williams,mortonrichard@example.net,55,Female,Financial Services,Europe,11-50,Enterprise,2020-09-04
CUST05315,Christine Reynolds,mosleymaurice@example.com,42,Other,Professional Services,North America,201-500,Standard,2019-08-13
CUST05316,Jared Park,mosscharles@example.org,29,Other,Manufacturing,Europe,1000+,Enterprise,2020-03-03
CUST05317,Rebecca Bernard,moyerronnie@example.org,44,Female,Technology,Australia & New Zealand,51-200,Premium,2020-10-15
CUST05318,Brandon Hammond,mpatel@example.net,63,Other,Other,North America,1000+,Standard,2018-08-08
CUST05319,Richard Mcdonald,mpatterson@example.org,37,Female,Retail,North America,51-200,Free,2021-03-24
CUST05320,Lauren Martinez,mpearson@example.net,45,Other,Other,Australia & New Zealand,1000+,Standard,2020-05-31
CUST05321,Dr. Tammy Meyer DVM,mpeters@example.com,35,Female,Retail,Europe,201-500,Standard,2019-03-29
CUST05322,Jesse Knox,mpetty@example.com,31,Male,Media & Communications,Australia & New Zealand,1-10,Standard,2019-11-30
CUST05323,Jane Eaton,mprice@example.com,26,Female,Manufacturing,Australia & New Zealand,11-50,Premium,2021-05-26
CUST05324,Justin Martin,mreeves@example.com,33,Male,Financial Services,Europe,201-500,Standard,2019-12-26
CUST05325,Michele Blake,mrichards@example.com,37,Female,Government & Public Sector,Asia-Pacific,11-50,Premium,2020-05-21
CUST05326,Jodi Cowan,mrichards@example.org,48,Other,Technology,Australia & New Zealand,1000+,Standard,2019-10-04
CUST05327,Jessica Gomez,mrivera@example.org,35,Female,Media & Communications,Europe,201-500,Premium,2020-09-14
CUST05328,Matthew Jones,mrobbins@example.com,39,Female,Education,Europe,51-200,Premium,2020-04-28
CUST05329,Kimberly Guerra,mrobinson@example.com,53,Female,Other,Europe,1000+,Standard,2020-05-05
CUST05330,Mary Taylor,mrogers@example.net,51,Male,Education,North America,51-200,Standard,2020-06-07
CUST05331,Alison Clark,mrogers@example.org,28,Male,Healthcare,Other,501-1000,Premium,2020-06-07
CUST05332,Tammy Price,mross@example.com,20,Male,Professional Services,Europe,11-50,Standard,2019-08-27
CUST05333,Mallory Thomas,mruiz@example.org,19,Male,Professional Services,North America,51-200,Free,2020-06-18
CUST05334,Larry Smith DVM,msampson@example.com,18,Female,Healthcare,Australia & New Zealand,51-200,Premium,2020-02-09
CUST05335,Meagan Pacheco,msanchez@example.net,38,Male,Financial Services,North America,51-200,Standard,2019-03-25
CUST05336,Jill Duncan,msmith@example.com,68,Other,Financial Services,Asia-Pacific,51-200,Premium,2020-12-04
CUST05337,Alvin Stephenson,msmith@example.net,21,Other,Education,Australia & New Zealand,11-50,Standard,2020-05-24
CUST05338,William Stevens,msmith@example.org,39,Female,Media & Communications,Europe,501-1000,Standard,2019-03-27
CUST05339,John Fitzgerald,msweeney@example.net,43,Male,Retail,Europe,51-200,Standard,2021-02-28
CUST05340,Lauren Bailey,mtaylor@example.com,42,Male,Technology,Other,51-200,Standard,2019-10-19
CUST05341,Richard Church,mthomas@example.org,27,Male,Government & Public Sector,Europe,11-50,Standard,2020-10-29
CUST05342,Cindy Yu,mthompson@example.org,50,Other,Professional Services,Australia & New Zealand,11-50,Premium,2019-05-17
CUST05343,Andrew Blackwell,mullinsjessica@example.net,49,Other,Technology,North America,501-1000,Standard,2020-08-19
CUST05344,Raymond Robinson,munozheidi@example.org,69,Female,Media & Communications,North America,201-500,Standard,2019-12-06
CUST05345,Nicholas Ward,munozjessica@example.net,41,Female,Media & Communications,Europe,51-200,Standard,2020-06-18
CUST05346,Marcus Curry,murphyamanda@example.org,28,Female,Technology,Asia-Pacific,201-500,Premium,2021-02-22
CUST05347,Michael Porter,murphybecky@example.net,56,Male,Media & Communications,North America,1000+,Standard,2020-07-06
CUST05348,Mark Grant,murphyjames@example.com,39,Other,Professional Services,Asia-Pacific,1000+,Free,2020-05-28
CUST05349,Scott Black,murphypaul@example.net,70,Female,Professional Services,Europe,51-200,Standard,2020-01-05
CUST05350,Caitlin Bullock,murphysharon@example.net,60,Male,Healthcare,Australia & New Zealand,201-500,Free,2019-01-06
CUST05351,Robert Duffy,murphytara@example.org,62,Other,Education,Asia-Pacific,1000+,Standard,2020-05-20
CUST05352,Jill Leon,murrayanna@example.org,51,Female,Healthcare,North America,201-500,Free,2018-10-06
CUST05353,Kevin Edwards,murraybrendan@example.org,54,Female,Other,Australia & New Zealand,11-50,Enterprise,2021-07-21
CUST05354,Susan Chapman,murraydouglas@example.com,51,Female,Technology,North America,1-10,Free,2021-01-28
CUST05355,Brittany Tate,murraywesley@example.org,48,Other,Financial Services,North America,51-200,Enterprise,2019-08-17
CUST05356,Jennifer Alvarez,mvasquez@example.net,27,Female,Media & Communications,Asia-Pacific,1-10,Premium,2021-03-07
CUST05357,Kenneth Lee,mwebb@example.com,42,Male,Healthcare,North America,11-50,Premium,2020-01-29
CUST05358,Louis Mejia,mwilliams@example.org,50,Female,Technology,Other,51-200,Premium,2019-04-17
CUST05359,Adam Lee,mwise@example.org,43,Male,Professional Services,North America,1000+,Enterprise,2019-11-10
CUST05360,Susan Kennedy,myerschristopher@example.com,45,Male,Retail,Australia & New Zealand,1-10,Standard,2019-05-28
CUST05361,Doris Allison,myersdaniel@example.org,48,Female,Government & Public Sector,Asia-Pacific,1000+,Premium,2019-05-30
CUST05362,Jonathan Zamora,myersjennifer@example.org,26,Male,Media & Communications,Europe,11-50,Standard,2019-08-19
CUST05363,Julie Larsen,myersmatthew@example.com,63,Other,Other,Asia-Pacific,51-200,Free,2020-06-20
CUST05364,Katherine Reid,myersrachel@example.org,67,Male,Education,Europe,11-50,Enterprise,2020-05-27
CUST05365,Mary Hunt,myersrobert@example.org,65,Other,Media & Communications,North America,501-1000,Enterprise,2021-09-28
CUST05366,Brian Hayes,myersscott@example.net,50,Male,Government & Public Sector,Europe,201-500,Premium,2020-09-26
CUST05367,Amy Johnson,myerszachary@example.org,58,Male,Professional Services,Asia-Pacific,501-1000,Premium,2019-05-27
CUST05368,Teresa Hill,myoung@example.net,37,Female,Government & Public Sector,Europe,51-200,Free,2019-10-12
CUST05369,Gabrielle Griffin,nalvarez@example.net,58,Female,Professional Services,Europe,201-500,Standard,2019-04-10
CUST05370,Matthew Wilson,nancy24@example.org,43,Female,Professional Services,Australia & New Zealand,1000+,Standard,2019-10-31
CUST05371,Richard Herman,nancy34@example.org,24,Other,Financial Services,Europe,11-50,Standard,2021-08-10
CUST05372,John Garcia,nancy80@example.net,67,Female,Technology,Other,201-500,Standard,2020-07-09
CUST05373,Becky Bailey,nancybrown@example.net,19,Male,Retail,North America,11-50,Standard,2019-09-07
CUST05374,Jeremy Jones,nancyjames@example.com,52,Male,Manufacturing,North America,201-500,Enterprise,2020-01-01
CUST05375,Derek Stafford,nancylopez@example.net,23,Female,Manufacturing,Asia-Pacific,51-200,Enterprise,2020-05-08
CUST05376,Raymond Cook,nancyriley@example.net,23,Other,Government & Public Sector,Europe,1-10,Enterprise,2019-09-13
CUST05377,Joseph Rowland,nancyrodriguez@example.com,29,Other,Technology,Europe,201-500,Standard,2019-05-13
CUST05378,Holly Oliver,nancysanchez@example.com,46,Male,Manufacturing,Europe,1000+,Standard,2020-11-16
CUST05379,Tammy Sanchez,nandersen@example.com,28,Male,Healthcare,Asia-Pacific,11-50,Enterprise,2019-05-31
CUST05380,Ernest Torres,nanderson@example.org,60,Other,Government & Public Sector,North America,501-1000,Enterprise,2019-09-21
CUST05381,Kelly Garza,narmstrong@example.com,45,Female,Technology,Asia-Pacific,51-200,Premium,2020-04-16
CUST05382,Jessica Sanchez,nashcody@example.com,41,Other,Professional Services,Asia-Pacific,51-200,Free,2018-09-27
CUST05383,Jessica Cuevas,natalie56@example.org,27,Male,Financial Services,Other,11-50,Standard,2018-08-02
CUST05384,Kimberly Anderson,natalie63@example.com,44,Female,Technology,Asia-Pacific,501-1000,Standard,2021-05-01
CUST05385,Margaret Reed,natalie96@example.net,40,Male,Retail,North America,51-200,Enterprise,2020-11-15
CUST05386,David Hernandez,nataliejohnson@example.com,41,Female,Healthcare,Europe,201-500,Free,2020-05-11
CUST05387,Laura Burns,natalieolsen@example.com,43,Other,Manufacturing,Australia & New Zealand,1000+,Premium,2020-01-16
CUST05388,Dana Cruz,nataliesummers@example.org,21,Male,Other,North America,201-500,Standard,2020-06-17
CUST05389,Felicia Lindsey,nataliewade@example.org,33,Male,Financial Services,Asia-Pacific,11-50,Standard,2019-03-20
CUST05390,Carrie Ayers,natasha18@example.com,68,Female,Technology,North America,1000+,Standard,2021-09-16
CUST05391,Christopher Bailey,natasha36@example.org,68,Female,Education,Australia & New Zealand,201-500,Standard,2019-03-29
CUST05392,Alexander Perez,natasha82@example.org,64,Female,Other,Asia-Pacific,1-10,Standard,2020-01-04
CUST05393,Christopher Rojas,natashajohnson@example.com,31,Other,Other,Asia-Pacific,11-50,Premium,2019-11-14
CUST05394,Joshua Perez,natashamora@example.org,57,Female,Financial Services,Australia & New Zealand,11-50,Premium,2020-07-15
CUST05395,Shawn Mann,nathan33@example.net,42,Male,Financial Services,Europe,1000+,Standard,2019-08-24
CUST05396,Timothy Gomez,nathan33@example.org,29,Other,Education,Asia-Pacific,201-500,Standard,2019-09-06
CUST05397,Arthur Mccullough,nathan51@example.net,60,Other,Manufacturing,Europe,201-500,Free,2019-06-13
CUST05398,Sonya Stafford,nathan51@example.org,48,Male,Media & Communications,North America,1000+,Enterprise,2020-11-21
CUST05399,Mary Griffin,nathan55@example.net,27,Other,Financial Services,Europe,11-50,Premium,2021-01-07
CUST05400,Brian Norman,nathan62@example.com,57,Other,Professional Services,North America,51-200,Standard,2020-05-22
CUST05401,Anna Barnes,nathanflores@example.com,67,Male,Financial Services,North America,11-50,Free,2020-01-24
CUST05402,Nicholas Mora,nathanhunter@example.org,40,Other,Other,Europe,1000+,Enterprise,2018-10-02
CUST05403,Douglas West,nathaniel95@example.org,43,Female,Technology,Asia-Pacific,51-200,Standard,2021-05-28
CUST05404,Matthew Clark,nathanieldavis@example.com,33,Male,Professional Services,Asia-Pacific,201-500,Free,2020-01-25
CUST05405,Jessica Burke,nathanielgrant@example.org,69,Male,Other,Asia-Pacific,51-200,Free,2020-08-22
CUST05406,David Freeman,nathanielrichardson@example.com,21,Other,Healthcare,Europe,51-200,Enterprise,2019-06-06
CUST05407,Patricia Burton,nathanielwilkins@example.org,57,Other,Technology,North America,1-10,Premium,2019-10-13
CUST05408,John Andrews,nathanjones@example.com,31,Male,Technology,North America,51-200,Standard,2020-12-29
CUST05409,Jeffrey Rivera,nathansmith@example.org,36,Female,Government & Public Sector,Asia-Pacific,1000+,Standard,2020-11-05
CUST05410,Courtney Carter,nathanvaughn@example.net,22,Male,Healthcare,Australia & New Zealand,201-500,Standard,2019-12-09
CUST05411,Matthew Barrett,nathanwilliams@example.com,36,Other,Other,North America,51-200,Premium,2021-03-01
CUST05412,Terry Perez,navarrojennifer@example.com,23,Male,Manufacturing,North America,11-50,Standard,2020-03-13
CUST05413,Alison Gibson,nbarry@example.net,47,Male,Technology,North America,501-1000,Enterprise,2021-03-22
CUST05414,Carl Conley,nbates@example.com,60,Other,Professional Services,North America,11-50,Enterprise,2020-03-18
CUST05415,Lori Larson,nbeltran@example.org,27,Female,Retail,Europe,1000+,Standard,2019-02-27
CUST05416,Lisa Mason,nbennett@example.net,46,Other,Financial Services,North America,201-500,Standard,2020-04-14
CUST05417,Rebecca Lamb,nbonilla@example.net,43,Other,Professional Services,Asia-Pacific,201-500,Premium,2019-09-12
CUST05418,Sarah Cox,nbrown@example.com,33,Male,Other,Other,11-50,Free,2020-09-27
CUST05419,Jeffrey Daniels DDS,ncaldwell@example.com,65,Other,Healthcare,Asia-Pacific,1000+,Premium,2020-06-16
CUST05420,Jason Medina,nchristian@example.com,70,Female,Government & Public Sector,Australia & New Zealand,11-50,Standard,2020-08-15
CUST05421,Scott Dennis,nclark@example.com,41,Female,Professional Services,Asia-Pacific,201-500,Premium,2019-10-18
CUST05422,Patrick Peterson,ncompton@example.com,61,Other,Government & Public Sector,North America,1000+,Premium,2020-10-23
CUST05423,Jessica Jackson,ncook@example.org,63,Female,Professional Services,Asia-Pacific,501-1000,Free,2019-05-29
CUST05424,Jeffrey Gomez,ndavis@example.org,25,Other,Retail,North America,501-1000,Standard,2020-12-20
CUST05425,Jason Garcia,ndennis@example.net,26,Female,Healthcare,North America,11-50,Standard,2021-09-14
CUST05426,Ryan Stevens,nduran@example.com,26,Other,Financial Services,North America,501-1000,Premium,2019-02-25
CUST05427,John Solis,neilpeters@example.com,19,Other,Education,Other,11-50,Standard,2019-12-23
CUST05428,Sarah Williams,nelsondanielle@example.com,31,Female,Other,Australia & New Zealand,1-10,Standard,2021-07-23
CUST05429,Erin Horton,nelsonnancy@example.net,27,Male,Media & Communications,North America,11-50,Standard,2019-05-19
CUST05430,Gerald Moore,nelsonphyllis@example.net,34,Male,Financial Services,Europe,1000+,Enterprise,2020-08-23
CUST05431,Bruce Morales,nelsonrichard@example.com,37,Male,Technology,Other,11-50,Enterprise,2018-09-24
CUST05432,Michael Morales,nelsonronald@example.net,56,Female,Technology,Australia & New Zealand,1000+,Standard,2019-04-18
CUST05433,Victor Todd,nelsonroy@example.com,41,Male,Manufacturing,Other,51-200,Standard,2019-12-29
CUST05434,Kimberly Smith,nevans@example.com,31,Female,Technology,Europe,51-200,Premium,2020-05-25
CUST05435,Jason Kelly,newmancheryl@example.com,64,Other,Technology,Europe,1000+,Standard,2019-07-16
CUST05436,Taylor Burnett,newmaneric@example.org,57,Other,Financial Services,Europe,51-200,Standard,2020-05-18
CUST05437,Robert Smith,newmannancy@example.net,27,Other,Technology,Australia & New Zealand,51-200,Standard,2021-03-12
CUST05438,Jessica Ford,newtonbruce@example.org,22,Other,Financial Services,Europe,11-50,Standard,2020-12-01
CUST05439,Danny Contreras,newtonkenneth@example.org,30,Male,Technology,North America,11-50,Premium,2021-11-29
CUST05440,Michael Oliver,nfernandez@example.com,62,Male,Professional Services,Australia & New Zealand,1-10,Premium,2019-06-30
CUST05441,Christian Rice,nflores@example.com,43,Female,Media & Communications,Europe,201-500,Premium,2020-05-10
CUST05442,Kaitlin Daniel,nfox@example.net,19,Female,Media & Communications,Other,51-200,Standard,2021-01-06
CUST05443,Courtney Mcneil,nfreeman@example.com,40,Female,Retail,Australia & New Zealand,11-50,Free,2020-09-16
CUST05444,Todd Adkins,nfrench@example.org,51,Female,Technology,North America,51-200,Enterprise,2020-10-07
CUST05445,Emily Graham,ngibson@example.net,29,Female,Other,Asia-Pacific,51-200,Standard,2019-12-21
CUST05446,Sherry Young,ngolden@example.org,37,Other,Retail,Australia & New Zealand,1-10,Premium,2020-02-23
CUST05447,Michael Irwin,ngoodwin@example.net,68,Male,Technology,Asia-Pacific,11-50,Free,2020-12-29
CUST05448,Sarah Gardner,ngray@example.net,38,Male,Healthcare,North America,201-500,Free,2020-05-30
CUST05449,Richard Young,nguyenashley@example.net,64,Male,Other,Australia & New Zealand,501-1000,Free,2019-11-29
CUST05450,Mr. Kurt White,nguyencourtney@example.org,51,Male,Government & Public Sector,Australia & New Zealand,11-50,Premium,2020-03-20
CUST05451,Kevin Figueroa,nguyendavid@example.net,42,Male,Professional Services,Europe,11-50,Standard,2019-05-25
CUST05452,Kelly Walton,nguyenheather@example.org,63,Female,Technology,Australia & New Zealand,51-200,Standard,2020-08-13
CUST05453,Victor Le,nguyenjason@example.org,23,Female,Government & Public Sector,Australia & New Zealand,11-50,Premium,2019-03-11
CUST05454,Desiree Ramos,nguyenjerome@example.net,35,Female,Education,North America,201-500,Enterprise,2020-04-09
CUST05455,John Lee,nguyenlauren@example.org,42,Female,Government & Public Sector,Australia & New Zealand,11-50,Standard,2019-05-09
CUST05456,Mary Cole,nguyenyolanda@example.com,21,Female,Media & Communications,Asia-Pacific,201-500,Premium,2018-11-14
CUST05457,Latoya Silva,nhall@example.net,38,Female,Healthcare,Asia-Pacific,51-200,Standard,2020-07-18
CUST05458,Stephen Clark,nhampton@example.net,56,Female,Government & Public Sector,Asia-Pacific,1-10,Standard,2020-06-23
CUST05459,Kristina Liu,nharper@example.net,63,Female,Government & Public Sector,Asia-Pacific,1000+,Enterprise,2020-06-22
CUST05460,George Roberts,nharrison@example.com,48,Female,Other,Asia-Pacific,1-10,Premium,2020-01-22
CUST05461,Ronald Brown PhD,nhayes@example.net,27,Male,Financial Services,Europe,51-200,Enterprise,2019-11-23
CUST05462,Emily Phillips,nhicks@example.net,48,Other,Manufacturing,Europe,1000+,Standard,2020-12-22
CUST05463,Brian Howard,nhicks@example.org,25,Male,Technology,Australia & New Zealand,51-200,Standard,2020-05-05
CUST05464,Kelly Fischer,nholloway@example.com,52,Other,Government & Public Sector,Europe,11-50,Premium,2019-03-19
CUST05465,Sharon Johnson,nhoward@example.com,44,Female,Healthcare,North America,51-200,Standard,2020-12-03
CUST05466,Nathan Rosario,nicholas18@example.com,42,Male,Retail,North America,501-1000,Free,2020-11-10
CUST05467,Angela Franco,nicholas34@example.org,55,Other,Technology,Other,51-200,Standard,2019-03-24
CUST05468,Kyle Noble,nicholas37@example.com,67,Male,Professional Services,Other,501-1000,Free,2020-08-26
CUST05469,Anna Dickerson,nicholas56@example.com,68,Male,Technology,Europe,51-200,Standard,2021-07-19
CUST05470,Julie Haley,nicholas58@example.org,52,Female,Government & Public Sector,Australia & New Zealand,1-10,Premium,2020-02-17
CUST05471,Janice Larson,nicholas65@example.net,62,Female,Retail,Australia & New Zealand,51-200,Free,2021-03-07
CUST05472,Melissa Hoffman,nicholas70@example.com,32,Other,Technology,Australia & New Zealand,1-10,Standard,2021-04-09
CUST05473,Jill Walker,nicholas74@example.com,50,Male,Professional Services,North America,51-200,Standard,2020-01-26
CUST05474,Theresa Stevenson,nicholas97@example.org,36,Female,Technology,Australia & New Zealand,501-1000,Standard,2018-09-09
CUST05475,Dr. Sarah Gardner,nicholasclements@example.net,27,Other,Healthcare,Europe,501-1000,Premium,2020-09-01
CUST05476,Denise Norton,nicholasconner@example.com,25,Female,Healthcare,Australia & New Zealand,51-200,Standard,2019-01-16
CUST05477,John Hammond,nicholasdaniels@example.org,34,Male,Technology,Asia-Pacific,11-50,Standard,2020-06-29
CUST05478,Julia Ross,nicholasgutierrez@example.org,47,Other,Professional Services,Asia-Pacific,1000+,Enterprise,2019-09-09
CUST05479,Robert Miller,nicholashernandez@example.com,44,Female,Technology,Australia & New Zealand,1-10,Enterprise,2019-04-13
CUST05480,Daniel Dodson,nicholasjenkins@example.net,27,Male,Healthcare,North America,51-200,Premium,2019-01-18
CUST05481,Jessica Brown,nicholaslambert@example.org,44,Other,Professional Services,Asia-Pacific,201-500,Standard,2020-10-26
CUST05482,Julie Powers,nicholaslindsey@example.org,61,Other,Financial Services,North America,501-1000,Standard,2020-12-04
CUST05483,Teresa Vasquez,nicholaslittle@example.com,57,Other,Technology,Asia-Pacific,11-50,Standard,2019-02-22
CUST05484,Amanda Jones,nicholasmarshall@example.org,55,Male,Media & Communications,Europe,201-500,Free,2020-06-01
CUST05485,Kaitlyn Meyers,nicholasmorris@example.org,63,Male,Other,Europe,1000+,Standard,2020-05-21
CUST05486,Nicholas Scott,nicholaspacheco@example.org,43,Other,Financial Services,North America,501-1000,Enterprise,2019-10-26
CUST05487,Elizabeth Hardin,nicholasquinn@example.org,19,Other,Manufacturing,North America,1-10,Premium,2020-11-20
CUST05488,Daniel Ryan,nicholasroy@example.com,52,Male,Education,Europe,1000+,Premium,2021-01-16
CUST05489,Edward Garcia,nicholasstark@example.net,24,Female,Healthcare,Australia & New Zealand,51-200,Enterprise,2019-04-30
CUST05490,Audrey Gonzalez,nicholastorres@example.com,48,Female,Manufacturing,Europe,1-10,Free,2020-10-27
CUST05491,Kelly Lopez,nichole27@example.net,32,Other,Technology,Australia & New Zealand,51-200,Premium,2020-10-12
CUST05492,Kayla Flores,nicholehart@example.net,48,Male,Technology,Europe,51-200,Free,2019-11-10
CUST05493,Adriana Sanders,nicholeoliver@example.net,60,Male,Financial Services,Europe,11-50,Premium,2019-05-20
CUST05494,Alfred Ortiz,nicholsdouglas@example.org,63,Female,Media & Communications,North America,501-1000,Free,2019-07-23
CUST05495,Dawn Hamilton,nicholsgary@example.com,24,Male,Technology,Asia-Pacific,201-500,Standard,2021-02-03
CUST05496,Charles Anthony,nicholsjames@example.com,52,Female,Media & Communications,Asia-Pacific,11-50,Standard,2020-08-01
CUST05497,Johnny Stokes,nicholsonjo@example.org,44,Male,Retail,Australia & New Zealand,11-50,Premium,2019-10-27
CUST05498,Jamie Long,nicholsonpaul@example.net,65,Male,Retail,Europe,1-10,Free,2020-01-26
CUST05499,Shawn Vasquez,nicole01@example.net,18,Other,Technology,Other,501-1000,Standard,2021-01-24
CUST05500,Beth Morton,nicole02@example.com,49,Female,Healthcare,Asia-Pacific,51-200,Standard,2020-07-21
CUST05501,Sarah Williamson,nicole08@example.org,31,Female,Retail,Australia & New Zealand,1000+,Enterprise,2020-02-07
CUST05502,Jared Johnson,nicole09@example.net,36,Female,Media & Communications,Australia & New Zealand,201-500,Enterprise,2019-01-19
CUST05503,Kirsten Howard,nicole15@example.com,37,Female,Professional Services,Australia & New Zealand,501-1000,Free,2020-08-27
CUST05504,Walter Johnson,nicole48@example.com,53,Female,Retail,Europe,501-1000,Free,2020-09-17
CUST05505,Julie Burns,nicole55@example.com,51,Female,Technology,North America,11-50,Standard,2020-11-13
CUST05506,Cindy Hale,nicole58@example.com,70,Male,Education,Asia-Pacific,51-200,Premium,2020-09-11
CUST05507,Drew Willis,nicole59@example.net,63,Other,Professional Services,Europe,51-200,Standard,2020-04-03
CUST05508,Patrick Smith,nicole63@example.net,27,Male,Other,North America,51-200,Standard,2020-07-25
CUST05509,Lisa Chavez,nicole64@example.net,20,Other,Media & Communications,Europe,51-200,Premium,2018-12-07
CUST05510,Lisa Brown,nicole68@example.org,49,Other,Other,North America,1000+,Premium,2019-07-05
CUST05511,Michael Huerta,nicole76@example.org,24,Other,Professional Services,Asia-Pacific,1000+,Standard,2020-10-22
CUST05512,Samuel Walker,nicole89@example.org,30,Other,Financial Services,Asia-Pacific,501-1000,Standard,2019-08-15
CUST05513,Melissa Kelley,nicole98@example.net,20,Male,Retail,Europe,1000+,Premium,2019-05-21
CUST05514,Joel Graham,nicolebaker@example.org,61,Male,Retail,Other,11-50,Premium,2021-03-09
CUST05515,Jorge Ramos,nicoleblackburn@example.net,46,Female,Financial Services,Europe,51-200,Enterprise,2020-06-03
CUST05516,Kathryn Avery,nicoleburgess@example.net,23,Female,Retail,North America,1000+,Free,2019-11-14
CUST05517,Sean Anderson,nicolegreen@example.com,28,Male,Technology,Asia-Pacific,11-50,Free,2019-02-08
CUST05518,Jeffery Villegas,nicoleharris@example.net,19,Male,Government & Public Sector,North America,201-500,Enterprise,2019-04-25
CUST05519,Briana Wilson,nicolehumphrey@example.com,50,Female,Technology,Australia & New Zealand,11-50,Enterprise,2019-04-04
CUST05520,Randall Robertson,nicolekramer@example.com,46,Female,Other,Europe,11-50,Standard,2019-08-28
CUST05521,Mackenzie Owen,nicolematthews@example.com,67,Male,Education,Europe,1000+,Enterprise,2020-04-05
CUST05522,Ian Fernandez,nicolemcmillan@example.com,33,Female,Healthcare,Europe,11-50,Standard,2021-04-22
CUST05523,Michael Rivera Jr.,nicolemoody@example.com,63,Other,Retail,North America,51-200,Standard,2020-05-15
CUST05524,Phillip Roman,nicolepowell@example.com,19,Female,Technology,Europe,51-200,Enterprise,2021-11-01
CUST05525,Ariel Martinez,nicolerowe@example.com,48,Female,Healthcare,North America,1000+,Premium,2020-03-21
CUST05526,William Anderson,nicolesmith@example.org,37,Other,Retail,North America,51-200,Premium,2020-06-28
CUST05527,Tyrone Lamb,nicolesullivan@example.net,56,Female,Financial Services,North America,501-1000,Premium,2019-11-03
CUST05528,Antonio Smith,njohnson@example.net,49,Other,Media & Communications,Europe,11-50,Standard,2020-11-12
CUST05529,Ashley Smith,njones@example.net,47,Male,Other,Australia & New Zealand,51-200,Standard,2019-09-29
CUST05530,Amanda Waters,njones@example.org,65,Other,Professional Services,North America,201-500,Enterprise,2019-03-26
CUST05531,Alexandra Sanchez,nkelley@example.com,62,Other,Media & Communications,North America,51-200,Standard,2019-03-11
CUST05532,Michael Stewart,nkelley@example.org,48,Female,Technology,Asia-Pacific,51-200,Free,2020-11-14
CUST05533,Jordan Shaffer,nlogan@example.org,69,Female,Professional Services,Australia & New Zealand,1-10,Standard,2020-02-16
CUST05534,Monique Jimenez,nmartinez@example.net,26,Male,Government & Public Sector,Asia-Pacific,201-500,Standard,2020-08-27
CUST05535,Michelle White,nmcdowell@example.com,69,Male,Professional Services,Asia-Pacific,51-200,Enterprise,2020-04-06
CUST05536,David Williams,nmiller@example.com,38,Male,Retail,Europe,201-500,Standard,2020-02-02
CUST05537,Jessica Richards,nmiranda@example.net,61,Female,Technology,North America,11-50,Premium,2018-10-15
CUST05538,Alex Faulkner,nmoreno@example.org,38,Female,Government & Public Sector,Europe,501-1000,Premium,2020-01-09
CUST05539,Morgan Waters,nmueller@example.org,67,Male,Retail,North America,11-50,Standard,2019-01-04
CUST05540,Marie Davis,noah42@example.com,67,Male,Technology,North America,201-500,Enterprise,2019-05-01
CUST05541,Hannah Davis,noahpaul@example.net,64,Male,Retail,Europe,51-200,Standard,2020-10-11
CUST05542,George Johnson,noahwilliams@example.com,61,Other,Other,Australia & New Zealand,1000+,Enterprise,2019-12-14
CUST05543,Lori Rice,nobleashley@example.com,20,Other,Financial Services,Asia-Pacific,1000+,Premium,2021-05-13
CUST05544,Victor Ford,noneal@example.net,66,Female,Financial Services,Europe,51-200,Premium,2020-09-17
CUST05545,Stephanie Roach,normahunt@example.com,40,Male,Technology,North America,1-10,Enterprise,2021-01-20
CUST05546,David Rivera,normamarquez@example.net,69,Female,Financial Services,North America,51-200,Premium,2019-10-21
CUST05547,Christine Williams,norman35@example.com,42,Other,Healthcare,Australia & New Zealand,51-200,Premium,2019-03-03
CUST05548,John Mckinney,norristracey@example.org,49,Female,Media & Communications,Europe,11-50,Premium,2019-11-09
CUST05549,Megan Colon,nortonjoel@example.org,38,Male,Financial Services,Asia-Pacific,51-200,Standard,2020-04-26
CUST05550,Eddie Smith,nortonmargaret@example.com,41,Female,Other,Asia-Pacific,11-50,Standard,2019-04-18
CUST05551,Tina Thomas,nortonstephen@example.com,20,Female,Education,Australia & New Zealand,11-50,Free,2020-01-15
CUST05552,Cindy Young,nortonthomas@example.com,42,Male,Other,North America,201-500,Standard,2020-09-04
CUST05553,Wesley Rollins,npage@example.org,46,Male,Other,Australia & New Zealand,11-50,Premium,2020-07-06
CUST05554,Melissa Padilla,nparsons@example.net,47,Female,Professional Services,Asia-Pacific,51-200,Standard,2020-12-30
CUST05555,Steven Sampson,npatel@example.com,39,Other,Retail,North America,11-50,Enterprise,2021-09-26
CUST05556,Isaiah Marquez,npayne@example.org,68,Other,Technology,Other,11-50,Standard,2019-02-05
CUST05557,Heather Taylor,nperez@example.net,51,Female,Other,North America,11-50,Standard,2020-10-10
CUST05558,Michele Hunt,nphillips@example.net,52,Male,Government & Public Sector,Asia-Pacific,201-500,Standard,2019-05-29
CUST05559,Maria Wagner,npittman@example.net,42,Other,Financial Services,Other,201-500,Premium,2020-05-24
CUST05560,Elizabeth Oliver,nprice@example.net,30,Female,Manufacturing,Asia-Pacific,51-200,Standard,2020-12-02
CUST05561,Dr. Michael Wilson,nrhodes@example.org,44,Male,Professional Services,Asia-Pacific,51-200,Standard,2021-07-07
CUST05562,Luis Shannon,nrichardson@example.org,41,Male,Healthcare,North America,1000+,Free,2018-09-24
CUST05563,Wesley Wilson,nrodriguez@example.org,35,Male,Healthcare,Australia & New Zealand,51-200,Premium,2019-11-24
CUST05564,Charles Foster,nrogers@example.net,35,Male,Financial Services,North America,1000+,Standard,2020-07-09
CUST05565,Reginald Kaiser,nrose@example.org,37,Other,Retail,Australia & New Zealand,1000+,Premium,2020-12-01
CUST05566,George Campbell,nross@example.com,52,Male,Manufacturing,Other,51-200,Standard,2020-03-18
CUST05567,Robin Winters,nscott@example.net,63,Male,Other,Europe,201-500,Premium,2018-11-11
CUST05568,Angela Green,nshelton@example.org,42,Other,Manufacturing,Asia-Pacific,1000+,Premium,2019-10-12
CUST05569,Alexandra Leblanc,nsmith@example.com,36,Female,Government & Public Sector,Australia & New Zealand,51-200,Premium,2020-06-06
CUST05570,Ricky Rangel,nstanley@example.org,49,Male,Financial Services,Europe,51-200,Premium,2020-02-20
CUST05571,Joseph Owen,nstewart@example.org,60,Female,Professional Services,North America,201-500,Enterprise,2018-12-26
CUST05572,Loretta Simpson,nstone@example.com,33,Other,Media & Communications,Australia & New Zealand,51-200,Premium,2019-12-14
CUST05573,Daniel Hansen,nstuart@example.org,26,Other,Manufacturing,North America,51-200,Free,2020-05-10
CUST05574,Kimberly Shannon,nthomas@example.com,68,Other,Professional Services,Australia & New Zealand,11-50,Premium,2020-07-12
CUST05575,David James,nunezcarol@example.com,53,Male,Professional Services,Asia-Pacific,1-10,Premium,2019-10-05
CUST05576,Tonya Daniel,nunezmelissa@example.net,38,Male,Technology,North America,501-1000,Standard,2020-09-23
CUST05577,Steven Lara,nunezmolly@example.net,23,Other,Healthcare,North America,201-500,Standard,2020-02-22
CUST05578,Joshua Little,nvasquez@example.com,46,Other,Technology,Australia & New Zealand,1-10,Premium,2019-02-09
CUST05579,Susan Edwards,nwalsh@example.net,50,Male,Retail,Europe,11-50,Premium,2020-07-24
CUST05580,Angela Parrish,nwatson@example.net,52,Male,Healthcare,Asia-Pacific,1-10,Premium,2020-11-20
CUST05581,Lisa Stanton,nwelch@example.org,62,Male,Education,North America,501-1000,Enterprise,2021-03-30
CUST05582,Steven Saunders,nwhite@example.org,50,Female,Professional Services,Asia-Pacific,1000+,Standard,2020-06-11
CUST05583,Kaylee Rivera,nwilkinson@example.org,55,Female,Financial Services,Asia-Pacific,51-200,Free,2018-08-24
CUST05584,Aaron Pope,nwilliams@example.net,19,Male,Manufacturing,Other,201-500,Free,2021-07-01
CUST05585,Jennifer Robinson,nzavala@example.net,68,Other,Healthcare,North America,11-50,Premium,2020-09-04
CUST05586,Terry Cook,oadams@example.net,41,Male,Professional Services,Australia & New Zealand,201-500,Standard,2019-03-01
CUST05587,Bonnie Haley,obates@example.org,53,Male,Education,Europe,51-200,Standard,2020-04-01
CUST05588,Vincent Barron,obell@example.com,49,Male,Healthcare,Other,11-50,Standard,2020-01-19
CUST05589,Makayla Lewis,oblackburn@example.net,51,Female,Financial Services,North America,1000+,Enterprise,2018-12-27
CUST05590,Lori Adams,obrady@example.org,62,Female,Technology,Asia-Pacific,1000+,Free,2021-04-29
CUST05591,Chad Porter,obrienbrenda@example.net,37,Other,Technology,Asia-Pacific,11-50,Free,2019-01-30
CUST05592,Theodore Banks MD,obrienlaura@example.org,19,Other,Manufacturing,Europe,201-500,Free,2020-10-11
CUST05593,Christine Parker,obrienmanuel@example.net,61,Female,Manufacturing,Other,11-50,Enterprise,2020-07-08
CUST05594,Dana Williams,obrienstacie@example.com,24,Female,Education,Europe,201-500,Enterprise,2020-04-22
CUST05595,Candace Saunders,obrown@example.com,50,Female,Technology,Other,11-50,Premium,2020-05-12
CUST05596,Theodore Rojas,obrown@example.org,60,Male,Manufacturing,Australia & New Zealand,51-200,Standard,2020-09-28
CUST05597,Eric Walton,oburgess@example.org,58,Other,Healthcare,Other,201-500,Free,2019-11-05
CUST05598,Victoria Ramos,oburton@example.net,49,Female,Healthcare,North America,11-50,Premium,2019-07-16
CUST05599,Sharon Kirk,ocampbell@example.org,68,Male,Healthcare,North America,201-500,Free,2020-03-08
CUST05600,Rebecca Gilmore,ocannon@example.org,68,Female,Healthcare,Asia-Pacific,1-10,Enterprise,2020-03-21
CUST05601,Rebekah Price,ocarter@example.org,27,Other,Technology,Asia-Pacific,51-200,Free,2019-03-11
CUST05602,Scott Colon,ochandler@example.com,51,Female,Professional Services,Asia-Pacific,51-200,Free,2020-03-13
CUST05603,Julia Moore,ochoabrian@example.com,21,Male,Professional Services,Australia & New Zealand,51-200,Standard,2019-10-18
CUST05604,Erin Brown,ochoacarl@example.net,21,Male,Government & Public Sector,Asia-Pacific,1-10,Standard,2020-06-04
CUST05605,Eric Dean,ochoachristopher@example.net,21,Male,Financial Services,Europe,201-500,Premium,2019-09-02
CUST05606,Mark Gallagher,ochoasandra@example.com,44,Female,Retail,North America,51-200,Premium,2020-11-28
CUST05607,Mrs. Tara Lee MD,ocohen@example.org,54,Female,Technology,Australia & New Zealand,51-200,Premium,2020-03-22
CUST05608,David Brown,ocolon@example.com,63,Female,Professional Services,North America,11-50,Free,2020-01-14
CUST05609,Jessica Moore,oconnorashley@example.net,26,Female,Professional Services,Europe,51-200,Standard,2021-02-13
CUST05610,Holly Simon,oconnoremma@example.net,60,Other,Education,Asia-Pacific,1-10,Standard,2021-11-19
CUST05611,Donna Merritt,oconnorvirginia@example.org,23,Female,Other,Europe,1-10,Standard,2020-06-28
CUST05612,Ashley Roberts,ocox@example.org,63,Female,Technology,North America,1000+,Free,2020-07-20
CUST05613,Jimmy Brown DDS,ocunningham@example.com,55,Other,Retail,Asia-Pacific,51-200,Premium,2019-05-28
CUST05614,Michael Young MD,odavis@example.com,56,Male,Government & Public Sector,North America,11-50,Standard,2020-02-14
CUST05615,Robert Wallace,odillon@example.com,30,Other,Healthcare,Australia & New Zealand,501-1000,Free,2019-12-29
CUST05616,Ryan Palmer,odixon@example.org,20,Other,Professional Services,Europe,1000+,Standard,2020-07-30
CUST05617,Brittany Foster MD,odomdoris@example.org,29,Male,Healthcare,North America,51-200,Free,2020-11-29
CUST05618,Gabrielle Camacho,odonnelljames@example.org,58,Female,Healthcare,Australia & New Zealand,201-500,Premium,2021-04-24
CUST05619,Lauren Finley,odonnellsteven@example.net,59,Female,Professional Services,Asia-Pacific,1000+,Standard,2020-01-25
CUST05620,Eileen Lynn,oedwards@example.com,19,Other,Financial Services,Europe,11-50,Free,2019-08-14
CUST05621,Zachary Murphy,oferguson@example.com,19,Male,Retail,Asia-Pacific,51-200,Standard,2020-08-21
CUST05622,Tiffany Harper,oflynn@example.net,45,Female,Healthcare,Australia & New Zealand,1-10,Standard,2020-06-04
CUST05623,Joseph Miller,ofoster@example.com,45,Female,Professional Services,Asia-Pacific,501-1000,Free,2020-03-24
CUST05624,Mark White,ofrancis@example.net,27,Male,Government & Public Sector,Europe,201-500,Standard,2019-03-27
CUST05625,Lisa Martinez,ofritz@example.org,54,Female,Retail,Asia-Pacific,51-200,Free,2018-11-15
CUST05626,Bobby Ferguson,ogarcia@example.net,21,Other,Professional Services,Europe,1-10,Free,2020-09-26
CUST05627,Christopher Smith,ogarcia@example.org,48,Male,Retail,Other,201-500,Standard,2019-10-11
CUST05628,Matthew Chavez,ogreene@example.org,23,Female,Education,North America,11-50,Free,2020-02-12
CUST05629,Brian Montgomery,ohamilton@example.org,21,Male,Financial Services,Europe,201-500,Premium,2019-08-27
CUST05630,Bruce Davis,oharris@example.org,56,Other,Government & Public Sector,Australia & New Zealand,11-50,Enterprise,2021-01-29
CUST05631,Monique Nixon,ohawkins@example.org,67,Male,Technology,North America,1-10,Premium,2020-02-10
CUST05632,Gregory Palmer,ohickman@example.net,53,Other,Retail,North America,11-50,Premium,2021-09-17
CUST05633,Tiffany Schmidt,ojenkins@example.com,65,Male,Other,North America,51-200,Free,2019-07-30
CUST05634,Jennifer Massey,ojohnson@example.com,38,Other,Technology,Europe,201-500,Free,2020-09-23
CUST05635,Samantha Martin,ojones@example.com,44,Male,Financial Services,Australia & New Zealand,51-200,Free,2019-03-28
CUST05636,Mary Hopkins,ojordan@example.org,28,Other,Other,North America,1000+,Premium,2020-01-18
CUST05637,Lauren Schwartz,okelly@example.net,66,Female,Technology,North America,501-1000,Free,2020-05-17
CUST05638,Ronald Joseph,okent@example.net,65,Female,Education,Europe,51-200,Standard,2020-05-02
CUST05639,Amanda Frazier,olarson@example.net,33,Male,Other,North America,11-50,Standard,2020-04-13
CUST05640,Daniel Boyer,ole@example.net,23,Male,Technology,Australia & New Zealand,201-500,Premium,2020-05-25
CUST05641,Helen Holloway,olee@example.org,66,Other,Technology,Europe,11-50,Free,2019-07-25
CUST05642,David Mcintyre,oliviaparrish@example.net,43,Male,Financial Services,Other,501-1000,Standard,2019-10-08
CUST05643,Angela Tanner,oliviaroberts@example.com,37,Other,Technology,Australia & New Zealand,11-50,Standard,2020-06-16
CUST05644,Mary Porter DDS,olong@example.com,38,Female,Technology,Australia & New Zealand,501-1000,Premium,2020-02-06
CUST05645,Matthew Costa,olopez@example.org,66,Other,Education,Asia-Pacific,1-10,Standard,2019-12-17
CUST05646,Corey Klein PhD,olsenphillip@example.net,26,Female,Education,Europe,51-200,Premium,2020-04-21
CUST05647,Alison Williams,olsonphillip@example.org,36,Other,Other,Australia & New Zealand,51-200,Standard,2019-08-24
CUST05648,Vanessa Smith,olsontaylor@example.net,54,Female,Government & Public Sector,North America,501-1000,Standard,2020-01-24
CUST05649,Amanda Johnson,olucero@example.com,20,Female,Technology,Australia & New Zealand,501-1000,Standard,2019-09-12
CUST05650,Mrs. Samantha Logan,omar07@example.com,23,Female,Professional Services,Europe,1-10,Free,2019-12-29
CUST05651,Alicia Lane,omartinez@example.com,50,Other,Technology,Other,11-50,Free,2020-02-21
CUST05652,Brandon Salazar,omartinez@example.org,37,Male,Professional Services,North America,51-200,Standard,2019-01-07
CUST05653,Elizabeth Kelly,omatthews@example.net,64,Male,Professional Services,Asia-Pacific,1-10,Enterprise,2018-09-06
CUST05654,Debra Stewart,omatthews@example.org,23,Female,Education,Other,201-500,Standard,2020-05-20
CUST05655,Amber Heath,omcdaniel@example.org,44,Other,Technology,Europe,51-200,Free,2020-04-18
CUST05656,George Duran,omcguire@example.com,51,Female,Other,Asia-Pacific,1000+,Standard,2020-08-15
CUST05657,Ariel Carr,omorrison@example.com,26,Female,Education,Australia & New Zealand,1000+,Standard,2020-07-31
CUST05658,Amber Stewart,omoyer@example.net,42,Male,Technology,North America,11-50,Free,2020-07-06
CUST05659,Meghan Chavez,omurray@example.net,22,Other,Professional Services,Australia & New Zealand,51-200,Enterprise,2019-05-20
CUST05660,Robert Gilbert IV,onealmary@example.com,42,Other,Manufacturing,Asia-Pacific,51-200,Standard,2020-07-08
CUST05661,Dana Perez,onealrhonda@example.org,61,Female,Professional Services,Australia & New Zealand,1-10,Standard,2021-03-05
CUST05662,Curtis Galloway,onealstephanie@example.org,30,Male,Education,Asia-Pacific,51-200,Free,2020-11-13
CUST05663,Erin Jimenez,oneilldonald@example.net,35,Male,Manufacturing,Australia & New Zealand,51-200,Premium,2019-07-18
CUST05664,Matthew Boyer,oneillkimberly@example.org,61,Other,Technology,Europe,201-500,Standard,2020-02-10
CUST05665,Shannon Collins,onorman@example.org,66,Male,Other,Asia-Pacific,1-10,Premium,2021-04-13
CUST05666,Julie Turner,oortiz@example.org,27,Female,Other,Europe,201-500,Free,2020-10-16
CUST05667,Roger Shelton,oparks@example.com,20,Female,Financial Services,Europe,1-10,Premium,2020-11-19
CUST05668,Jeffrey Porter,opatterson@example.org,70,Female,Financial Services,North America,51-200,Premium,2021-08-07
CUST05669,Omar Rojas,operez@example.net,59,Other,Retail,North America,11-50,Premium,2020-05-19
CUST05670,Amy Atkins,oprice@example.net,56,Female,Government & Public Sector,Europe,51-200,Premium,2019-02-06
CUST05671,Ryan Riggs,oray@example.org,63,Female,Financial Services,Europe,1-10,Premium,2020-10-02
CUST05672,Julie Perry,orice@example.com,24,Female,Professional Services,Asia-Pacific,201-500,Premium,2020-09-29
CUST05673,Teresa White,orodriguez@example.net,19,Female,Other,Europe,11-50,Standard,2019-10-28
CUST05674,Edward Thompson,orowe@example.org,45,Male,Other,Australia & New Zealand,51-200,Standard,2020-08-16
CUST05675,Donna Casey,orreileen@example.org,35,Male,Healthcare,Europe,51-200,Free,2020-04-07
CUST05676,Jasmine Cooper,orrsarah@example.com,53,Male,Professional Services,North America,51-200,Standard,2020-02-20
CUST05677,Karen Wheeler,ortegachristopher@example.net,35,Female,Financial Services,Australia & New Zealand,11-50,Premium,2020-02-12
CUST05678,George Estes,ortegajeffery@example.com,38,Other,Other,Australia & New Zealand,201-500,Premium,2020-12-30
CUST05679,Brittany Yates,ortegalouis@example.com,23,Male,Education,Europe,1-10,Free,2020-05-08
CUST05680,Eric Brown,ortizkelli@example.org,62,Female,Government & Public Sector,Other,201-500,Premium,2019-06-19
CUST05681,Brittany Long,ortizmaria@example.org,24,Female,Manufacturing,Australia & New Zealand,1000+,Free,2020-02-17
CUST05682,David Nguyen,orussell@example.net,44,Female,Professional Services,Other,1000+,Standard,2021-04-20
CUST05683,Kirsten Smith,osbornecheryl@example.com,65,Other,Technology,North America,1000+,Premium,2020-05-26
CUST05684,Patricia Nelson,osbornekaren@example.org,54,Female,Professional Services,North America,201-500,Enterprise,2019-10-05
CUST05685,Rebecca Castro,osbornephilip@example.org,61,Male,Media & Communications,North America,1000+,Enterprise,2020-11-14
CUST05686,Nicole Mcgee,osbornfrank@example.org,36,Other,Other,Europe,11-50,Free,2020-11-03
CUST05687,Jessica Brown,oscar83@example.net,29,Female,Education,North America,51-200,Enterprise,2021-03-29
CUST05688,Jennifer Anderson,oscar85@example.net,38,Male,Manufacturing,Europe,1000+,Free,2020-03-14
CUST05689,Christopher Green,oscarbarker@example.com,37,Female,Financial Services,North America,201-500,Premium,2020-09-13
CUST05690,Jennifer Smith,osharp@example.org,35,Female,Government & Public Sector,Asia-Pacific,11-50,Standard,2019-05-30
CUST05691,Valerie Burnett,ostewart@example.com,69,Other,Financial Services,Asia-Pacific,11-50,Standard,2020-04-28
CUST05692,Dustin Brewer,othornton@example.org,18,Other,Professional Services,North America,1000+,Enterprise,2020-08-20
CUST05693,Douglas Hoover,otran@example.org,49,Male,Healthcare,Other,201-500,Free,2020-11-03
CUST05694,Robert Moore,oweaver@example.net,27,Female,Manufacturing,Europe,51-200,Enterprise,2019-08-16
CUST05695,William Hicks,owencynthia@example.com,59,Male,Financial Services,Asia-Pacific,1-10,Standard,2020-02-12
CUST05696,Amanda Ward,owengregg@example.net,59,Female,Education,North America,11-50,Free,2021-05-28
CUST05697,Destiny Stevenson,owenjessica@example.net,20,Other,Education,Europe,501-1000,Standard,2020-02-10
CUST05698,Matthew Malone,owensjeffrey@example.com,54,Male,Manufacturing,North America,51-200,Premium,2019-08-11
CUST05699,Rachel Bullock,owensjonathan@example.net,40,Male,Retail,North America,11-50,Premium,2020-12-27
CUST05700,Patricia Williamson,owenstammy@example.org,38,Male,Financial Services,North America,11-50,Standard,2019-02-13
CUST05701,Janet Myers,owenswilliam@example.com,56,Female,Technology,Europe,1000+,Premium,2021-03-22
CUST05702,Cameron Brown,owhitaker@example.com,54,Other,Education,Australia & New Zealand,1000+,Standard,2020-11-30
CUST05703,Tina Arnold,owoods@example.org,56,Female,Technology,North America,11-50,Free,2019-09-06
CUST05704,Vanessa Cochran,owu@example.net,64,Male,Manufacturing,Europe,51-200,Standard,2020-12-03
CUST05705,Brianna Richardson,pacecaleb@example.org,32,Male,Education,Asia-Pacific,201-500,Standard,2020-06-13
CUST05706,Michael Jones,pacesarah@example.com,20,Other,Education,Australia & New Zealand,1000+,Standard,2020-03-20
CUST05707,Christopher Hays,pachecojohn@example.net,53,Male,Financial Services,Asia-Pacific,201-500,Standard,2019-08-27
CUST05708,Christopher Ellis,pagecheryl@example.com,44,Female,Manufacturing,Australia & New Zealand,501-1000,Standard,2019-11-11
CUST05709,Jennifer Mcfarland,pagekaren@example.net,45,Male,Media & Communications,North America,11-50,Free,2019-09-29
CUST05710,Maria Lewis DVM,pagenicole@example.net,42,Female,Technology,North America,11-50,Enterprise,2021-03-14
CUST05711,Richard Fleming,paige97@example.org,50,Other,Government & Public Sector,Europe,11-50,Free,2020-08-30
CUST05712,Jennifer Cole,palexander@example.org,43,Female,Professional Services,North America,1-10,Standard,2020-12-10
CUST05713,Joseph Smith,palmerelizabeth@example.com,23,Male,Technology,Australia & New Zealand,51-200,Standard,2019-11-30
CUST05714,Jordan Farmer,palmersamuel@example.com,21,Male,Technology,Australia & New Zealand,201-500,Standard,2021-04-23
CUST05715,William Carter,palmersarah@example.org,58,Female,Healthcare,Other,201-500,Free,2020-08-12
CUST05716,Cheryl Mccoy,palmerwilliam@example.org,42,Male,Financial Services,Australia & New Zealand,501-1000,Premium,2019-04-18
CUST05717,Jon Bowen,pamdavis@example.com,24,Female,Healthcare,Australia & New Zealand,51-200,Standard,2019-02-12
CUST05718,Laura Curry,pamela10@example.com,24,Other,Media & Communications,North America,501-1000,Premium,2020-08-31
CUST05719,Christopher Lewis,pamela26@example.com,64,Female,Technology,Australia & New Zealand,201-500,Free,2019-03-23
CUST05720,Jason Carlson,pamela27@example.org,59,Male,Manufacturing,Europe,1000+,Premium,2019-01-22
CUST05721,Peter Richardson,pamela44@example.com,26,Male,Media & Communications,Asia-Pacific,11-50,Enterprise,2020-03-27
CUST05722,Meghan Adams,pamela58@example.org,24,Female,Professional Services,North America,11-50,Standard,2020-07-25
CUST05723,Kelly May,pamela67@example.com,44,Male,Healthcare,Australia & New Zealand,51-200,Enterprise,2020-02-06
CUST05724,David Walter,pamelaaguirre@example.org,51,Female,Education,Europe,201-500,Premium,2019-11-21
CUST05725,Mr. Jason Schmitt,pamelajackson@example.net,41,Male,Retail,Asia-Pacific,51-200,Premium,2019-12-10
CUST05726,Tammy Rivers MD,pamelaknight@example.org,68,Female,Technology,North America,201-500,Free,2021-03-05
CUST05727,Hannah Phillips MD,pamelawilliams@example.net,60,Other,Education,Australia & New Zealand,201-500,Free,2020-04-10
CUST05728,Sarah Walters,pamelawilliams@example.org,34,Female,Technology,North America,51-200,Free,2020-02-29
CUST05729,Stephanie Ortega,panderson@example.net,70,Other,Manufacturing,Asia-Pacific,201-500,Premium,2020-09-22
CUST05730,Charlotte Ford,panderson@example.org,42,Other,Technology,Australia & New Zealand,51-200,Standard,2020-02-14
CUST05731,Charles Jones,panthony@example.org,26,Male,Education,North America,51-200,Premium,2020-12-04
CUST05732,Douglas Gonzalez,parker76@example.org,24,Male,Media & Communications,North America,51-200,Standard,2019-07-28
CUST05733,Dana Brooks,parkerbrittany@example.org,37,Male,Government & Public Sector,North America,501-1000,Premium,2021-06-14
CUST05734,Kyle Wilson,parkercody@example.net,48,Other,Retail,Australia & New Zealand,501-1000,Premium,2021-07-02
CUST05735,Jeffrey Smith,parkergary@example.com,39,Female,Professional Services,North America,51-200,Enterprise,2019-01-23
CUST05736,Brandon Guerrero,parkerjames@example.com,22,Other,Education,Asia-Pacific,201-500,Standard,2019-01-26
CUST05737,Virginia Crosby,parkerjessica@example.com,19,Female,Government & Public Sector,Other,1000+,Standard,2020-01-11
CUST05738,Mr. Michael Lopez,parkerjohn@example.org,30,Male,Manufacturing,North America,11-50,Enterprise,2020-11-18
CUST05739,Whitney Mitchell,parkernelson@example.net,33,Female,Education,Other,501-1000,Standard,2019-06-10
CUST05740,David Gutierrez,parkerpatty@example.org,36,Other,Government & Public Sector,Europe,51-200,Free,2020-11-24
CUST05741,Erika Rivera,parkerronnie@example.net,68,Female,Financial Services,Europe,1-10,Standard,2019-11-26
CUST05742,Samantha Perez,parkertammy@example.org,51,Male,Technology,North America,201-500,Enterprise,2019-02-12
CUST05743,Manuel Hudson,parkrobert@example.net,38,Female,Other,North America,501-1000,Standard,2019-03-12
CUST05744,Eddie Little,parkscott@example.com,34,Female,Manufacturing,Asia-Pacific,51-200,Enterprise,2021-01-22
CUST05745,Justin Clark,parsonsfrank@example.org,36,Female,Retail,Australia & New Zealand,11-50,Premium,2021-03-05
CUST05746,Justin Morgan,parsonsjulie@example.net,34,Male,Technology,Europe,501-1000,Standard,2020-08-26
CUST05747,Roger Thomas,parsonsstephanie@example.org,34,Male,Healthcare,Australia & New Zealand,501-1000,Standard,2020-09-06
CUST05748,Cesar Warren,patelmatthew@example.net,35,Male,Healthcare,Asia-Pacific,201-500,Standard,2020-03-29
CUST05749,Kathryn Austin,patelrobert@example.org,62,Other,Technology,North America,501-1000,Premium,2020-11-17
CUST05750,Yesenia Kelly,patelspencer@example.org,45,Female,Financial Services,Asia-Pacific,201-500,Premium,2021-01-31
CUST05751,David Harrington,patricia45@example.net,27,Male,Financial Services,Asia-Pacific,201-500,Premium,2019-07-15
CUST05752,Melissa Hardy,patricia46@example.com,27,Other,Government & Public Sector,Australia & New Zealand,201-500,Free,2018-08-20
CUST05753,Savannah Gonzales MD,patricia52@example.net,32,Other,Technology,Australia & New Zealand,201-500,Standard,2021-05-08
CUST05754,Jessica Brooks,patricia61@example.net,29,Female,Technology,Other,201-500,Premium,2019-09-03
CUST05755,Lisa Noble,patricia66@example.org,20,Other,Financial Services,Australia & New Zealand,11-50,Premium,2020-04-29
CUST05756,Renee Carey,patricia76@example.net,38,Male,Education,North America,11-50,Standard,2019-11-25
CUST05757,Kristy Baker,patricia79@example.net,36,Other,Professional Services,Europe,11-50,Enterprise,2021-05-04
CUST05758,Paige Grimes,patriciaadams@example.org,18,Female,Professional Services,Other,1000+,Standard,2019-01-26
CUST05759,Tracy Young,patriciaherrera@example.net,52,Male,Retail,Australia & New Zealand,1000+,Enterprise,2019-04-23
CUST05760,Mario Palmer,patriciamartinez@example.org,58,Other,Professional Services,Asia-Pacific,11-50,Enterprise,2020-02-15
CUST05761,Denise Kennedy,patriciaowens@example.net,41,Female,Retail,Other,51-200,Premium,2020-09-20
CUST05762,James Smith,patriciaperez@example.org,53,Female,Education,North America,11-50,Premium,2020-03-03
CUST05763,Derek Berry,patriciasmith@example.org,25,Female,Professional Services,Europe,51-200,Enterprise,2019-12-18
CUST05764,Maria Martinez,patriciathompson@example.org,39,Female,Technology,North America,11-50,Standard,2019-08-23
CUST05765,Brian Simpson,patriciawilliams@example.org,42,Male,Technology,North America,11-50,Premium,2020-07-13
CUST05766,Kristina Cook,patrick04@example.net,45,Male,Financial Services,Europe,51-200,Standard,2021-10-17
CUST05767,Susan Lee,patrick20@example.com,56,Other,Government & Public Sector,Australia & New Zealand,51-200,Free,2021-03-04
CUST05768,Shane Brown,patrick32@example.com,56,Male,Other,Australia & New Zealand,51-200,Premium,2020-11-14
CUST05769,Charles Taylor,patrick33@example.com,63,Male,Technology,Europe,51-200,Free,2018-07-22
CUST05770,Lisa Perry,patrick51@example.net,33,Male,Government & Public Sector,Asia-Pacific,1000+,Standard,2020-08-20
CUST05771,Robert Vasquez,patrick69@example.org,54,Other,Financial Services,Asia-Pacific,1000+,Standard,2020-07-04
CUST05772,Mrs. Cheryl Lozano,patrick75@example.com,67,Female,Financial Services,North America,1-10,Standard,2021-12-09
CUST05773,Patricia Yang,patrick84@example.com,50,Other,Technology,Australia & New Zealand,51-200,Enterprise,2020-03-10
CUST05774,Kimberly Pratt,patrickclark@example.net,33,Female,Technology,Australia & New Zealand,51-200,Enterprise,2020-06-27
CUST05775,Tammy Williams,patrickcox@example.net,30,Female,Technology,Australia & New Zealand,51-200,Enterprise,2020-10-06
CUST05776,Justin Cross,patrickellis@example.org,68,Male,Financial Services,North America,11-50,Free,2021-09-29
CUST05777,Dustin Martin,patrickforbes@example.net,43,Male,Other,Asia-Pacific,1000+,Standard,2019-09-25
CUST05778,Paul Lopez,patrickgoodwin@example.net,58,Male,Government & Public Sector,Other,51-200,Free,2019-03-30
CUST05779,Janet Wright,patrickgordon@example.com,60,Male,Media & Communications,Europe,1-10,Standard,2019-04-23
CUST05780,Kyle Bell,patrickjames@example.net,68,Female,Media & Communications,Asia-Pacific,51-200,Standard,2020-01-22
CUST05781,Walter Fox,patrickking@example.net,20,Female,Education,Australia & New Zealand,11-50,Enterprise,2020-03-15
CUST05782,Haley Martin,patrickmclaughlin@example.net,57,Female,Financial Services,Australia & New Zealand,11-50,Enterprise,2020-03-18
CUST05783,Tina Bond,patrickriley@example.net,19,Male,Professional Services,Asia-Pacific,1000+,Premium,2021-11-11
CUST05784,Dustin Flores,patrickrivera@example.com,32,Male,Retail,Asia-Pacific,201-500,Premium,2021-02-17
CUST05785,Ricky Carter,patrickspears@example.com,54,Other,Education,Asia-Pacific,1-10,Standard,2021-02-17
CUST05786,Kimberly Mercado,patrickwilliams@example.org,41,Female,Education,Europe,51-200,Enterprise,2021-04-23
CUST05787,Marilyn Martinez,pattersonchristopher@example.com,45,Other,Professional Services,Australia & New Zealand,501-1000,Free,2020-08-12
CUST05788,William Wood,pattersondouglas@example.com,49,Other,Technology,Australia & New Zealand,11-50,Free,2020-07-18
CUST05789,Rodney Jacobs,pattersonjoshua@example.org,41,Other,Retail,Europe,51-200,Standard,2019-01-05
CUST05790,Paul Strong,pattersonjustin@example.net,60,Female,Healthcare,Australia & New Zealand,51-200,Premium,2021-01-04
CUST05791,Luke Green,pattersonkimberly@example.net,62,Male,Other,North America,501-1000,Standard,2019-12-05
CUST05792,Monica Ramirez,pattersonpaula@example.net,55,Male,Manufacturing,Europe,11-50,Standard,2020-05-31
CUST05793,Ronald Shaw,pattonmichelle@example.org,24,Other,Retail,Australia & New Zealand,1-10,Free,2019-03-30
CUST05794,John Jones,paul01@example.net,55,Female,Education,Europe,51-200,Standard,2020-05-16
CUST05795,Beth Durham,paul09@example.org,45,Male,Technology,North America,201-500,Standard,2020-09-18
CUST05796,Ashlee Tyler,paul13@example.net,19,Male,Retail,Other,51-200,Free,2020-02-07
CUST05797,Christy Walker,paul24@example.net,33,Male,Technology,Other,501-1000,Free,2020-08-21
CUST05798,Heather Love,paul26@example.net,19,Female,Professional Services,Asia-Pacific,201-500,Premium,2021-06-05
CUST05799,Lauren Weaver,paul33@example.com,38,Male,Technology,Asia-Pacific,201-500,Premium,2019-09-05
CUST05800,Gregory Rodriguez,paul49@example.net,52,Male,Other,Asia-Pacific,1-10,Free,2020-04-25
CUST05801,Ricky Gibson,paul58@example.com,22,Female,Media & Communications,Australia & New Zealand,11-50,Premium,2021-05-09
CUST05802,Olivia Rios,paul64@example.net,28,Female,Financial Services,Asia-Pacific,1-10,Free,2021-05-24
CUST05803,Diana Evans,paul68@example.net,40,Other,Manufacturing,Asia-Pacific,1-10,Enterprise,2020-11-26
CUST05804,Carol Hernandez,paul68@example.org,25,Male,Professional Services,Asia-Pacific,11-50,Premium,2019-08-13
CUST05805,Sydney Wagner,paul73@example.com,44,Male,Professional Services,Australia & New Zealand,51-200,Premium,2019-12-13
CUST05806,Julie Smith,paul73@example.net,47,Female,Retail,Europe,11-50,Standard,2021-05-17
CUST05807,Sharon Vaughn,paul73@example.org,60,Other,Financial Services,Australia & New Zealand,11-50,Enterprise,2020-02-08
CUST05808,Lisa Bell,paul77@example.net,41,Female,Technology,Europe,51-200,Premium,2018-11-20
CUST05809,Erica Martin,paul87@example.org,60,Other,Education,Europe,51-200,Standard,2019-10-21
CUST05810,Peter Robles,paul88@example.org,19,Other,Manufacturing,North America,501-1000,Standard,2020-06-08
CUST05811,Tonya Howe,paula15@example.org,32,Female,Financial Services,Australia & New Zealand,51-200,Enterprise,2020-03-02
CUST05812,Sandra Haley,paula30@example.com,55,Male,Education,Europe,201-500,Free,2020-06-08
CUST05813,Cathy Everett,paula46@example.org,30,Female,Technology,North America,1000+,Standard,2019-07-09
CUST05814,Scott Reeves,paula71@example.org,42,Other,Other,Asia-Pacific,11-50,Free,2019-10-03
CUST05815,Joanna Pena,paula89@example.net,24,Female,Technology,Australia & New Zealand,501-1000,Enterprise,2020-05-09
CUST05816,Brandon Wood,pauladuke@example.org,35,Female,Media & Communications,Other,201-500,Standard,2020-04-23
CUST05817,Jennifer Villegas,paulastephens@example.com,35,Other,Professional Services,North America,51-200,Standard,2019-10-26
CUST05818,Tiffany Davis,paulcarter@example.org,36,Other,Technology,Europe,11-50,Standard,2018-11-14
CUST05819,Joshua Edwards,paulcline@example.com,47,Other,Government & Public Sector,Australia & New Zealand,1-10,Standard,2020-09-05
CUST05820,Marc Carr,paulcrane@example.net,53,Male,Technology,Australia & New Zealand,11-50,Premium,2020-07-15
CUST05821,Gary Johnson,pauldalton@example.com,67,Other,Technology,North America,51-200,Enterprise,2021-09-12
CUST05822,William Martinez,pauldiaz@example.org,48,Male,Professional Services,Australia & New Zealand,1-10,Premium,2020-11-06
CUST05823,Amy Clark,paulgordon@example.org,48,Female,Technology,Asia-Pacific,1-10,Standard,2019-08-06
CUST05824,Kayla Ballard,paulhill@example.com,61,Female,Healthcare,Europe,51-200,Free,2021-06-23
CUST05825,Jason Davis,paulholmes@example.org,43,Male,Government & Public Sector,Europe,51-200,Standard,2019-09-28
CUST05826,April Parker,pauljohnson@example.org,43,Male,Technology,Europe,1-10,Standard,2019-05-26
CUST05827,Mariah Price,paulray@example.com,45,Other,Media & Communications,Europe,11-50,Free,2019-04-05
CUST05828,Christopher Hansen,paynecarlos@example.org,34,Other,Education,North America,501-1000,Enterprise,2019-07-02
CUST05829,Amanda Wiggins,payneeric@example.com,26,Female,Technology,Asia-Pacific,51-200,Standard,2019-03-19
CUST05830,Devin Rodriguez,pbanks@example.net,61,Female,Professional Services,Europe,501-1000,Standard,2021-01-11
CUST05831,Timothy Curry,pbell@example.org,40,Male,Retail,Asia-Pacific,51-200,Free,2019-03-06
CUST05832,Karen Branch,pbradford@example.org,18,Male,Financial Services,Europe,201-500,Premium,2019-07-30
CUST05833,Gregory Jones,pbrown@example.com,29,Male,Technology,North America,1000+,Premium,2020-07-10
CUST05834,Vanessa Hill,pburns@example.net,40,Female,Retail,Australia & New Zealand,1000+,Free,2020-07-16
CUST05835,Robert Moore,pburton@example.org,34,Other,Manufacturing,Australia & New Zealand,51-200,Standard,2019-02-27
CUST05836,Samantha Olson,pbutler@example.org,44,Other,Professional Services,North America,51-200,Standard,2020-01-02
CUST05837,Karina Diaz,pcallahan@example.com,66,Female,Technology,Asia-Pacific,201-500,Standard,2019-03-02
CUST05838,Brian Williams,pcervantes@example.com,37,Other,Retail,Asia-Pacific,11-50,Free,2020-07-06
CUST05839,Andrew Martin,pchung@example.com,56,Female,Other,North America,51-200,Standard,2020-11-13
CUST05840,Kevin Odonnell Jr.,pcooper@example.com,55,Female,Other,Europe,201-500,Premium,2020-04-03
CUST05841,Dalton Li,pcortez@example.com,22,Female,Manufacturing,North America,11-50,Premium,2019-08-19
CUST05842,Mrs. Melissa Mullins,pearsondawn@example.net,62,Male,Technology,Australia & New Zealand,1-10,Free,2021-09-02
CUST05843,Erica Chambers,pearsonjanice@example.com,44,Male,Education,North America,11-50,Enterprise,2020-04-24
CUST05844,Rachel Massey,pearsonleah@example.com,36,Female,Education,North America,201-500,Premium,2020-09-11
CUST05845,Elizabeth Peterson,pearsontiffany@example.net,32,Male,Technology,North America,11-50,Premium,2019-07-25
CUST05846,Sara Lucero,peckashley@example.net,48,Other,Technology,Australia & New Zealand,51-200,Premium,2020-11-11
CUST05847,Nathaniel Dixon,peckhaley@example.net,36,Male,Retail,Asia-Pacific,51-200,Standard,2019-12-15
CUST05848,Jonathan Murphy,peckvalerie@example.org,64,Other,Technology,Australia & New Zealand,501-1000,Enterprise,2018-11-17
CUST05849,Brandon Wagner,peggy96@example.net,63,Female,Government & Public Sector,North America,51-200,Standard,2019-05-02
CUST05850,Brian Baker PhD,peggygarcia@example.com,24,Female,Education,Asia-Pacific,51-200,Premium,2020-07-12
CUST05851,Steven Vega,pelliott@example.net,28,Male,Technology,Europe,11-50,Standard,2020-03-27
CUST05852,Cody Wright,pellis@example.org,34,Female,Professional Services,Australia & New Zealand,51-200,Standard,2019-02-25
CUST05853,Alicia Johnson,penajoshua@example.com,66,Female,Healthcare,Australia & New Zealand,201-500,Premium,2019-07-10
CUST05854,Joanne Andersen,penamallory@example.org,70,Female,Financial Services,Asia-Pacific,1000+,Premium,2019-07-22
CUST05855,Patrick Wilkerson,penasarah@example.com,59,Male,Financial Services,Europe,51-200,Standard,2019-11-22
CUST05856,Robert Wise,penningtonangela@example.net,32,Female,Professional Services,Australia & New Zealand,51-200,Standard,2020-12-21
CUST05857,Thomas Thomas,pennycarr@example.com,49,Female,Technology,Europe,51-200,Enterprise,2021-02-14
CUST05858,Juan Bates,perezamanda@example.org,63,Male,Technology,North America,51-200,Standard,2019-07-28
CUST05859,Jennifer Smith,perezchristine@example.org,26,Female,Other,North America,501-1000,Free,2018-12-30
CUST05860,Jordan Lopez,perezchristopher@example.com,54,Male,Healthcare,Other,501-1000,Standard,2021-02-04
CUST05861,Jeffrey Hernandez,perezdana@example.org,56,Male,Manufacturing,Asia-Pacific,501-1000,Standard,2021-08-13
CUST05862,Aaron Miller,perezdave@example.net,36,Female,Healthcare,North America,11-50,Enterprise,2021-04-17
CUST05863,Walter Booth,perezdiane@example.net,31,Female,Financial Services,North America,11-50,Premium,2019-04-14
CUST05864,Paula Price,perezjamie@example.org,62,Male,Retail,Australia & New Zealand,501-1000,Standard,2021-04-24
CUST05865,Mark Grimes,perezjessica@example.com,50,Female,Education,North America,11-50,Standard,2019-09-26
CUST05866,Russell Brown,perezkelsey@example.org,25,Male,Financial Services,Australia & New Zealand,1000+,Premium,2020-09-13
CUST05867,Jackie Taylor,perezkyle@example.org,39,Other,Professional Services,Australia & New Zealand,11-50,Free,2020-05-09
CUST05868,Jason Gonzalez,perezlisa@example.org,66,Other,Professional Services,Asia-Pacific,51-200,Premium,2020-03-02
CUST05869,Mr. Ruben Jenkins,perezmark@example.com,26,Other,Other,Asia-Pacific,1-10,Free,2021-04-15
CUST05870,Ryan Ward,perezpeter@example.org,55,Male,Manufacturing,North America,11-50,Standard,2020-03-16
CUST05871,Melissa Anderson,perezrobert@example.com,66,Male,Financial Services,North America,201-500,Standard,2020-02-04
CUST05872,Samantha Fernandez,perezrose@example.net,26,Female,Technology,Other,1000+,Enterprise,2020-06-27
CUST05873,Donna Sanchez,perkinsherbert@example.org,62,Female,Retail,Australia & New Zealand,11-50,Premium,2019-08-20
CUST05874,Jacob Spencer,perkinstiffany@example.org,19,Other,Technology,Other,1-10,Standard,2020-01-19
CUST05875,Timothy Baker,perry41@example.com,42,Female,Government & Public Sector,Europe,11-50,Free,2021-07-21
CUST05876,Rodney Thompson,perrykayla@example.net,32,Other,Other,Australia & New Zealand,51-200,Premium,2018-10-12
CUST05877,Andrea Cole,perrykemp@example.net,62,Female,Education,North America,51-200,Standard,2020-06-08
CUST05878,Mrs. Victoria Brown,perrylaurie@example.com,30,Female,Technology,Other,1000+,Enterprise,2020-09-15
CUST05879,Anna Pollard,peter00@example.com,45,Male,Healthcare,Australia & New Zealand,51-200,Standard,2019-07-24
CUST05880,Juan Lowe,peter06@example.net,28,Other,Manufacturing,Australia & New Zealand,51-200,Standard,2020-07-10
CUST05881,Melissa Arellano,peter08@example.net,40,Female,Retail,North America,201-500,Free,2020-06-16
CUST05882,Jeffrey Dennis,peter55@example.com,27,Female,Media & Communications,North America,201-500,Enterprise,2019-10-21
CUST05883,Mr. Nicholas Bush,peter74@example.com,41,Male,Media & Communications,Australia & New Zealand,51-200,Enterprise,2020-10-05
CUST05884,Dale Finley,peterboyd@example.com,70,Other,Technology,North America,201-500,Premium,2020-07-01
CUST05885,Brandon Joseph Jr.,petermaxwell@example.org,28,Other,Retail,Asia-Pacific,201-500,Enterprise,2020-07-03
CUST05886,Rebecca Clay,peternguyen@example.com,37,Male,Professional Services,North America,51-200,Free,2020-07-19
CUST05887,Courtney Morgan,peterpadilla@example.com,30,Male,Other,North America,1-10,Premium,2021-10-26
CUST05888,Jesus Cross,petersanders@example.com,57,Female,Media & Communications,Asia-Pacific,201-500,Enterprise,2019-08-22
CUST05889,Dorothy Williams,petersenlinda@example.org,69,Other,Technology,Australia & New Zealand,201-500,Premium,2020-05-27
CUST05890,Dr. April Taylor,petersonlinda@example.com,41,Female,Professional Services,North America,11-50,Premium,2020-12-28
CUST05891,Scott Foster,petersonmaria@example.net,25,Female,Professional Services,Asia-Pacific,11-50,Free,2020-03-18
CUST05892,Shannon Rivera,petersonmichael@example.org,68,Female,Other,Other,51-200,Enterprise,2019-11-11
CUST05893,Jason Reid,petersonsandy@example.org,37,Female,Media & Communications,Australia & New Zealand,1000+,Free,2020-01-05
CUST05894,Mr. Nicholas Robinson MD,peterstyler@example.net,37,Male,Manufacturing,Australia & New Zealand,201-500,Premium,2020-12-01
CUST05895,Ashley Daniels,pfitzpatrick@example.com,21,Male,Technology,Asia-Pacific,1-10,Standard,2020-06-11
CUST05896,William White,pfoster@example.com,29,Male,Retail,Australia & New Zealand,11-50,Premium,2019-09-20
CUST05897,Kristy Macias,pfrank@example.com,65,Other,Healthcare,Asia-Pacific,51-200,Standard,2020-09-22
CUST05898,Sarah Gonzalez,pgarrett@example.net,21,Other,Financial Services,Australia & New Zealand,51-200,Premium,2021-03-16
CUST05899,Sarah Perez,pgreen@example.com,23,Male,Other,Australia & New Zealand,11-50,Standard,2020-07-11
CUST05900,Haley Collins,pgreen@example.org,47,Other,Financial Services,Asia-Pacific,1-10,Standard,2020-09-13
CUST05901,Patricia Clark,pguerrero@example.net,47,Male,Manufacturing,Australia & New Zealand,501-1000,Standard,2020-07-17
CUST05902,Darryl Lopez,phall@example.com,42,Female,Media & Communications,Asia-Pacific,51-200,Standard,2020-10-28
CUST05903,Bruce Hernandez,phamamanda@example.net,45,Other,Other,Australia & New Zealand,1-10,Enterprise,2020-09-10
CUST05904,Tyler Reed,pharmon@example.net,69,Other,Manufacturing,Asia-Pacific,201-500,Premium,2019-01-09
CUST05905,Rhonda Welch,pharper@example.com,59,Other,Healthcare,Europe,51-200,Enterprise,2020-10-09
CUST05906,Sherry Rodriguez,pharrington@example.org,54,Female,Retail,Australia & New Zealand,1-10,Standard,2020-06-21
CUST05907,Andrew Jones,pharris@example.net,32,Other,Technology,Asia-Pacific,51-200,Standard,2020-04-09
CUST05908,Frances Riley,phelpschristian@example.net,20,Female,Technology,Australia & New Zealand,1000+,Standard,2021-01-22
CUST05909,Alexis Baker,pherman@example.com,52,Female,Professional Services,Australia & New Zealand,51-200,Standard,2020-02-12
CUST05910,Christine Davis,philip88@example.com,53,Female,Professional Services,Europe,501-1000,Free,2019-09-29
CUST05911,Tina Washington,philip89@example.org,45,Other,Professional Services,North America,51-200,Free,2021-06-09
CUST05912,Dustin Carter,philipblevins@example.com,30,Female,Professional Services,Australia & New Zealand,11-50,Premium,2020-12-13
CUST05913,Robert Braun,philipjames@example.org,18,Other,Professional Services,Europe,11-50,Free,2019-05-11
CUST05914,Hannah Greer,philipjenkins@example.net,67,Female,Technology,North America,51-200,Standard,2021-05-17
CUST05915,James Contreras,phillip06@example.net,21,Other,Healthcare,North America,1-10,Standard,2021-04-29
CUST05916,Melissa Castro,phillip76@example.net,48,Female,Financial Services,Australia & New Zealand,201-500,Premium,2019-05-31
CUST05917,Brian Rodriguez,phillipmeyer@example.com,37,Male,Education,North America,201-500,Standard,2020-01-30
CUST05918,Dustin Smith,phillipnorton@example.com,32,Other,Manufacturing,North America,1000+,Standard,2020-11-21
CUST05919,Veronica Thomas,phillippoole@example.org,70,Female,Technology,Europe,501-1000,Standard,2020-06-02
CUST05920,John Carroll,phillipscott@example.org,52,Other,Manufacturing,North America,51-200,Standard,2019-09-12
CUST05921,Melissa Griffith,phillipsdavid@example.org,29,Other,Other,North America,201-500,Standard,2020-06-26
CUST05922,Peggy Miller,phillipsmichael@example.com,49,Male,Retail,Asia-Pacific,51-200,Standard,2021-11-17
CUST05923,Lori Miller,pholland@example.org,33,Other,Education,Australia & New Zealand,51-200,Standard,2020-04-24
CUST05924,Stephen Mason,phuffman@example.org,48,Female,Professional Services,Australia & New Zealand,51-200,Standard,2020-08-31
CUST05925,Brendan Perkins,phyllisbrown@example.com,48,Female,Technology,Asia-Pacific,51-200,Premium,2020-02-26
CUST05926,Keith Smith,piercedawn@example.net,29,Female,Retail,Asia-Pacific,11-50,Standard,2019-10-18
CUST05927,Sandra Fritz,pierceeric@example.net,42,Male,Technology,Australia & New Zealand,51-200,Premium,2020-03-24
CUST05928,Dr. Gwendolyn Shaw DVM,piercelisa@example.org,24,Male,Other,North America,201-500,Enterprise,2020-03-06
CUST05929,Jennifer Wu,piercetiffany@example.net,55,Male,Technology,North America,1000+,Premium,2018-11-07
CUST05930,Steven Reynolds,pinedawilliam@example.com,53,Female,Media & Communications,Asia-Pacific,201-500,Standard,2019-07-05
CUST05931,Kristin Thompson,pittspaul@example.com,19,Male,Technology,Australia & New Zealand,1-10,Enterprise,2019-12-22
CUST05932,Robert Charles,pjohnson@example.net,60,Other,Government & Public Sector,Australia & New Zealand,51-200,Standard,2021-08-03
CUST05933,Ryan Baldwin,pjohnson@example.org,54,Female,Technology,Europe,1-10,Standard,2019-05-27
CUST05934,Dustin Lara,pkelly@example.com,67,Male,Professional Services,Europe,1000+,Standard,2020-06-23
CUST05935,Brian Fernandez,pkrueger@example.com,54,Female,Technology,North America,51-200,Free,2019-03-04
CUST05936,Nancy Blake,ple@example.net,19,Male,Education,Australia & New Zealand,201-500,Enterprise,2019-11-10
CUST05937,Andrea Strickland,plucas@example.org,61,Male,Media & Communications,Australia & New Zealand,51-200,Standard,2020-08-26
CUST05938,Travis Reyes,plucero@example.com,51,Male,Financial Services,Australia & New Zealand,201-500,Standard,2019-06-26
CUST05939,Alan Barton,plucero@example.org,48,Other,Financial Services,Europe,11-50,Standard,2020-05-21
CUST05940,Steven Doyle,pmartinez@example.net,52,Female,Education,North America,11-50,Standard,2018-11-11
CUST05941,Jacob Clark,pmckenzie@example.org,34,Male,Media & Communications,Australia & New Zealand,51-200,Premium,2019-03-08
CUST05942,Matthew Cannon,pmedina@example.com,33,Other,Healthcare,Europe,51-200,Premium,2020-04-19
CUST05943,Ryan Sharp,pmercado@example.org,22,Other,Media & Communications,Australia & New Zealand,1000+,Premium,2019-02-18
CUST05944,Luke Cochran,pmiller@example.net,21,Female,Media & Communications,Europe,51-200,Standard,2020-05-19
CUST05945,Jeffery Campbell,pmitchell@example.net,61,Female,Manufacturing,North America,1-10,Standard,2019-04-20
CUST05946,Eileen Johnson,pmoore@example.com,65,Male,Education,Asia-Pacific,501-1000,Premium,2020-09-01
CUST05947,Mary Williams,pmorris@example.net,35,Female,Retail,Europe,201-500,Standard,2020-10-21
CUST05948,Rebecca Rodriguez,pmorris@example.org,56,Other,Healthcare,Asia-Pacific,501-1000,Standard,2020-01-26
CUST05949,Wendy Lara,pnewman@example.com,58,Other,Retail,Europe,11-50,Premium,2020-06-26
CUST05950,Patricia Irwin,pnguyen@example.net,57,Other,Professional Services,North America,1-10,Free,2021-02-09
CUST05951,Gabriel Marsh,pollardstephanie@example.com,48,Other,Professional Services,Europe,11-50,Enterprise,2020-02-06
CUST05952,Matthew Vazquez,pooletimothy@example.com,64,Male,Technology,Australia & New Zealand,11-50,Enterprise,2018-10-17
CUST05953,Jacob Alexander,porterbobby@example.org,21,Male,Government & Public Sector,Australia & New Zealand,51-200,Enterprise,2020-08-02
CUST05954,Danielle Marsh,porterbriana@example.com,29,Male,Education,Asia-Pacific,51-200,Standard,2020-01-08
CUST05955,David Cole,pottermark@example.com,32,Male,Technology,Other,201-500,Premium,2020-11-22
CUST05956,Sara Henry,pottervictor@example.org,27,Female,Government & Public Sector,North America,11-50,Standard,2020-07-24
CUST05957,Andrew Atkins,powellanthony@example.com,52,Male,Healthcare,Europe,501-1000,Free,2019-01-03
CUST05958,Wayne Crawford,powellfrank@example.com,19,Male,Other,North America,201-500,Standard,2020-04-09
CUST05959,Adam Delgado,powellgary@example.com,65,Male,Technology,Asia-Pacific,201-500,Free,2019-01-07
CUST05960,Cynthia Farley,powelljoseph@example.org,53,Male,Professional Services,Asia-Pacific,51-200,Standard,2019-11-24
CUST05961,Brandi White,powellkimberly@example.org,24,Other,Financial Services,Europe,1-10,Premium,2021-02-23
CUST05962,Paul Juarez,powerselizabeth@example.org,53,Other,Professional Services,Asia-Pacific,11-50,Premium,2020-06-06
CUST05963,Tiffany Oliver,pperez@example.net,36,Male,Financial Services,Asia-Pacific,1000+,Standard,2020-10-03
CUST05964,Elizabeth Andersen,pphillips@example.com,48,Female,Technology,North America,11-50,Standard,2019-09-05
CUST05965,Crystal Hernandez,ppowers@example.org,30,Female,Retail,Asia-Pacific,11-50,Enterprise,2020-05-09
CUST05966,Andrea Brown,pramirez@example.net,43,Other,Technology,Australia & New Zealand,1-10,Standard,2020-06-10
CUST05967,Leslie Farrell,pramsey@example.org,54,Other,Professional Services,Other,501-1000,Enterprise,2021-01-18
CUST05968,Tyler Miller MD,prestonrobert@example.net,22,Female,Professional Services,Australia & New Zealand,201-500,Standard,2020-09-25
CUST05969,Tami Young,pricebrenda@example.com,65,Male,Other,Australia & New Zealand,201-500,Standard,2020-06-14
CUST05970,Valerie Guerrero,priceedward@example.org,67,Other,Retail,Australia & New Zealand,51-200,Free,2019-05-04
CUST05971,Dana Hill,pricejonathan@example.org,45,Male,Financial Services,Australia & New Zealand,201-500,Free,2021-02-02
CUST05972,Morgan Estrada,priceleslie@example.net,36,Female,Financial Services,North America,201-500,Free,2019-05-14
CUST05973,Joseph Mosley,prichards@example.com,22,Other,Manufacturing,Other,201-500,Standard,2020-05-09
CUST05974,Tammy Garcia,prichards@example.net,37,Male,Media & Communications,Australia & New Zealand,11-50,Standard,2019-11-30
CUST05975,Alexa Alvarado,priscilla55@example.com,27,Other,Retail,Australia & New Zealand,11-50,Free,2020-07-05
CUST05976,Kristin Clark,priscillamoore@example.net,69,Other,Healthcare,Australia & New Zealand,1-10,Standard,2019-09-15
CUST05977,Kyle Smith,priscillarussell@example.net,25,Female,Education,Asia-Pacific,1-10,Standard,2019-09-07
CUST05978,Eric Wilson,privera@example.net,55,Female,Other,Australia & New Zealand,1-10,Standard,2020-02-29
CUST05979,Russell Lopez,proctorelizabeth@example.org,66,Other,Other,Asia-Pacific,501-1000,Standard,2019-08-19
CUST05980,Jodi Miller,prose@example.org,31,Female,Government & Public Sector,North America,11-50,Premium,2019-10-13
CUST05981,Adam Martin,pruittjohn@example.net,32,Other,Retail,North America,501-1000,Premium,2019-11-01
CUST05982,Kirsten Powell,pruiz@example.net,29,Male,Technology,Europe,51-200,Standard,2020-11-24
CUST05983,Andres Cabrera,pryan@example.net,18,Male,Retail,North America,11-50,Standard,2019-12-14
CUST05984,Donald Wilson,pschroeder@example.com,45,Other,Healthcare,North America,11-50,Enterprise,2019-06-26
CUST05985,Valerie Larsen,psimpson@example.net,28,Male,Professional Services,Europe,51-200,Standard,2020-12-30
CUST05986,Vincent Daniels,psmith@example.org,44,Male,Healthcare,Asia-Pacific,501-1000,Free,2020-03-23
CUST05987,Angel Huerta,psnyder@example.org,19,Other,Technology,North America,501-1000,Enterprise,2020-11-23
CUST05988,Susan Sparks,psummers@example.net,22,Other,Professional Services,North America,11-50,Standard,2020-05-26
CUST05989,Donald Price,psweeney@example.org,35,Other,Technology,North America,1-10,Standard,2020-09-09
CUST05990,Lauren Simpson,pterry@example.org,64,Female,Education,North America,1-10,Standard,2020-10-08
CUST05991,Lori Young,pthomas@example.org,47,Other,Technology,Australia & New Zealand,201-500,Premium,2020-01-12
CUST05992,Ashlee King,pthompson@example.net,66,Other,Technology,North America,51-200,Standard,2020-03-11
CUST05993,Amanda Smith,ptodd@example.com,49,Other,Media & Communications,North America,501-1000,Premium,2019-11-08
CUST05994,James Fischer,ptyler@example.com,44,Male,Manufacturing,Australia & New Zealand,51-200,Enterprise,2021-01-18
CUST05995,Teresa Ross,pvaughn@example.org,39,Other,Manufacturing,Australia & New Zealand,51-200,Premium,2019-09-07
CUST05996,Adrian Glover,pwalker@example.org,19,Male,Retail,Europe,51-200,Standard,2021-04-16
CUST05997,Lisa Fitzgerald,pweaver@example.com,46,Other,Professional Services,Australia & New Zealand,1-10,Standard,2019-11-14
CUST05998,Tonya Gonzales,pwhitaker@example.com,56,Male,Technology,North America,51-200,Free,2019-01-24
CUST05999,Ryan Gonzalez,pwilson@example.com,54,Male,Financial Services,Asia-Pacific,201-500,Enterprise,2020-02-25
CUST06000,Thomas King,pwright@example.net,35,Female,Other,North America,51-200,Premium,2019-01-01
CUST06001,Douglas Rodriguez,pwyatt@example.net,34,Male,Professional Services,Europe,11-50,Premium,2019-03-11
CUST06002,Jenna Allen,pyoung@example.com,18,Other,Healthcare,North America,51-200,Standard,2019-06-24
CUST06003,Amy Jacobs,qadams@example.net,48,Other,Retail,Europe,501-1000,Standard,2019-09-05
CUST06004,Brenda Harvey,qanderson@example.org,22,Male,Manufacturing,Asia-Pacific,11-50,Premium,2019-05-16
CUST06005,Patrick Huerta,qandrade@example.com,23,Female,Retail,Australia & New Zealand,501-1000,Standard,2019-07-22
CUST06006,Jamie Green,qbaker@example.net,29,Female,Healthcare,North America,1000+,Premium,2021-06-01
CUST06007,Barbara Blair,qbaker@example.org,57,Male,Education,Asia-Pacific,1000+,Premium,2019-06-21
CUST06008,Todd Edwards,qbanks@example.org,19,Male,Technology,Australia & New Zealand,51-200,Standard,2019-06-06
CUST06009,Matthew Hernandez,qbarnes@example.net,52,Male,Retail,North America,11-50,Free,2020-06-18
CUST06010,Eric Johnson,qbautista@example.com,54,Other,Retail,Asia-Pacific,11-50,Free,2019-11-09
CUST06011,Olivia Walker,qbenitez@example.net,43,Other,Government & Public Sector,Australia & New Zealand,501-1000,Premium,2020-10-18
CUST06012,Charles Dorsey,qbrewer@example.org,47,Female,Healthcare,Asia-Pacific,201-500,Standard,2021-05-09
CUST06013,Mason Rodgers,qbrown@example.com,54,Other,Education,North America,1000+,Premium,2019-05-18
CUST06014,Allison Lewis,qbrown@example.org,25,Other,Retail,Other,201-500,Free,2019-08-11
CUST06015,Kathleen Thornton,qburton@example.com,66,Female,Education,Australia & New Zealand,1000+,Premium,2019-07-14
CUST06016,Mary Ortiz,qcarr@example.org,57,Male,Media & Communications,Australia & New Zealand,201-500,Standard,2020-10-27
CUST06017,Randy Campbell,qcastro@example.net,56,Female,Healthcare,Australia & New Zealand,501-1000,Standard,2019-09-25
CUST06018,Patricia Smith,qclark@example.net,43,Female,Retail,Australia & New Zealand,201-500,Free,2019-03-27
CUST06019,Brenda Martin,qcohen@example.net,34,Male,Professional Services,North America,51-200,Free,2020-07-09
CUST06020,James Lee,qcross@example.org,55,Other,Media & Communications,Australia & New Zealand,201-500,Free,2020-01-07
CUST06021,Heather Nunez,qcurtis@example.com,45,Female,Education,Australia & New Zealand,501-1000,Enterprise,2021-07-27
CUST06022,Jason Lam MD,qdawson@example.com,63,Other,Financial Services,Asia-Pacific,11-50,Standard,2020-12-30
CUST06023,Melissa Becker,qdunn@example.net,67,Female,Professional Services,Australia & New Zealand,1000+,Free,2020-08-08
CUST06024,Christine Page,qeaton@example.net,59,Other,Technology,North America,51-200,Enterprise,2020-07-26
CUST06025,Andre Jones,qfoster@example.org,29,Other,Technology,Europe,11-50,Enterprise,2020-01-15
CUST06026,Anthony Gross,qfowler@example.com,59,Female,Government & Public Sector,Europe,51-200,Premium,2020-02-17
CUST06027,Matthew Garcia,qgalvan@example.net,30,Female,Media & Communications,North America,51-200,Standard,2020-01-02
CUST06028,Brittany Mcintosh,qgarcia@example.net,33,Female,Financial Services,North America,1000+,Premium,2019-08-13
CUST06029,Michael White,qgates@example.org,23,Female,Technology,Europe,201-500,Free,2020-02-17
CUST06030,Denise Lane,qgonzalez@example.org,36,Female,Technology,Asia-Pacific,1-10,Standard,2020-11-09
CUST06031,Erica Vang,qguzman@example.com,23,Other,Technology,Australia & New Zealand,201-500,Premium,2019-10-21
CUST06032,Paula Johnson,qharvey@example.net,33,Female,Manufacturing,Australia & New Zealand,201-500,Free,2020-08-08
CUST06033,Sarah Farmer,qhenson@example.net,35,Other,Technology,North America,11-50,Premium,2020-07-05
CUST06034,Tamara Davis,qhernandez@example.com,45,Male,Technology,North America,1000+,Premium,2019-10-25
CUST06035,Michael Carlson,qhinton@example.org,36,Male,Healthcare,Asia-Pacific,11-50,Standard,2019-10-13
CUST06036,Brian Chavez,qhooper@example.org,29,Female,Manufacturing,Europe,501-1000,Standard,2019-06-11
CUST06037,Jeremy Wells,qhughes@example.org,65,Other,Manufacturing,Asia-Pacific,11-50,Free,2021-02-18
CUST06038,Brent Davis,qirwin@example.com,25,Other,Other,Australia & New Zealand,201-500,Free,2018-11-07
CUST06039,Charles George,qjackson@example.com,19,Female,Retail,Europe,51-200,Premium,2019-03-20
CUST06040,Angelica Price,qjennings@example.org,54,Female,Healthcare,North America,201-500,Standard,2019-08-09
CUST06041,Kenneth Pitts,qjones@example.com,39,Female,Government & Public Sector,North America,1-10,Free,2020-02-13
CUST06042,Roberto Ortiz,qjones@example.net,36,Male,Government & Public Sector,Australia & New Zealand,1-10,Premium,2019-02-28
CUST06043,Robert Barnes,qjones@example.org,26,Male,Technology,North America,11-50,Standard,2021-09-04
CUST06044,Timothy Newman,qkelly@example.org,27,Female,Healthcare,Europe,11-50,Standard,2019-12-14
CUST06045,Stacey Gonzalez,qking@example.org,37,Female,Healthcare,Australia & New Zealand,1000+,Free,2020-01-03
CUST06046,Timothy Middleton,qlane@example.net,55,Female,Manufacturing,Australia & New Zealand,501-1000,Enterprise,2020-05-01
CUST06047,Kimberly Johnson,qlee@example.net,58,Other,Financial Services,Australia & New Zealand,201-500,Enterprise,2020-02-27
CUST06048,Kevin Flores,qlopez@example.net,33,Male,Media & Communications,Europe,201-500,Standard,2021-10-02
CUST06049,Anne Vaughn,qlopez@example.org,66,Female,Government & Public Sector,Australia & New Zealand,1000+,Standard,2021-10-18
CUST06050,Emily Welch,qmann@example.net,31,Male,Technology,Europe,51-200,Standard,2019-02-26
CUST06051,Rebecca Nelson,qmartin@example.com,40,Other,Financial Services,Australia & New Zealand,201-500,Standard,2021-01-08
CUST06052,Steven Holloway,qmartin@example.net,20,Male,Education,North America,11-50,Premium,2019-12-31
CUST06053,Matthew Tran,qmeyer@example.net,37,Male,Manufacturing,Other,1-10,Standard,2019-09-15
CUST06054,Katelyn Johnson,qmeyer@example.org,23,Other,Government & Public Sector,Europe,501-1000,Standard,2018-09-29
CUST06055,Bradley Nelson,qmiller@example.com,33,Male,Professional Services,Australia & New Zealand,501-1000,Standard,2020-01-08
CUST06056,Rebecca Daniels,qmitchell@example.org,66,Other,Other,North America,201-500,Standard,2020-11-03
CUST06057,Erika Richardson,qmoon@example.org,51,Other,Manufacturing,Europe,11-50,Premium,2018-12-12
CUST06058,Lisa Powell,qmoore@example.net,63,Female,Financial Services,North America,11-50,Standard,2019-02-10
CUST06059,Amy Scott,qperez@example.com,36,Male,Government & Public Sector,North America,11-50,Premium,2019-11-27
CUST06060,Cory Sutton,qramos@example.net,62,Female,Technology,North America,51-200,Premium,2020-07-27
CUST06061,Kathy Bates,qreyes@example.com,36,Other,Financial Services,North America,51-200,Standard,2019-10-27
CUST06062,Billy Barber,qrobertson@example.org,43,Female,Retail,Australia & New Zealand,11-50,Free,2019-05-10
CUST06063,Katherine Mills,qrobinson@example.net,66,Other,Technology,Australia & New Zealand,11-50,Free,2020-02-26
CUST06064,Joshua Rogers,qrobinson@example.org,55,Other,Education,Australia & New Zealand,201-500,Standard,2020-03-26
CUST06065,Brian Mays,qsanchez@example.net,40,Other,Media & Communications,North America,1-10,Enterprise,2019-11-02
CUST06066,Larry Glass,qsexton@example.com,62,Female,Technology,Europe,11-50,Premium,2020-12-30
CUST06067,Charlotte Martin,qsexton@example.org,36,Other,Healthcare,Asia-Pacific,1-10,Free,2020-03-04
CUST06068,Julia Terry,qsmith@example.net,65,Female,Government & Public Sector,North America,1-10,Premium,2020-01-28
CUST06069,Samuel Jenkins,qstevens@example.org,37,Male,Government & Public Sector,Australia & New Zealand,501-1000,Standard,2019-12-24
CUST06070,Robin Johnson,qswanson@example.net,24,Other,Media & Communications,Australia & New Zealand,51-200,Enterprise,2018-12-18
CUST06071,Patricia Wallace,qtaylor@example.com,63,Other,Healthcare,North America,51-200,Premium,2020-06-21
CUST06072,Joshua Smith,qthompson@example.net,20,Female,Media & Communications,Australia & New Zealand,1000+,Standard,2019-01-08
CUST06073,Erika Santos,quinnchristopher@example.org,65,Male,Technology,Australia & New Zealand,501-1000,Premium,2021-01-31
CUST06074,Veronica Morgan,quinnkeith@example.com,60,Male,Retail,Australia & New Zealand,1000+,Free,2021-11-25
CUST06075,Walter Kirk,qvazquez@example.net,36,Male,Other,North America,201-500,Standard,2020-04-30
CUST06076,Jessica Norris,qwalker@example.com,30,Male,Other,Europe,501-1000,Standard,2021-10-15
CUST06077,Antonio Garcia,qwallace@example.org,18,Female,Retail,Australia & New Zealand,1-10,Premium,2019-02-12
CUST06078,Steven Jensen,qwarren@example.net,20,Other,Retail,Europe,11-50,Standard,2019-12-15
CUST06079,Karen Rowland,qweiss@example.com,27,Female,Retail,Australia & New Zealand,1000+,Free,2021-02-17
CUST06080,Susan Christensen,qwhite@example.net,57,Other,Professional Services,Asia-Pacific,51-200,Standard,2019-08-11
CUST06081,Patricia Brady,qwilson@example.org,67,Female,Financial Services,North America,501-1000,Free,2020-11-23
CUST06082,Gregory Davis,rachael51@example.com,33,Female,Financial Services,Australia & New Zealand,501-1000,Standard,2019-02-26
CUST06083,Heather Leonard,rachael65@example.net,62,Male,Education,Australia & New Zealand,11-50,Premium,2020-01-24
CUST06084,Daniel Mckinney,rachaelnelson@example.com,18,Female,Financial Services,Asia-Pacific,51-200,Free,2020-01-26
CUST06085,Nicole Mitchell,rachel27@example.com,52,Male,Financial Services,North America,1-10,Premium,2020-01-08
CUST06086,Tony Watkins,rachel34@example.net,67,Female,Technology,Australia & New Zealand,51-200,Premium,2019-02-07
CUST06087,Spencer Mullen,rachel62@example.com,40,Male,Professional Services,Asia-Pacific,11-50,Standard,2020-09-13
CUST06088,Jennifer Johnson,rachel78@example.org,24,Other,Retail,Australia & New Zealand,1-10,Enterprise,2021-01-13
CUST06089,Tony Mitchell,rachel87@example.org,22,Male,Education,Europe,201-500,Premium,2018-12-04
CUST06090,Heather Jacobs,racheladams@example.net,26,Male,Technology,Europe,51-200,Free,2019-10-27
CUST06091,Katherine Potter,rachelbarber@example.org,42,Female,Manufacturing,North America,201-500,Standard,2020-12-14
CUST06092,Teresa Rivera,racheldouglas@example.com,32,Female,Healthcare,Europe,51-200,Enterprise,2019-10-10
CUST06093,Jeffrey Craig,rachelfrederick@example.com,59,Female,Retail,Europe,11-50,Free,2020-03-15
CUST06094,Craig Gomez,rachelhamilton@example.net,33,Male,Technology,Asia-Pacific,51-200,Standard,2021-03-13
CUST06095,Brooke Nicholson,rachelkane@example.net,39,Male,Healthcare,Asia-Pacific,11-50,Enterprise,2021-08-08
CUST06096,Cynthia Allen,rachelsmith@example.org,57,Male,Healthcare,Australia & New Zealand,51-200,Standard,2020-09-05
CUST06097,Sabrina Miller,rachelwarner@example.net,23,Male,Professional Services,Asia-Pacific,1-10,Enterprise,2021-03-03
CUST06098,Anthony Silva,raguilar@example.org,66,Male,Healthcare,Europe,51-200,Standard,2021-04-04
CUST06099,John Andrews,ralvarado@example.com,60,Male,Financial Services,North America,1000+,Free,2020-08-10
CUST06100,Robin Webster,ralvarado@example.org,67,Other,Retail,Australia & New Zealand,11-50,Standard,2020-06-02
CUST06101,Steven Olson,ramirezchristopher@example.com,36,Female,Professional Services,Asia-Pacific,11-50,Premium,2020-07-06
CUST06102,Kayla Dunn,ramirezphilip@example.net,66,Male,Education,North America,1-10,Premium,2020-05-29
CUST06103,Joan Benson,ramoscharles@example.com,49,Other,Education,Europe,1-10,Standard,2019-10-17
CUST06104,Angel Simmons,ramoskelli@example.org,52,Male,Professional Services,Other,51-200,Standard,2020-05-21
CUST06105,Amber Long,ramosraymond@example.com,52,Female,Financial Services,North America,51-200,Free,2019-07-16
CUST06106,Wayne Bradley,ramosronald@example.net,39,Male,Professional Services,Australia & New Zealand,1-10,Enterprise,2020-06-19
CUST06107,Andrew Moore,ramossteven@example.com,47,Male,Healthcare,Asia-Pacific,201-500,Enterprise,2019-12-02
CUST06108,Dana Jones,ramseyantonio@example.org,20,Male,Retail,North America,11-50,Premium,2020-12-29
CUST06109,Michele Kelly,ramseyeric@example.org,22,Female,Retail,Europe,1000+,Free,2019-06-13
CUST06110,Victoria Holt,randall15@example.com,38,Other,Professional Services,Asia-Pacific,201-500,Standard,2020-06-30
CUST06111,Shaun Wilson,randall56@example.com,61,Other,Government & Public Sector,Europe,11-50,Premium,2020-04-23
CUST06112,Michael Alexander,randallann@example.com,47,Female,Financial Services,Other,201-500,Standard,2020-02-08
CUST06113,Casey Higgins,randallchristopher@example.net,59,Other,Healthcare,Australia & New Zealand,201-500,Standard,2019-03-04
CUST06114,Robert Wilkins,randallmills@example.net,57,Other,Professional Services,Australia & New Zealand,501-1000,Standard,2019-06-05
CUST06115,Nicholas Mccormick,randy00@example.com,44,Other,Technology,Asia-Pacific,11-50,Premium,2018-10-17
CUST06116,James Mendoza,randy35@example.org,40,Female,Professional Services,Europe,11-50,Enterprise,2019-06-19
CUST06117,Cynthia Good,randybaxter@example.net,34,Male,Retail,Europe,11-50,Standard,2020-05-07
CUST06118,Angela Kim,randybell@example.org,42,Other,Other,Asia-Pacific,501-1000,Premium,2020-04-28
CUST06119,Heather Jackson,randydelgado@example.net,60,Other,Manufacturing,Australia & New Zealand,51-200,Enterprise,2019-10-16
CUST06120,Joe Stanley,randywright@example.org,24,Female,Media & Communications,Asia-Pacific,51-200,Standard,2019-05-05
CUST06121,Laura Evans,rangelshelley@example.net,27,Other,Other,Asia-Pacific,51-200,Free,2019-10-14
CUST06122,Robert Montgomery,raven55@example.net,52,Other,Retail,Australia & New Zealand,51-200,Enterprise,2018-10-22
CUST06123,Nicholas Martinez,raycarney@example.net,34,Other,Technology,Australia & New Zealand,1000+,Standard,2019-02-16
CUST06124,Mark Gay,raydavid@example.net,34,Female,Financial Services,Australia & New Zealand,11-50,Free,2020-06-15
CUST06125,Paul Strong,raydestiny@example.org,68,Male,Manufacturing,North America,201-500,Enterprise,2021-01-03
CUST06126,Dana Hernandez,raymond05@example.com,60,Male,Professional Services,North America,11-50,Enterprise,2021-05-14
CUST06127,Jessica Brooks,raymond15@example.net,21,Other,Media & Communications,Asia-Pacific,51-200,Standard,2019-12-29
CUST06128,Brenda Freeman,raymond21@example.com,38,Male,Professional Services,Europe,51-200,Free,2020-07-25
CUST06129,Nathan Mejia,raymond59@example.net,52,Other,Financial Services,Europe,11-50,Free,2019-09-25
CUST06130,Jennifer Cox,raymond67@example.com,26,Male,Professional Services,Europe,51-200,Enterprise,2019-04-10
CUST06131,Michael Brooks,raymond70@example.org,70,Female,Technology,North America,501-1000,Premium,2018-10-19
CUST06132,Lindsey Duran,raymond89@example.net,66,Male,Technology,North America,501-1000,Free,2021-04-17
CUST06133,Devin Hicks,raymond98@example.org,48,Male,Education,Asia-Pacific,201-500,Standard,2020-03-28
CUST06134,Mrs. Makayla Richards,raymondgarcia@example.com,52,Male,Other,Australia & New Zealand,501-1000,Premium,2020-02-02
CUST06135,Stephanie Robertson,raymondramirez@example.com,22,Female,Government & Public Sector,North America,51-200,Standard,2019-12-21
CUST06136,Stephanie Herrera,rbarber@example.com,26,Male,Media & Communications,North America,11-50,Premium,2019-05-09
CUST06137,Kathryn Lowe,rbarrera@example.com,53,Other,Media & Communications,North America,51-200,Premium,2020-03-07
CUST06138,David Kelley,rbenton@example.net,49,Male,Retail,Australia & New Zealand,51-200,Premium,2020-12-12
CUST06139,Leslie Perez,rbest@example.com,66,Male,Healthcare,Australia & New Zealand,11-50,Standard,2020-09-07
CUST06140,Brittany King,rbowman@example.org,24,Female,Professional Services,North America,11-50,Standard,2020-08-27
CUST06141,Michele Gutierrez,rbrown@example.org,27,Female,Manufacturing,Australia & New Zealand,1000+,Standard,2019-12-19
CUST06142,Travis Ho,rcaldwell@example.org,36,Other,Media & Communications,Australia & New Zealand,51-200,Enterprise,2019-12-27
CUST06143,Stephanie Huber,rcastro@example.net,47,Other,Media & Communications,Asia-Pacific,201-500,Free,2020-06-10
CUST06144,Alyssa Brown,rchoi@example.com,67,Female,Professional Services,Other,51-200,Free,2019-05-11
CUST06145,Micheal Baker,rcohen@example.org,18,Male,Professional Services,Other,51-200,Standard,2021-03-04
CUST06146,Michael Rodriguez,rcontreras@example.org,49,Male,Manufacturing,Europe,51-200,Premium,2020-04-24
CUST06147,Melissa Bruce MD,rcox@example.net,23,Female,Government & Public Sector,Australia & New Zealand,1-10,Standard,2020-12-17
CUST06148,Sarah Wright,rcruz@example.com,19,Other,Government & Public Sector,Europe,501-1000,Standard,2019-09-02
CUST06149,David Diaz MD,rdavis@example.com,57,Other,Education,North America,201-500,Standard,2020-03-02
CUST06150,Jamie Jones,rdean@example.com,61,Male,Technology,North America,11-50,Standard,2020-02-19
CUST06151,Randall Nunez,rdillon@example.net,33,Female,Retail,North America,1000+,Standard,2020-11-28
CUST06152,Dawn Daniel,rduncan@example.com,32,Other,Financial Services,North America,201-500,Standard,2020-10-23
CUST06153,Joseph Weiss,rduran@example.net,62,Male,Manufacturing,Australia & New Zealand,201-500,Enterprise,2019-07-22
CUST06154,Eric Bradford,rebecca18@example.com,67,Female,Other,Europe,51-200,Enterprise,2019-12-05
CUST06155,Kenneth Stevens,rebecca30@example.org,47,Male,Retail,Other,1000+,Premium,2019-06-23
CUST06156,Michael Pollard,rebecca46@example.net,18,Male,Healthcare,Europe,51-200,Premium,2021-05-04
CUST06157,Kimberly Hughes,rebecca56@example.org,42,Other,Technology,Europe,51-200,Premium,2018-10-06
CUST06158,Lee Watson,rebecca64@example.com,24,Other,Financial Services,Europe,201-500,Standard,2020-03-02
CUST06159,Jennifer Graves,rebecca65@example.org,53,Other,Government & Public Sector,Asia-Pacific,1000+,Standard,2019-08-29
CUST06160,Rebecca Barnes,rebecca66@example.com,48,Male,Media & Communications,Europe,201-500,Premium,2019-04-15
CUST06161,Jacob Turner,rebeccablack@example.net,18,Male,Media & Communications,Asia-Pacific,501-1000,Premium,2019-10-25
CUST06162,Brian Anderson,rebeccabush@example.net,68,Male,Technology,Europe,201-500,Standard,2019-12-31
CUST06163,Christian Olson,rebeccacline@example.net,39,Male,Technology,Australia & New Zealand,1000+,Premium,2019-02-17
CUST06164,Michelle Duffy,rebeccacowan@example.com,38,Female,Healthcare,Europe,11-50,Enterprise,2019-09-10
CUST06165,Christine Williams,rebeccadaniel@example.com,62,Female,Healthcare,North America,11-50,Standard,2020-09-10
CUST06166,Mark Guerrero,rebeccadavenport@example.com,50,Female,Professional Services,North America,11-50,Standard,2019-08-22
CUST06167,Karen Porter,rebeccahebert@example.com,53,Other,Professional Services,Australia & New Zealand,1-10,Free,2020-01-04
CUST06168,Lauren Smith,rebeccajenkins@example.org,27,Male,Retail,Other,11-50,Standard,2021-03-10
CUST06169,Brian Kelley,rebeccalee@example.org,41,Female,Technology,Europe,1000+,Free,2020-02-25
CUST06170,Misty Hernandez,rebeccamckinney@example.org,25,Female,Professional Services,Australia & New Zealand,1-10,Free,2020-10-04
CUST06171,Luke Williamson,rebeccanichols@example.org,27,Female,Education,Australia & New Zealand,1000+,Standard,2021-02-19
CUST06172,Corey Miller,rebeccaparker@example.org,53,Female,Financial Services,Asia-Pacific,11-50,Premium,2019-10-04
CUST06173,Jonathan Guerrero,rebeccashannon@example.net,52,Other,Technology,North America,1000+,Free,2019-08-15
CUST06174,Melissa Hardy,rebeccashields@example.net,45,Other,Education,North America,51-200,Standard,2021-02-07
CUST06175,Damon Kelly,reedalison@example.org,59,Female,Financial Services,North America,11-50,Free,2020-11-06
CUST06176,Richard Rodriguez,reedchristian@example.net,41,Female,Professional Services,Australia & New Zealand,51-200,Standard,2020-03-04
CUST06177,Tammie Oneill,reeddwayne@example.net,65,Male,Technology,North America,51-200,Premium,2021-09-05
CUST06178,Molly Ramos,reedjoe@example.org,23,Male,Retail,Europe,51-200,Free,2021-01-12
CUST06179,Thomas Wheeler,reedlacey@example.org,59,Other,Financial Services,Asia-Pacific,1-10,Standard,2020-12-13
CUST06180,Brent Frazier,reedtara@example.org,61,Other,Financial Services,North America,1000+,Free,2021-03-31
CUST06181,Brenda Schultz,reedzachary@example.org,47,Other,Other,Asia-Pacific,501-1000,Free,2020-03-16
CUST06182,Denise Allen,reeseashley@example.org,34,Female,Technology,Europe,11-50,Premium,2020-12-08
CUST06183,Bailey Maxwell,reevesjessica@example.org,68,Male,Government & Public Sector,North America,1-10,Enterprise,2020-07-05
CUST06184,Sarah Odonnell,reevessusan@example.com,69,Other,Education,North America,51-200,Enterprise,2020-03-12
CUST06185,Todd Zimmerman,reevesvanessa@example.org,30,Female,Retail,Australia & New Zealand,1-10,Standard,2020-04-05
CUST06186,Crystal Robinson,regina04@example.com,54,Female,Manufacturing,North America,11-50,Standard,2020-01-01
CUST06187,Cody Bell,regina12@example.org,52,Female,Professional Services,Australia & New Zealand,51-200,Enterprise,2020-06-19
CUST06188,Kelly Roberson,regina76@example.org,64,Female,Retail,Other,11-50,Premium,2021-03-26
CUST06189,Andrew Kelly,regina99@example.org,24,Female,Technology,Asia-Pacific,501-1000,Standard,2019-11-13
CUST06190,Eric Graves Jr.,reginaldcarter@example.net,18,Female,Other,Australia & New Zealand,201-500,Free,2020-12-01
CUST06191,Joshua Walters,reginarivas@example.net,34,Male,Technology,Asia-Pacific,201-500,Standard,2019-07-04
CUST06192,Matthew Knight PhD,reginarodriguez@example.com,65,Male,Government & Public Sector,Asia-Pacific,201-500,Standard,2020-02-05
CUST06193,Sheena Guzman,reginastone@example.com,47,Female,Education,Europe,1-10,Standard,2020-07-03
CUST06194,Jennifer Silva,renee11@example.org,34,Other,Media & Communications,Australia & New Zealand,501-1000,Enterprise,2019-11-08
CUST06195,Karen Benjamin,renee24@example.org,65,Female,Healthcare,Asia-Pacific,1000+,Standard,2019-07-27
CUST06196,Lawrence Gonzales,renee71@example.org,33,Other,Healthcare,North America,501-1000,Standard,2019-06-16
CUST06197,Alan Krueger,renee85@example.net,39,Female,Healthcare,Australia & New Zealand,201-500,Standard,2019-06-04
CUST06198,Jennifer Warren,reneeburke@example.org,22,Female,Financial Services,North America,51-200,Standard,2019-11-01
CUST06199,Carly Love,reneefields@example.com,34,Other,Retail,Other,1-10,Premium,2020-02-23
CUST06200,Jenna Clayton,reyesmark@example.com,27,Male,Financial Services,North America,11-50,Free,2020-04-25
CUST06201,Christine Perez,reyesmichael@example.org,36,Female,Technology,Europe,201-500,Free,2020-01-15
CUST06202,Cynthia Cox,reyesnathaniel@example.com,21,Female,Financial Services,Europe,11-50,Enterprise,2020-03-10
CUST06203,Thomas Kidd,reyespamela@example.com,67,Other,Professional Services,Asia-Pacific,1-10,Premium,2019-04-13
CUST06204,Amanda Thompson,reyeswendy@example.com,47,Male,Other,Asia-Pacific,51-200,Premium,2019-12-12
CUST06205,Scott Trevino,reynoldsadam@example.com,53,Male,Financial Services,Asia-Pacific,51-200,Premium,2019-12-13
CUST06206,Ariel Jones,reynoldselizabeth@example.com,46,Male,Technology,Europe,1-10,Premium,2020-08-25
CUST06207,Zachary Swanson,reynoldskara@example.com,38,Female,Government & Public Sector,Australia & New Zealand,51-200,Premium,2020-11-25
CUST06208,Michael Webb,reynoldslisa@example.net,46,Female,Education,Asia-Pacific,11-50,Free,2019-05-05
CUST06209,Heather Pham,rfinley@example.net,51,Other,Technology,Asia-Pacific,1000+,Premium,2021-05-12
CUST06210,Kelli Terrell,rfowler@example.net,27,Female,Financial Services,Europe,1-10,Premium,2020-01-25
CUST06211,Andrew Wright,rgarcia@example.net,37,Female,Other,North America,1000+,Standard,2020-11-24
CUST06212,Brian Ross,rgardner@example.com,56,Female,Technology,North America,201-500,Premium,2019-09-29
CUST06213,Lee Kennedy,rhall@example.org,42,Female,Professional Services,North America,51-200,Premium,2020-01-01
CUST06214,Shelby Douglas,rhendrix@example.net,49,Female,Government & Public Sector,Australia & New Zealand,501-1000,Standard,2020-03-31
CUST06215,Virginia Smith,rhodesbarbara@example.net,45,Female,Other,Europe,51-200,Standard,2020-02-10
CUST06216,David Hicks,rholt@example.org,30,Male,Other,North America,11-50,Enterprise,2018-12-27
CUST06217,Nicole Gamble,rhonda03@example.org,45,Male,Technology,Australia & New Zealand,201-500,Free,2019-12-15
CUST06218,Linda Baxter,rhonda25@example.net,25,Male,Technology,Australia & New Zealand,51-200,Standard,2019-06-06
CUST06219,Rebecca Smith,rhonda32@example.org,56,Male,Manufacturing,Australia & New Zealand,11-50,Premium,2019-02-11
CUST06220,Christine Davis,rhonda49@example.com,30,Male,Manufacturing,Australia & New Zealand,51-200,Free,2020-07-13
CUST06221,Jordan Mccann,rhonda50@example.net,25,Male,Financial Services,Australia & New Zealand,11-50,Standard,2019-12-29
CUST06222,Joseph Mullins,rhonda73@example.net,69,Other,Financial Services,Asia-Pacific,1-10,Free,2020-02-21
CUST06223,Amanda Salazar,rhondagomez@example.org,35,Other,Technology,North America,51-200,Premium,2019-04-17
CUST06224,Sarah Mcmahon,rhondarice@example.org,22,Male,Retail,Europe,501-1000,Premium,2021-03-07
CUST06225,Joseph Reynolds,rhondawalker@example.net,38,Male,Education,North America,501-1000,Free,2020-05-19
CUST06226,Samantha Anderson,rhopkins@example.com,67,Other,Government & Public Sector,Australia & New Zealand,11-50,Free,2020-04-06
CUST06227,Karen Frank,ricardo06@example.com,25,Male,Professional Services,Other,11-50,Enterprise,2021-06-28
CUST06228,Jeffrey Nguyen,ricardo62@example.net,21,Female,Education,Australia & New Zealand,201-500,Enterprise,2019-12-08
CUST06229,Ariana Gordon,ricemichael@example.org,51,Other,Education,Australia & New Zealand,51-200,Standard,2020-06-25
CUST06230,Heather Robinson,riceryan@example.net,31,Female,Professional Services,North America,11-50,Enterprise,2020-07-03
CUST06231,Edward Russell,richard00@example.net,37,Other,Professional Services,Australia & New Zealand,1000+,Free,2021-08-12
CUST06232,William Mccann,richard23@example.com,58,Other,Education,Australia & New Zealand,11-50,Standard,2020-03-17
CUST06233,Troy Lewis,richard24@example.com,46,Male,Other,Europe,11-50,Premium,2020-07-12
CUST06234,Joshua Parks,richard34@example.com,65,Male,Other,Europe,51-200,Standard,2021-01-24
CUST06235,Yolanda Jones,richard35@example.net,22,Male,Professional Services,North America,1000+,Enterprise,2019-06-15
CUST06236,Julie Perez,richard48@example.net,44,Male,Healthcare,Europe,1-10,Premium,2019-07-09
CUST06237,Pamela Gibbs,richard64@example.net,30,Other,Manufacturing,Europe,1-10,Standard,2019-05-11
CUST06238,Kathleen Richards,richard66@example.com,51,Other,Technology,Australia & New Zealand,201-500,Standard,2020-10-05
CUST06239,Laura Key MD,richard70@example.org,45,Male,Retail,Australia & New Zealand,201-500,Standard,2019-12-19
CUST06240,Paige Nichols,richard72@example.com,33,Other,Government & Public Sector,Australia & New Zealand,11-50,Standard,2019-10-10
CUST06241,Philip Carter,richard73@example.com,31,Other,Retail,Europe,11-50,Enterprise,2021-10-04
CUST06242,Michelle Dudley,richard75@example.net,55,Male,Retail,North America,201-500,Standard,2019-08-25
CUST06243,Anna Smith,richard77@example.org,55,Other,Retail,Europe,1-10,Free,2019-11-07
CUST06244,Mike Harris,richard82@example.net,49,Female,Professional Services,Australia & New Zealand,51-200,Enterprise,2021-03-06
CUST06245,Lynn Bentley,richard83@example.org,38,Other,Financial Services,Europe,1000+,Standard,2019-08-12
CUST06246,Julie Mueller,richard85@example.com,37,Male,Retail,Australia & New Zealand,51-200,Free,2019-12-03
CUST06247,Alejandra Hernandez,richardanderson@example.org,69,Female,Education,North America,51-200,Premium,2021-01-26
CUST06248,Lauren Macias,richardbolton@example.org,38,Male,Media & Communications,North America,201-500,Free,2019-09-24
CUST06249,Emily Knox,richardcarter@example.org,34,Other,Technology,North America,1-10,Free,2020-06-26
CUST06250,Kerri Murphy,richardconley@example.org,70,Female,Manufacturing,North America,501-1000,Premium,2021-06-29
CUST06251,Sarah Robles,richardesparza@example.net,34,Other,Technology,Asia-Pacific,51-200,Enterprise,2020-05-23
CUST06252,Nicholas Martin,richardfoster@example.com,35,Female,Technology,Australia & New Zealand,51-200,Enterprise,2020-07-15
CUST06253,Andrew Thompson,richardfoster@example.net,35,Male,Retail,Australia & New Zealand,1-10,Enterprise,2020-06-29
CUST06254,Victor Franklin,richardgarrison@example.net,49,Other,Retail,Asia-Pacific,201-500,Premium,2019-07-21
CUST06255,Deborah Nelson,richardharris@example.org,69,Other,Education,Australia & New Zealand,1000+,Standard,2021-03-13
CUST06256,Kevin Haynes,richardjordan@example.org,41,Male,Technology,Other,11-50,Premium,2019-12-03
CUST06257,Martin Chang,richardkelley@example.net,62,Male,Professional Services,North America,11-50,Free,2021-10-16
CUST06258,Erica Hall,richardlee@example.org,50,Other,Manufacturing,Australia & New Zealand,51-200,Standard,2021-10-16
CUST06259,Jesse Edwards,richardpatel@example.net,47,Male,Technology,Europe,51-200,Free,2019-04-27
CUST06260,Anthony Mcguire,richardray@example.net,39,Female,Financial Services,Australia & New Zealand,201-500,Premium,2020-12-06
CUST06261,William Adkins,richardsbrittney@example.com,52,Female,Financial Services,Australia & New Zealand,51-200,Premium,2020-02-01
CUST06262,Samuel Owen,richardsjose@example.net,68,Male,Technology,North America,51-200,Standard,2019-11-30
CUST06263,Stefanie Guzman,richardsmichelle@example.net,39,Other,Healthcare,North America,11-50,Standard,2019-08-06
CUST06264,Richard Jennings,richardsnancy@example.net,21,Male,Education,Europe,51-200,Free,2019-10-27
CUST06265,Jenny Flynn,richardsonsavannah@example.net,44,Male,Education,Europe,1000+,Enterprise,2020-10-23
CUST06266,Candace Taylor,richardspencer@example.net,69,Other,Education,Australia & New Zealand,1000+,Free,2020-04-04
CUST06267,Michael Mitchell,richardssteven@example.com,52,Male,Retail,Australia & New Zealand,51-200,Standard,2021-03-27
CUST06268,Marissa Johnston,richardsyvonne@example.com,52,Other,Retail,Australia & New Zealand,1000+,Free,2019-10-01
CUST06269,Tiffany Mayo,richardtaylor@example.org,61,Male,Technology,North America,11-50,Standard,2020-11-17
CUST06270,Jamie Mcgee,richjeffrey@example.org,36,Female,Healthcare,Australia & New Zealand,501-1000,Standard,2019-09-17
CUST06271,Kirk Delacruz,rickeyandrews@example.org,54,Other,Manufacturing,Asia-Pacific,1000+,Premium,2020-07-20
CUST06272,Troy Molina,ricky03@example.net,24,Male,Technology,Europe,11-50,Standard,2019-04-03
CUST06273,Bryan Gordon,ricky42@example.org,54,Female,Financial Services,North America,11-50,Premium,2019-10-11
CUST06274,Joe Edwards,riddlematthew@example.org,67,Female,Technology,Australia & New Zealand,201-500,Free,2019-09-24
CUST06275,Jennifer King,riggspatricia@example.net,37,Male,Technology,Australia & New Zealand,11-50,Premium,2020-01-24
CUST06276,Christopher Adams,rileycarrie@example.com,60,Male,Financial Services,North America,1-10,Standard,2019-10-14
CUST06277,Anthony Peterson,rileychelsea@example.com,31,Male,Professional Services,North America,1000+,Free,2020-11-06
CUST06278,Rebecca Mcdaniel,rileydan@example.org,61,Other,Professional Services,Europe,1-10,Premium,2020-02-11
CUST06279,Teresa Davenport,rileyemily@example.org,32,Male,Technology,Australia & New Zealand,201-500,Premium,2019-11-25
CUST06280,Elizabeth Lopez,rileyjordan@example.com,55,Male,Media & Communications,Asia-Pacific,11-50,Free,2019-08-09
CUST06281,Jeffrey Zamora,riosbrian@example.net,29,Female,Professional Services,North America,51-200,Standard,2019-07-26
CUST06282,Rachael Walker,rioschristian@example.org,18,Male,Retail,Asia-Pacific,201-500,Standard,2019-03-30
CUST06283,Elizabeth Palmer,riosjanet@example.org,48,Other,Professional Services,Europe,51-200,Premium,2019-12-07
CUST06284,Patricia Moreno,riosjustin@example.com,67,Female,Professional Services,Asia-Pacific,51-200,Free,2020-05-21
CUST06285,Lindsay Cooley,riosmelissa@example.com,21,Female,Technology,Other,51-200,Standard,2020-08-23
CUST06286,Ryan Adkins,riosnicolas@example.net,59,Other,Professional Services,Australia & New Zealand,201-500,Premium,2020-04-26
CUST06287,Samantha Wells,rita44@example.com,47,Male,Education,Other,51-200,Standard,2020-07-01
CUST06288,Ronnie Rich,rita53@example.net,54,Male,Financial Services,North America,11-50,Premium,2019-11-12
CUST06289,Jeffrey Reynolds II,rita86@example.org,31,Male,Retail,Asia-Pacific,11-50,Premium,2019-10-31
CUST06290,Phillip Perry,ritagray@example.org,69,Female,Technology,Asia-Pacific,51-200,Standard,2021-07-10
CUST06291,Sandra Hale,ritterwalter@example.org,45,Male,Healthcare,Asia-Pacific,11-50,Standard,2021-04-16
CUST06292,James White,rivasdavid@example.org,51,Female,Technology,Europe,51-200,Standard,2020-11-05
CUST06293,Erin Chang,riverachristian@example.com,38,Female,Education,Other,501-1000,Enterprise,2021-11-16
CUST06294,Jennifer Hansen,riverachristopher@example.com,65,Female,Financial Services,North America,1000+,Free,2021-09-15
CUST06295,Amber Nelson,riverajohn@example.net,63,Other,Education,Europe,51-200,Premium,2021-01-05
CUST06296,Justin Buchanan,riverajonathan@example.org,51,Other,Technology,Australia & New Zealand,11-50,Premium,2019-03-17
CUST06297,Mrs. Leslie Wong,riveraluis@example.net,68,Female,Healthcare,North America,11-50,Premium,2019-05-25
CUST06298,Dr. Brian Melton,riveramelissa@example.net,52,Other,Technology,Asia-Pacific,201-500,Enterprise,2020-06-22
CUST06299,Jim Nunez,riveramichael@example.com,59,Other,Healthcare,Asia-Pacific,51-200,Enterprise,2020-03-19
CUST06300,Alicia Martin,riveranatasha@example.org,53,Female,Professional Services,North America,51-200,Standard,2020-03-18
CUST06301,Andrew Adams,riverapatricia@example.com,32,Male,Technology,Australia & New Zealand,51-200,Free,2019-06-20
CUST06302,Allen Anderson Jr.,rjohnson@example.net,59,Female,Technology,Europe,11-50,Standard,2019-08-08
CUST06303,Michelle Carter,rjones@example.org,49,Other,Professional Services,Asia-Pacific,201-500,Enterprise,2020-10-01
CUST06304,Emily Campos,rkelley@example.com,20,Other,Healthcare,Europe,201-500,Premium,2021-06-28
CUST06305,Christopher Williams,rking@example.org,49,Other,Education,North America,201-500,Free,2020-12-07
CUST06306,Ralph Gonzalez,rlambert@example.net,31,Other,Professional Services,North America,201-500,Standard,2019-10-31
CUST06307,Tara Krueger,rlogan@example.net,28,Male,Media & Communications,Australia & New Zealand,51-200,Premium,2020-03-28
CUST06308,Jason Page,rmarshall@example.org,24,Female,Technology,Australia & New Zealand,11-50,Standard,2019-12-26
CUST06309,Dr. Dana Brown,rmartinez@example.org,69,Female,Government & Public Sector,Asia-Pacific,11-50,Enterprise,2019-10-23
CUST06310,Marcus Hahn,rmccoy@example.com,20,Female,Technology,Europe,11-50,Standard,2021-04-18
CUST06311,Terry Cross,rmcdonald@example.net,44,Male,Healthcare,Asia-Pacific,51-200,Standard,2019-01-22
CUST06312,Cynthia Gonzales,rmckinney@example.org,43,Male,Retail,Europe,501-1000,Standard,2020-09-11
CUST06313,Mark Sampson,rmoore@example.org,51,Female,Financial Services,North America,51-200,Standard,2019-09-30
CUST06314,Carlos Peterson,rmorales@example.com,47,Other,Healthcare,Australia & New Zealand,1-10,Standard,2019-11-07
CUST06315,Bradley Reynolds,rmoreno@example.org,29,Male,Education,Other,51-200,Standard,2020-11-08
CUST06316,Ashley Ball,rnelson@example.net,54,Female,Manufacturing,Asia-Pacific,501-1000,Premium,2019-05-25
CUST06317,Travis Torres,rnelson@example.org,66,Other,Education,Australia & New Zealand,201-500,Enterprise,2020-07-19
CUST06318,Mark Douglas,rnoble@example.com,36,Other,Education,Australia & New Zealand,501-1000,Premium,2021-08-16
CUST06319,Karen Weeks,robbinsdanielle@example.org,21,Other,Retail,Europe,201-500,Standard,2020-04-26
CUST06320,Isaac Gallagher,robbinsmelissa@example.com,46,Female,Technology,Asia-Pacific,51-200,Premium,2020-10-31
CUST06321,Kimberly Allison,robersonhayley@example.com,40,Female,Technology,Asia-Pacific,201-500,Free,2021-07-09
CUST06322,Francis Owens,robert02@example.org,40,Male,Technology,North America,11-50,Enterprise,2020-08-12
CUST06323,Thomas Barron,robert04@example.com,29,Other,Healthcare,North America,1-10,Standard,2020-12-17
CUST06324,Matthew Taylor,robert08@example.org,42,Female,Manufacturing,Australia & New Zealand,201-500,Premium,2020-05-18
CUST06325,Timothy Schultz,robert09@example.org,24,Female,Financial Services,North America,201-500,Enterprise,2021-10-08
CUST06326,Cheryl Merritt,robert10@example.org,26,Other,Healthcare,Australia & New Zealand,51-200,Standard,2020-02-17
CUST06327,Brittany Lane,robert12@example.com,61,Other,Financial Services,Australia & New Zealand,51-200,Standard,2019-05-09
CUST06328,Michelle Suarez,robert26@example.net,63,Other,Retail,North America,51-200,Standard,2019-03-15
CUST06329,Ryan Gallagher,robert31@example.net,40,Female,Media & Communications,North America,501-1000,Premium,2020-05-04
CUST06330,Jordan Black,robert34@example.com,64,Other,Retail,Asia-Pacific,11-50,Premium,2020-07-06
CUST06331,Cynthia Ramos MD,robert41@example.com,30,Female,Manufacturing,Europe,201-500,Free,2020-08-21
CUST06332,Kelly Hernandez,robert48@example.com,60,Male,Technology,Australia & New Zealand,1000+,Standard,2019-02-05
CUST06333,Brittany Curry,robert50@example.com,42,Other,Professional Services,Asia-Pacific,51-200,Free,2019-07-09
CUST06334,Miranda Roberts,robert52@example.com,69,Male,Manufacturing,Europe,11-50,Standard,2020-11-30
CUST06335,Charles Thornton,robert57@example.net,53,Female,Financial Services,Other,201-500,Standard,2019-08-23
CUST06336,Jasmine Everett,robert58@example.com,33,Female,Manufacturing,North America,11-50,Standard,2020-10-17
CUST06337,Tracy Nguyen,robert60@example.org,69,Male,Financial Services,North America,51-200,Standard,2019-12-09
CUST06338,Amanda Wells,robert62@example.com,52,Female,Education,Australia & New Zealand,51-200,Standard,2020-11-11
CUST06339,Margaret Williams,robert70@example.org,57,Male,Retail,Asia-Pacific,11-50,Premium,2019-04-11
CUST06340,Kimberly Brown,robert71@example.com,55,Other,Professional Services,North America,51-200,Standard,2019-01-13
CUST06341,Valerie Diaz,robert71@example.org,54,Other,Retail,Other,51-200,Free,2019-06-28
CUST06342,Kimberly Patterson,robert79@example.com,36,Other,Technology,North America,11-50,Standard,2021-07-01
CUST06343,Jessica Reed,robert80@example.com,33,Other,Technology,Australia & New Zealand,1-10,Premium,2020-07-12
CUST06344,Eric Higgins,robert81@example.com,19,Female,Healthcare,Australia & New Zealand,201-500,Premium,2019-01-02
CUST06345,Cynthia Gibbs,robert81@example.org,68,Male,Technology,Australia & New Zealand,1-10,Premium,2020-06-14
CUST06346,Wendy Smith,robert82@example.net,44,Female,Education,Europe,11-50,Standard,2020-05-17
CUST06347,Jake Murray,robert86@example.com,45,Female,Retail,Europe,201-500,Premium,2020-07-13
CUST06348,Linda Guzman,robert89@example.com,59,Female,Government & Public Sector,Asia-Pacific,11-50,Standard,2020-09-03
CUST06349,Amy Green,robert89@example.org,27,Female,Retail,North America,201-500,Premium,2020-01-03
CUST06350,Erin Swanson,robert94@example.org,68,Male,Professional Services,Australia & New Zealand,11-50,Free,2020-11-10
CUST06351,Rebecca Wood,roberta54@example.com,32,Female,Government & Public Sector,Asia-Pacific,201-500,Enterprise,2020-03-13
CUST06352,Kathleen Figueroa,robertaray@example.net,46,Female,Professional Services,North America,1000+,Premium,2019-06-19
CUST06353,Lindsay Arnold,robertatkins@example.com,56,Other,Government & Public Sector,Europe,11-50,Enterprise,2020-09-21
CUST06354,Cindy Cervantes,robertchavez@example.net,24,Female,Financial Services,Other,201-500,Standard,2018-11-12
CUST06355,Julie Rodriguez,robertcrawford@example.net,20,Female,Education,Europe,501-1000,Standard,2020-06-15
CUST06356,Betty Dixon,robertcross@example.com,51,Female,Retail,North America,11-50,Premium,2021-01-16
CUST06357,Gregory George,robertdavid@example.org,20,Female,Media & Communications,Australia & New Zealand,501-1000,Standard,2020-11-04
CUST06358,Andre Wagner Jr.,robertdavis@example.com,42,Female,Healthcare,North America,11-50,Premium,2018-08-03
CUST06359,Kelly Berg,robertdavis@example.net,49,Other,Technology,Asia-Pacific,201-500,Enterprise,2020-02-01
CUST06360,Elizabeth Pena,robertdouglas@example.com,32,Other,Technology,North America,11-50,Premium,2021-03-09
CUST06361,Anthony Hammond,robertevans@example.com,22,Other,Healthcare,Australia & New Zealand,11-50,Free,2020-05-03
CUST06362,Christopher Thomas,robertfreeman@example.com,62,Female,Technology,Australia & New Zealand,11-50,Standard,2020-02-20
CUST06363,Samantha Miller,robertgarcia@example.org,26,Other,Technology,Asia-Pacific,501-1000,Premium,2019-05-06
CUST06364,Tammy Wolf,roberthaas@example.net,55,Other,Professional Services,Australia & New Zealand,201-500,Free,2019-09-15
CUST06365,Dalton Evans,robertholland@example.net,38,Male,Manufacturing,Australia & New Zealand,201-500,Standard,2019-10-18
CUST06366,Roy Williams,robertholmes@example.com,43,Male,Financial Services,North America,501-1000,Standard,2020-10-04
CUST06367,Jessica Hodge,roberthudson@example.com,49,Male,Professional Services,Australia & New Zealand,201-500,Standard,2020-03-12
CUST06368,Thomas Watson,robertkeith@example.org,55,Male,Retail,Europe,1000+,Enterprise,2020-08-08
CUST06369,Brittany Thompson,robertkerr@example.net,57,Other,Manufacturing,Asia-Pacific,201-500,Free,2019-06-23
CUST06370,Angela Murray,robertlopez@example.com,20,Other,Manufacturing,North America,11-50,Standard,2019-12-18
CUST06371,Brittany Lawrence,robertlynch@example.org,67,Female,Retail,Europe,51-200,Standard,2020-06-15
CUST06372,Nicole Adams,robertmcdonald@example.org,25,Other,Manufacturing,North America,1000+,Standard,2020-02-22
CUST06373,Michael Nichols,robertnguyen@example.com,69,Other,Technology,North America,11-50,Free,2020-06-22
CUST06374,Brandon Parsons,robertnichols@example.com,68,Other,Financial Services,Australia & New Zealand,501-1000,Standard,2021-02-13
CUST06375,Leslie Watson,robertogreen@example.com,40,Male,Education,North America,1-10,Standard,2020-05-17
CUST06376,Joel Smith,robertpatterson@example.org,45,Male,Technology,Europe,1-10,Premium,2021-03-31
CUST06377,Yolanda Miller,robertramirez@example.com,70,Male,Education,Australia & New Zealand,11-50,Premium,2019-09-18
CUST06378,Katherine Young,robertrobinson@example.com,60,Other,Other,Australia & New Zealand,51-200,Standard,2020-02-08
CUST06379,Terry Haney,robertrodriguez@example.net,51,Male,Education,Asia-Pacific,1000+,Premium,2020-08-01
CUST06380,Alvin Frazier,robertsanchez@example.org,62,Male,Technology,Asia-Pacific,501-1000,Premium,2021-02-22
CUST06381,Candace Callahan,robertsjason@example.net,41,Male,Healthcare,Europe,11-50,Free,2018-10-05
CUST06382,Brent West,robertsjoseph@example.com,65,Female,Education,North America,11-50,Standard,2021-05-08
CUST06383,Pamela Grant,robertskatie@example.com,36,Male,Education,North America,51-200,Standard,2019-12-15
CUST06384,Matthew Cox,robertskelsey@example.com,62,Male,Healthcare,Other,1000+,Premium,2019-02-02
CUST06385,Jessica Wagner,robertskristina@example.com,32,Other,Technology,North America,1000+,Enterprise,2020-08-21
CUST06386,David Hansen,robertsonangel@example.net,19,Male,Technology,Europe,1000+,Standard,2019-09-23
CUST06387,Matthew Morales,robertsonbryan@example.org,34,Female,Healthcare,Australia & New Zealand,501-1000,Premium,2019-11-08
CUST06388,Debra Ramirez,robertsonjohn@example.net,33,Female,Professional Services,Other,1-10,Premium,2019-03-10
CUST06389,Daniel Martinez,robertsonmichael@example.com,25,Male,Retail,Other,1-10,Standard,2019-08-26
CUST06390,Dr. Sharon Le,robertspeter@example.com,30,Female,Government & Public Sector,Other,51-200,Enterprise,2020-05-14
CUST06391,David Jones Jr.,robertstiffany@example.org,48,Female,Technology,Asia-Pacific,51-200,Enterprise,2019-09-02
CUST06392,Rhonda White,robertwallace@example.org,61,Male,Media & Communications,Europe,1-10,Standard,2020-04-28
CUST06393,Sean Roth,robertwebb@example.com,23,Other,Healthcare,Asia-Pacific,51-200,Standard,2020-07-15
CUST06394,Dana Gonzalez,robertwilson@example.org,18,Male,Media & Communications,North America,11-50,Free,2019-12-25
CUST06395,Scott Riddle,robin05@example.com,20,Female,Technology,Europe,501-1000,Enterprise,2019-05-24
CUST06396,John Campbell,robin48@example.com,28,Male,Financial Services,Europe,11-50,Free,2019-03-13
CUST06397,Gabriela Murphy,robin88@example.org,36,Female,Professional Services,Australia & New Zealand,11-50,Free,2020-11-19
CUST06398,Zachary King,robin89@example.com,48,Other,Other,North America,201-500,Premium,2020-07-24
CUST06399,Cody George,robinallen@example.org,48,Male,Technology,North America,501-1000,Enterprise,2021-05-03
CUST06400,Gina Kane,robinkerr@example.org,51,Male,Technology,Australia & New Zealand,501-1000,Premium,2020-07-18
CUST06401,Linda Garcia,robinsonadrian@example.org,34,Male,Technology,Other,1-10,Standard,2020-08-17
CUST06402,Miranda Pacheco,robinsonalexis@example.org,69,Female,Professional Services,Europe,51-200,Free,2020-04-26
CUST06403,Linda Alvarez,robinsonamber@example.org,54,Male,Financial Services,Europe,51-200,Premium,2020-02-07
CUST06404,Mary Benson,robinsonbrian@example.net,61,Other,Retail,Asia-Pacific,1000+,Standard,2019-08-24
CUST06405,Rachael Hutchinson,robinsonchristina@example.com,60,Other,Education,North America,51-200,Free,2020-11-03
CUST06406,Adrian Ford,robinsondonald@example.org,35,Female,Professional Services,Australia & New Zealand,501-1000,Premium,2020-12-14
CUST06407,Bryan Wells,robinsonjill@example.net,66,Female,Financial Services,Europe,51-200,Premium,2019-07-19
CUST06408,Anna Schmidt MD,robinsonkelly@example.net,46,Male,Financial Services,North America,51-200,Premium,2019-02-05
CUST06409,Jessica Cross,robinsonmargaret@example.org,46,Other,Education,Australia & New Zealand,201-500,Standard,2019-11-08
CUST06410,Samantha Howard,robinsonmichael@example.net,31,Male,Financial Services,Australia & New Zealand,11-50,Standard,2020-04-28
CUST06411,Bridget Fernandez,robinsonreginald@example.org,37,Female,Financial Services,North America,1-10,Free,2020-01-21
CUST06412,Carol Mcintosh,robinsonroberta@example.com,63,Female,Retail,Europe,201-500,Standard,2019-12-29
CUST06413,Adam Beltran,robinsonsally@example.org,30,Other,Retail,Asia-Pacific,1-10,Premium,2021-02-14
CUST06414,Anna Stone,robinsonyolanda@example.org,45,Other,Media & Communications,North America,51-200,Premium,2020-05-16
CUST06415,Joseph Vaughn,rochavanessa@example.net,51,Other,Retail,Australia & New Zealand,201-500,Enterprise,2020-06-14
CUST06416,Amanda Bradford,rochawendy@example.net,21,Male,Healthcare,Asia-Pacific,11-50,Premium,2019-06-05
CUST06417,Stephanie Austin,rodgersjill@example.com,41,Other,Media & Communications,Australia & New Zealand,201-500,Enterprise,2021-05-31
CUST06418,Dawn Steele,rodgerslinda@example.net,37,Other,Technology,Asia-Pacific,51-200,Premium,2019-12-15
CUST06419,James Williams,rodgerssara@example.com,65,Other,Technology,Australia & New Zealand,11-50,Premium,2019-08-23
CUST06420,John Morris,rodney14@example.org,68,Other,Retail,North America,201-500,Standard,2020-12-14
CUST06421,Crystal Ayala,rodney31@example.com,32,Other,Technology,Australia & New Zealand,11-50,Enterprise,2019-11-12
CUST06422,Lauren Romero,rodney80@example.net,34,Male,Technology,Asia-Pacific,501-1000,Standard,2020-12-28
CUST06423,Mrs. Susan Miller MD,rodneybell@example.com,18,Female,Technology,Other,501-1000,Standard,2018-11-20
CUST06424,Joshua Garcia,rodneyharris@example.org,37,Male,Healthcare,North America,51-200,Free,2019-06-20
CUST06425,Paige Bailey,rodriguezamy@example.net,52,Other,Professional Services,North America,1000+,Free,2019-09-15
CUST06426,Bruce Wilcox,rodriguezangela@example.com,36,Male,Technology,Australia & New Zealand,11-50,Free,2019-07-07
CUST06427,Matthew Roberts,rodriguezashley@example.com,35,Female,Retail,Europe,201-500,Enterprise,2020-07-15
CUST06428,Abigail Davis,rodriguezchristine@example.net,42,Female,Financial Services,Australia & New Zealand,501-1000,Enterprise,2020-01-20
CUST06429,Katherine Cross,rodriguezclayton@example.org,54,Male,Financial Services,Australia & New Zealand,11-50,Enterprise,2019-06-30
CUST06430,Stacey Harvey,rodriguezeric@example.net,69,Male,Healthcare,North America,51-200,Standard,2019-04-27
CUST06431,Larry Santiago,rodriguezjames@example.net,30,Female,Education,Europe,11-50,Free,2020-03-05
CUST06432,Charles Franklin,rodriguezkimberly@example.com,54,Male,Technology,North America,1000+,Standard,2021-04-15
CUST06433,Debbie Lin,rodriguezmatthew@example.org,51,Female,Professional Services,North America,11-50,Enterprise,2020-12-10
CUST06434,Lisa Blake,rodriguezmelissa@example.org,58,Female,Professional Services,Europe,201-500,Free,2020-05-09
CUST06435,Michelle Palmer,rodriguezmichelle@example.com,21,Male,Media & Communications,North America,1-10,Premium,2019-06-13
CUST06436,Kenneth Esparza,rodriguezmonique@example.org,63,Male,Technology,North America,51-200,Standard,2019-04-22
CUST06437,Jennifer Burke,rodriguezpreston@example.org,24,Other,Retail,Asia-Pacific,201-500,Standard,2021-06-12
CUST06438,Timothy White,rodrigueztimothy@example.org,63,Male,Technology,Other,51-200,Standard,2019-09-17
CUST06439,Ashley Gould,roger90@example.org,63,Female,Government & Public Sector,Australia & New Zealand,501-1000,Standard,2020-01-02
CUST06440,Thomas Prince,rogergriffin@example.net,20,Male,Financial Services,Australia & New Zealand,1000+,Premium,2019-11-16
CUST06441,Suzanne Holmes,rogermcgrath@example.net,28,Other,Media & Communications,North America,1-10,Standard,2020-09-19
CUST06442,Jeremy Mccoy,rogerosborn@example.com,29,Other,Healthcare,Europe,51-200,Free,2020-12-03
CUST06443,Cynthia Taylor,rogersdonna@example.net,27,Female,Manufacturing,Australia & New Zealand,51-200,Standard,2020-02-11
CUST06444,Valerie Salazar,rogerseric@example.net,51,Female,Professional Services,North America,51-200,Standard,2019-06-24
CUST06445,Sara Carroll,rogersjuan@example.org,20,Female,Professional Services,Australia & New Zealand,11-50,Premium,2020-03-02
CUST06446,Tommy White,rogersmackenzie@example.net,27,Male,Manufacturing,Europe,11-50,Standard,2019-08-21
CUST06447,Evan Patel,rogersmark@example.org,32,Other,Professional Services,Other,1000+,Standard,2020-11-25
CUST06448,Joseph Fisher,rogersmichael@example.org,31,Other,Technology,Australia & New Zealand,11-50,Standard,2019-10-28
CUST06449,Terri Johnson,rogersrenee@example.net,41,Male,Retail,North America,11-50,Standard,2020-07-14
CUST06450,Joshua Moore,rogerswilliam@example.com,48,Male,Financial Services,Asia-Pacific,11-50,Standard,2019-04-13
CUST06451,Carla Robinson,rogerthomas@example.net,21,Male,Professional Services,Europe,1000+,Standard,2021-09-07
CUST06452,Robert Jones,rojasdanielle@example.com,54,Other,Education,North America,11-50,Premium,2018-09-07
CUST06453,Betty Maldonado,romerobrian@example.org,25,Female,Education,Asia-Pacific,51-200,Premium,2021-04-29
CUST06454,Nathan Williams,ronald60@example.org,30,Female,Healthcare,Australia & New Zealand,501-1000,Free,2019-09-26
CUST06455,Valerie Jimenez,ronaldbryant@example.net,56,Male,Government & Public Sector,Australia & New Zealand,51-200,Premium,2019-12-30
CUST06456,Karl Dixon,ronaldjohnson@example.com,30,Female,Manufacturing,Other,1000+,Standard,2020-04-12
CUST06457,Casey Brown,ronaldknapp@example.org,52,Other,Professional Services,Asia-Pacific,51-200,Premium,2018-12-17
CUST06458,Stephanie Gutierrez,ronaldrichards@example.org,55,Male,Healthcare,Other,51-200,Standard,2020-03-08
CUST06459,Jacob Tanner,ronaldsampson@example.org,34,Other,Financial Services,Asia-Pacific,1-10,Premium,2019-08-09
CUST06460,Rodney Johnson,ronniesmith@example.net,22,Other,Education,North America,201-500,Standard,2019-08-15
CUST06461,Robert Arnold,rosalesbarbara@example.net,19,Other,Technology,Asia-Pacific,11-50,Standard,2020-02-07
CUST06462,Marie Cobb,rosalessarah@example.net,45,Female,Government & Public Sector,Asia-Pacific,51-200,Standard,2020-05-21
CUST06463,Michael Sanchez,rosariomark@example.com,56,Male,Financial Services,Asia-Pacific,201-500,Standard,2019-04-17
CUST06464,Michael Hill,rosebarbara@example.net,43,Male,Professional Services,Asia-Pacific,51-200,Standard,2020-05-22
CUST06465,Amanda Lopez,rossgonzalez@example.org,52,Other,Government & Public Sector,Europe,501-1000,Standard,2020-01-25
CUST06466,Steven Johnson,rosssean@example.org,32,Female,Retail,Europe,11-50,Enterprise,2018-10-09
CUST06467,Victoria Green,rossthomas@example.org,41,Male,Media & Communications,North America,11-50,Standard,2020-05-14
CUST06468,Michael Howell,rotherika@example.net,48,Female,Manufacturing,North America,501-1000,Enterprise,2020-08-30
CUST06469,Angela Willis,rothjacob@example.net,43,Other,Technology,North America,201-500,Enterprise,2019-07-10
CUST06470,Hunter Bush,rothregina@example.com,39,Female,Retail,Asia-Pacific,11-50,Premium,2020-01-29
CUST06471,Diane Wilson,rowlandjoshua@example.com,49,Female,Government & Public Sector,Australia & New Zealand,51-200,Standard,2019-10-03
CUST06472,Bradley Henderson,royhall@example.com,18,Other,Technology,Asia-Pacific,11-50,Standard,2020-04-05
CUST06473,Stacy Thomas,royjeanette@example.org,51,Male,Education,North America,501-1000,Enterprise,2020-10-31
CUST06474,Jason Parker,rperez@example.net,54,Female,Financial Services,Other,201-500,Standard,2021-03-13
CUST06475,Norman Perez,rperez@example.org,57,Female,Education,Asia-Pacific,201-500,Standard,2019-05-27
CUST06476,James Smith Jr.,rphelps@example.net,29,Other,Professional Services,Other,1000+,Premium,2019-10-18
CUST06477,Trevor Arnold,rriley@example.com,20,Other,Financial Services,North America,11-50,Standard,2019-11-17
CUST06478,Yolanda Davidson,rrios@example.com,56,Female,Professional Services,Australia & New Zealand,51-200,Standard,2019-12-05
CUST06479,Megan Washington,rrivera@example.org,46,Male,Education,Europe,1000+,Enterprise,2018-08-13
CUST06480,Stacey Simpson,rross@example.org,55,Other,Financial Services,North America,1000+,Standard,2019-03-20
CUST06481,Deborah Deleon,rrussell@example.org,35,Female,Financial Services,Australia & New Zealand,51-200,Standard,2020-09-07
CUST06482,Jody Bennett,rsampson@example.com,25,Other,Technology,North America,51-200,Standard,2020-02-13
CUST06483,Daniel Johnson,rsanchez@example.net,38,Other,Technology,Asia-Pacific,11-50,Standard,2020-06-28
CUST06484,Paula Huber,rsharp@example.net,49,Other,Healthcare,Asia-Pacific,201-500,Standard,2020-05-11
CUST06485,Misty Roberts,rsingleton@example.org,22,Female,Government & Public Sector,Australia & New Zealand,11-50,Standard,2020-07-14
CUST06486,Katherine Acosta,rsmith@example.net,69,Other,Healthcare,North America,51-200,Premium,2020-02-12
CUST06487,Richard Hendricks,rsmith@example.org,64,Female,Manufacturing,Asia-Pacific,201-500,Premium,2020-09-11
CUST06488,Christina Dunn,rsparks@example.org,53,Female,Technology,Australia & New Zealand,1-10,Premium,2020-10-23
CUST06489,Albert Escobar,rstuart@example.com,52,Female,Healthcare,North America,11-50,Standard,2020-05-20
CUST06490,Amy Church,rtate@example.org,48,Female,Other,Australia & New Zealand,1000+,Enterprise,2021-06-28
CUST06491,Amanda Flores DVM,rtaylor@example.org,29,Other,Other,North America,201-500,Standard,2019-06-12
CUST06492,Lisa Walker,rthompson@example.org,66,Other,Technology,Europe,201-500,Standard,2019-10-13
CUST06493,Brian Sanders,rtorres@example.com,29,Female,Technology,Australia & New Zealand,51-200,Standard,2019-07-29
CUST06494,Julian West,ruben31@example.net,46,Female,Professional Services,Australia & New Zealand,501-1000,Standard,2019-05-30
CUST06495,Allison Castro,ruben34@example.org,33,Female,Technology,Australia & New Zealand,51-200,Premium,2018-09-25
CUST06496,Mrs. Jamie Mendez DDS,ruizadam@example.net,50,Male,Other,Australia & New Zealand,1000+,Free,2020-02-15
CUST06497,James Rodriguez,ruizamber@example.org,24,Other,Technology,Australia & New Zealand,1000+,Standard,2020-01-03
CUST06498,Matthew Barber,ruizandrew@example.org,51,Other,Education,Australia & New Zealand,201-500,Free,2020-03-20
CUST06499,Taylor Rollins,ruizdalton@example.org,64,Other,Other,Australia & New Zealand,1000+,Enterprise,2020-07-06
CUST06500,Mr. Victor Nguyen,ruizkeith@example.net,68,Male,Other,Australia & New Zealand,51-200,Premium,2019-02-16
CUST06501,Mrs. Brooke Garza DDS,ruizpatrick@example.com,27,Male,Education,Australia & New Zealand,11-50,Free,2020-10-18
CUST06502,Lori Davis,russell68@example.com,27,Female,Professional Services,Asia-Pacific,1-10,Standard,2018-11-05
CUST06503,Michelle Jackson,russell70@example.org,58,Male,Retail,Europe,51-200,Premium,2019-11-01
CUST06504,Elizabeth Patel,russell77@example.org,47,Male,Financial Services,Europe,1-10,Standard,2021-01-06
CUST06505,Heather Woodard,russelldeborah@example.com,67,Female,Technology,Australia & New Zealand,51-200,Standard,2020-03-25
CUST06506,William Foster II,russelljesse@example.com,54,Other,Healthcare,Asia-Pacific,11-50,Premium,2019-05-01
CUST06507,Evelyn Ward,russelljustin@example.net,20,Female,Technology,Europe,201-500,Standard,2019-06-23
CUST06508,Kevin Flynn,russellkevin@example.net,44,Other,Financial Services,Europe,51-200,Standard,2021-03-16
CUST06509,Breanna Jackson,russellmonica@example.com,67,Other,Other,Europe,501-1000,Standard,2020-07-24
CUST06510,Kelly Horton,russellryan@example.org,60,Female,Technology,Asia-Pacific,11-50,Premium,2019-02-25
CUST06511,Jerry Good,russellsharon@example.net,61,Female,Media & Communications,North America,51-200,Enterprise,2020-12-25
CUST06512,Paul Hill,russelltammy@example.com,39,Other,Financial Services,Other,201-500,Premium,2019-08-08
CUST06513,Bryan Vaughan,russomorgan@example.org,64,Female,Retail,Australia & New Zealand,1000+,Standard,2019-02-02
CUST06514,Michelle Hudson,ruth63@example.com,51,Male,Financial Services,Australia & New Zealand,201-500,Premium,2019-11-28
CUST06515,Gregory Weber,rwallace@example.net,50,Other,Education,Australia & New Zealand,201-500,Standard,2021-02-18
CUST06516,Billy Logan,rware@example.org,69,Other,Education,North America,51-200,Standard,2020-01-29
CUST06517,Sydney Rogers,rwaters@example.net,44,Other,Manufacturing,North America,501-1000,Standard,2021-05-28
CUST06518,Melanie Walker,rwells@example.net,57,Other,Technology,Europe,11-50,Standard,2019-11-23
CUST06519,Amanda Nguyen,rwilliams@example.org,30,Male,Healthcare,North America,201-500,Standard,2019-06-28
CUST06520,Brian Vang,rwise@example.net,30,Other,Retail,North America,11-50,Premium,2019-05-02
CUST06521,Jacqueline Jensen,rwright@example.com,31,Other,Healthcare,North America,51-200,Standard,2020-12-09
CUST06522,Patrick Nelson,rwright@example.org,64,Male,Government & Public Sector,Europe,11-50,Premium,2020-03-06
CUST06523,Samantha Bradshaw,ryan00@example.com,38,Male,Healthcare,Europe,51-200,Premium,2019-09-08
CUST06524,Michael Ryan,ryan04@example.net,48,Other,Education,Australia & New Zealand,11-50,Standard,2021-08-26
CUST06525,Christopher Wolfe,ryan06@example.net,51,Female,Technology,Other,51-200,Free,2021-04-05
CUST06526,Emily Hill,ryan15@example.com,29,Male,Education,Asia-Pacific,51-200,Standard,2019-02-23
CUST06527,James Bryan,ryan19@example.com,38,Other,Other,Australia & New Zealand,11-50,Free,2018-11-29
CUST06528,Joe Kent,ryan22@example.org,54,Female,Media & Communications,North America,1-10,Free,2020-04-22
CUST06529,William Hernandez,ryan27@example.net,22,Female,Professional Services,Europe,11-50,Enterprise,2020-08-31
CUST06530,Daniel Boyle,ryan35@example.com,59,Male,Retail,Other,501-1000,Premium,2019-12-17
CUST06531,Richard Summers,ryan58@example.org,49,Female,Media & Communications,Australia & New Zealand,11-50,Enterprise,2020-03-24
CUST06532,Henry Stevens,ryan64@example.com,59,Male,Manufacturing,North America,51-200,Standard,2020-12-15
CUST06533,Jessica Parker,ryan65@example.com,22,Female,Technology,North America,1000+,Enterprise,2020-01-19
CUST06534,Joshua Miller,ryan75@example.net,50,Male,Technology,Australia & New Zealand,201-500,Premium,2019-07-13
CUST06535,Adam Ellis,ryan92@example.net,46,Female,Retail,Asia-Pacific,1000+,Free,2020-07-16
CUST06536,Jessica Shah,ryan93@example.org,32,Male,Government & Public Sector,North America,1-10,Premium,2021-10-06
CUST06537,Douglas Jones,ryan95@example.net,56,Male,Technology,Europe,1000+,Standard,2021-04-08
CUST06538,Shannon Brooks,ryanbowman@example.com,52,Male,Education,North America,11-50,Standard,2021-05-06
CUST06539,Sarah Hawkins,ryanchaney@example.org,69,Male,Other,Asia-Pacific,51-200,Standard,2019-10-25
CUST06540,Amy Reynolds,ryandodson@example.net,44,Female,Education,Europe,11-50,Standard,2020-05-24
CUST06541,John Davis,ryandougherty@example.net,50,Other,Technology,Asia-Pacific,501-1000,Standard,2018-08-09
CUST06542,Amanda Gilmore,ryanfox@example.com,63,Male,Professional Services,North America,501-1000,Premium,2019-12-29
CUST06543,Wesley Smith DVM,ryangreene@example.org,39,Other,Technology,North America,201-500,Standard,2019-11-12
CUST06544,Dana Velez,ryanhester@example.org,34,Male,Manufacturing,Other,201-500,Premium,2019-10-29
CUST06545,John Mckinney,ryankelly@example.net,47,Other,Education,Australia & New Zealand,51-200,Premium,2019-02-18
CUST06546,Megan Lopez,ryanleah@example.net,19,Female,Healthcare,North America,51-200,Free,2020-05-08
CUST06547,Breanna Abbott,ryanlee@example.com,49,Male,Financial Services,Other,1-10,Standard,2019-05-08
CUST06548,Holly Dodson,ryanquinn@example.org,22,Other,Media & Communications,Australia & New Zealand,1-10,Standard,2020-08-07
CUST06549,Marie Smith,ryanreynolds@example.org,34,Male,Professional Services,Asia-Pacific,501-1000,Free,2019-11-05
CUST06550,David Moore,ryoung@example.com,35,Male,Healthcare,Australia & New Zealand,11-50,Premium,2020-07-24
CUST06551,Casey Reed,sabrina61@example.org,37,Male,Professional Services,North America,51-200,Standard,2020-10-29
CUST06552,Robert Gross,sabrina78@example.net,37,Female,Manufacturing,Australia & New Zealand,51-200,Premium,2019-03-13
CUST06553,Howard Davis,sadams@example.org,28,Male,Healthcare,North America,11-50,Standard,2020-07-10
CUST06554,Patricia Gordon,saguirre@example.net,34,Other,Technology,Australia & New Zealand,201-500,Premium,2021-02-07
CUST06555,Dustin Vasquez,salinasjohn@example.net,32,Female,Media & Communications,Europe,501-1000,Standard,2020-04-05
CUST06556,Andre Jones,salinaswilliam@example.net,25,Other,Financial Services,Australia & New Zealand,201-500,Standard,2019-02-02
CUST06557,Kevin Gordon,samantha13@example.com,28,Other,Financial Services,Europe,51-200,Standard,2019-10-03
CUST06558,Thomas Montes,samantha26@example.com,45,Other,Retail,Europe,11-50,Free,2019-11-04
CUST06559,Lisa Murphy,samantha60@example.org,22,Male,Professional Services,Other,11-50,Premium,2019-05-24
CUST06560,Larry Watts,samantha67@example.com,51,Other,Professional Services,Europe,1000+,Enterprise,2021-04-12
CUST06561,Joshua Smith,samantha74@example.org,32,Male,Technology,Europe,201-500,Premium,2021-04-22
CUST06562,Wendy Gentry,samanthaavila@example.org,39,Male,Manufacturing,Europe,11-50,Standard,2019-04-19
CUST06563,Alyssa Baxter,samanthafreeman@example.org,60,Male,Technology,Australia & New Zealand,51-200,Standard,2020-03-03
CUST06564,Vanessa Kennedy,samanthalarson@example.net,27,Female,Technology,Europe,11-50,Free,2020-01-09
CUST06565,Edward Crosby,samanthataylor@example.net,56,Female,Education,North America,1000+,Standard,2021-03-13
CUST06566,Randy Walker,samanthazimmerman@example.com,33,Female,Technology,Australia & New Zealand,51-200,Enterprise,2020-02-09
CUST06567,Shannon Mcdonald,samuel06@example.org,59,Female,Healthcare,North America,201-500,Premium,2019-10-21
CUST06568,Richard Chandler,samuel66@example.org,40,Female,Professional Services,Asia-Pacific,501-1000,Premium,2020-08-18
CUST06569,Miranda Cooley,samuel98@example.com,62,Male,Financial Services,Europe,201-500,Free,2020-04-29
CUST06570,Doris Brown,samuelavila@example.net,60,Female,Technology,Other,501-1000,Premium,2019-11-07
CUST06571,Billy Garcia,samuelbaker@example.org,34,Male,Government & Public Sector,Australia & New Zealand,1000+,Premium,2019-02-05
CUST06572,Shannon Hayes,samueldowns@example.net,63,Other,Manufacturing,Australia & New Zealand,501-1000,Enterprise,2020-11-12
CUST06573,Janet Morgan,samuelfields@example.com,25,Male,Technology,Australia & New Zealand,501-1000,Standard,2019-08-09
CUST06574,Renee Castro,samuelgreer@example.net,49,Female,Government & Public Sector,Australia & New Zealand,201-500,Free,2019-04-13
CUST06575,Kathryn Rice,samuelnelson@example.net,66,Male,Manufacturing,Australia & New Zealand,201-500,Free,2019-11-25
CUST06576,Jeremy Vincent,samuelvazquez@example.com,58,Other,Technology,Australia & New Zealand,11-50,Standard,2018-12-06
CUST06577,Anne Martinez,samuelwashington@example.org,51,Male,Manufacturing,North America,1-10,Standard,2019-07-06
CUST06578,David Jones,sanchezanthony@example.net,62,Female,Healthcare,North America,51-200,Premium,2020-08-27
CUST06579,Jason Page,sanchezbobby@example.org,64,Other,Professional Services,Europe,51-200,Standard,2020-10-14
CUST06580,Steven Simon,sanchezbrittany@example.org,59,Female,Professional Services,Australia & New Zealand,201-500,Free,2021-02-02
CUST06581,Melinda Hardin,sanchezderek@example.com,60,Male,Healthcare,Europe,501-1000,Premium,2020-04-05
CUST06582,Edward Jones,sanchezerica@example.org,57,Female,Technology,Asia-Pacific,51-200,Premium,2019-11-28
CUST06583,Shawn Knight,sanchezjohn@example.org,25,Male,Financial Services,Australia & New Zealand,1-10,Free,2020-12-19
CUST06584,Sara Jones,sanchezkeith@example.org,45,Other,Education,North America,11-50,Premium,2020-11-01
CUST06585,Vanessa Medina,sanchezwilliam@example.org,43,Male,Technology,Asia-Pacific,1-10,Enterprise,2019-07-29
CUST06586,Brian Sparks,sandersadam@example.org,22,Other,Manufacturing,Asia-Pacific,51-200,Free,2019-05-27
CUST06587,Jason Meza,sandersangela@example.com,51,Other,Technology,Asia-Pacific,51-200,Premium,2020-10-21
CUST06588,Patricia Graves,sandersclaudia@example.net,41,Male,Technology,Asia-Pacific,51-200,Standard,2019-10-19
CUST06589,David Anderson,sanderskatie@example.com,70,Other,Manufacturing,Australia & New Zealand,1000+,Standard,2019-12-22
CUST06590,Christopher Morrison,sanderspatricia@example.org,61,Other,Technology,Other,1-10,Standard,2020-07-20
CUST06591,Nathan Woods,sandovalkristen@example.com,69,Male,Media & Communications,North America,51-200,Standard,2020-09-02
CUST06592,Alicia Johnson,sandovalthomas@example.com,67,Male,Retail,Europe,51-200,Premium,2020-08-01
CUST06593,David Simmons,sandra11@example.net,34,Other,Education,Australia & New Zealand,11-50,Free,2020-04-10
CUST06594,Ashley Rodriguez,sandra18@example.net,58,Female,Education,Australia & New Zealand,1000+,Standard,2020-01-30
CUST06595,Justin Garcia,sandra51@example.org,25,Female,Manufacturing,Australia & New Zealand,1-10,Standard,2020-07-16
CUST06596,Jennifer Bowen,sandra63@example.net,70,Female,Government & Public Sector,Europe,11-50,Standard,2020-08-03
CUST06597,Joshua Gonzales,sandra78@example.com,31,Male,Retail,North America,1000+,Standard,2019-08-30
CUST06598,Michelle Gillespie,sandraboyle@example.net,65,Male,Manufacturing,North America,51-200,Premium,2020-05-29
CUST06599,Stacey Mitchell,sandrabrown@example.com,45,Other,Government & Public Sector,Asia-Pacific,51-200,Premium,2020-05-21
CUST06600,Gerald Ayala,sandraholland@example.com,59,Other,Manufacturing,Asia-Pacific,51-200,Free,2020-07-17
CUST06601,Phillip Cole,sandrasilva@example.net,60,Male,Retail,North America,501-1000,Standard,2020-06-01
CUST06602,Jason Andrews,sandrawebb@example.com,58,Other,Technology,Other,501-1000,Premium,2020-04-20
CUST06603,Sarah Harris,sandy98@example.org,55,Female,Financial Services,Australia & New Zealand,11-50,Standard,2020-01-26
CUST06604,Paul Lopez,sanforddouglas@example.net,46,Female,Professional Services,North America,11-50,Enterprise,2020-03-24
CUST06605,Cindy Vega,sanfordjoshua@example.org,49,Male,Technology,Europe,51-200,Premium,2020-07-16
CUST06606,Katherine Ferguson,santanadesiree@example.com,35,Other,Education,North America,201-500,Standard,2019-12-01
CUST06607,Allison Sanchez,santiagofrank@example.net,38,Female,Financial Services,Other,501-1000,Enterprise,2020-09-15
CUST06608,Cynthia Miller,santiagojoseph@example.org,22,Male,Professional Services,Europe,201-500,Premium,2019-11-04
CUST06609,Kevin Lopez,santiagotiffany@example.com,34,Male,Technology,North America,11-50,Enterprise,2020-01-10
CUST06610,Mallory Parker,santosangela@example.org,45,Other,Education,Asia-Pacific,501-1000,Standard,2021-06-05
CUST06611,Paige Williams,santosashley@example.org,21,Other,Financial Services,Asia-Pacific,51-200,Premium,2019-09-07
CUST06612,Caitlin Boyd,santosnancy@example.org,29,Male,Education,Australia & New Zealand,501-1000,Standard,2019-12-16
CUST06613,Jason Carlson,sara16@example.net,54,Male,Technology,Europe,11-50,Enterprise,2021-03-07
CUST06614,Erika Wilkins,sara25@example.org,58,Male,Other,North America,51-200,Free,2021-08-07
CUST06615,Ryan Romero,sara31@example.net,58,Other,Professional Services,Australia & New Zealand,51-200,Enterprise,2020-01-26
CUST06616,Brittney Allen,sara56@example.org,43,Female,Technology,Australia & New Zealand,51-200,Standard,2020-01-11
CUST06617,Johnny Nguyen,sara65@example.org,51,Other,Professional Services,Europe,1-10,Standard,2020-12-11
CUST06618,Mark Murray,sara83@example.org,70,Female,Technology,Europe,1-10,Premium,2021-01-04
CUST06619,Joseph Brown,saraashley@example.com,60,Male,Retail,North America,201-500,Free,2019-08-26
CUST06620,Steven Krause,saragarcia@example.net,33,Other,Technology,Australia & New Zealand,1-10,Premium,2019-09-06
CUST06621,Jenny Johnson,sarah02@example.net,42,Male,Government & Public Sector,North America,51-200,Standard,2019-12-10
CUST06622,Mark Wright,sarah08@example.net,42,Other,Technology,North America,201-500,Free,2020-04-25
CUST06623,Kristine Bennett,sarah08@example.org,68,Female,Education,North America,11-50,Premium,2021-03-08
CUST06624,Kevin Day,sarah19@example.net,62,Female,Professional Services,Australia & New Zealand,51-200,Standard,2019-11-04
CUST06625,Jodi White,sarah19@example.org,27,Male,Financial Services,North America,51-200,Enterprise,2019-02-24
CUST06626,Gerald Butler,sarah21@example.net,40,Female,Government & Public Sector,Other,11-50,Free,2019-09-23
CUST06627,Marcus Kerr,sarah27@example.org,70,Other,Technology,North America,51-200,Premium,2021-01-18
CUST06628,Chad Hall,sarah34@example.org,62,Male,Government & Public Sector,Europe,51-200,Standard,2020-04-11
CUST06629,Michelle Morgan,sarah35@example.org,27,Female,Education,Australia & New Zealand,1000+,Standard,2020-05-23
CUST06630,Thomas Harris,sarah55@example.net,27,Other,Healthcare,North America,201-500,Standard,2021-04-22
CUST06631,Donna Wright,sarah55@example.org,30,Male,Financial Services,North America,1000+,Enterprise,2020-07-29
CUST06632,Lisa Santana,sarah57@example.org,33,Other,Healthcare,Europe,51-200,Free,2020-06-02
CUST06633,Mr. Stephen Washington,sarah66@example.com,57,Other,Retail,North America,51-200,Free,2020-04-16
CUST06634,James West,sarah75@example.org,34,Male,Financial Services,North America,1-10,Free,2019-10-10
CUST06635,Gabriella Cross,sarah80@example.org,22,Male,Other,Australia & New Zealand,1-10,Premium,2020-10-05
CUST06636,Mark Williamson,sarah83@example.com,39,Male,Media & Communications,Asia-Pacific,1000+,Premium,2020-10-02
CUST06637,Anthony Benitez,sarah85@example.org,61,Male,Manufacturing,Australia & New Zealand,51-200,Standard,2020-11-30
CUST06638,Annette Haley,sarah87@example.com,20,Female,Technology,Other,501-1000,Premium,2020-09-13
CUST06639,Chelsea Russell,sarahbartlett@example.net,33,Other,Healthcare,North America,11-50,Standard,2020-08-31
CUST06640,Zachary Vasquez,sarahcolon@example.net,27,Male,Retail,Australia & New Zealand,1000+,Standard,2020-03-18
CUST06641,Corey Gates,sarahevans@example.com,44,Male,Professional Services,North America,501-1000,Premium,2019-08-23
CUST06642,Bridget Washington,sarahharper@example.org,65,Male,Technology,Australia & New Zealand,51-200,Standard,2020-11-08
CUST06643,Joshua Singh,sarahhodges@example.org,62,Female,Financial Services,North America,51-200,Premium,2020-06-17
CUST06644,James Watson,sarahkirk@example.org,23,Other,Government & Public Sector,Europe,201-500,Premium,2020-09-20
CUST06645,William Mcdonald,sarahmathis@example.com,52,Other,Technology,Europe,51-200,Free,2018-09-08
CUST06646,Julie Hamilton,sarahrichardson@example.org,22,Other,Technology,North America,1-10,Standard,2020-08-27
CUST06647,Jennifer Morris,sarahthornton@example.org,70,Male,Technology,North America,1000+,Premium,2020-02-28
CUST06648,Linda George,sarahwhite@example.net,49,Female,Professional Services,Europe,201-500,Standard,2019-12-28
CUST06649,Susan Griffith,sarahwilson@example.net,58,Other,Technology,Asia-Pacific,1000+,Standard,2019-12-15
CUST06650,Eric Cardenas,sarajohnson@example.org,55,Other,Technology,Australia & New Zealand,501-1000,Premium,2021-04-09
CUST06651,Selena Bauer,sarajones@example.net,45,Other,Technology,Asia-Pacific,201-500,Standard,2021-01-21
CUST06652,John Cruz,saralambert@example.net,30,Male,Education,North America,1000+,Premium,2020-09-02
CUST06653,Scott Peters,saraleon@example.org,67,Male,Government & Public Sector,Asia-Pacific,51-200,Enterprise,2019-12-09
CUST06654,Christopher Woodard,saramiranda@example.org,24,Male,Other,Australia & New Zealand,11-50,Standard,2019-07-24
CUST06655,Cassandra Patton,sarareyes@example.org,66,Male,Technology,Europe,51-200,Premium,2019-12-09
CUST06656,Thomas Ortiz,saundersjudy@example.net,47,Male,Education,Europe,51-200,Free,2021-05-26
CUST06657,Andrew Rivers,saustin@example.org,42,Female,Healthcare,Asia-Pacific,201-500,Standard,2021-03-14
CUST06658,Deanna Moss,savagejennifer@example.net,66,Male,Technology,North America,51-200,Standard,2020-06-20
CUST06659,Jennifer Olson,savannahdelgado@example.org,63,Male,Manufacturing,Australia & New Zealand,11-50,Standard,2020-05-23
CUST06660,Kenneth Williams,sawyerpatricia@example.org,18,Male,Government & Public Sector,Europe,1000+,Enterprise,2018-08-31
CUST06661,Eric Brooks,sbaker@example.com,26,Other,Financial Services,North America,201-500,Premium,2019-07-20
CUST06662,Charles Fitzpatrick,sbaldwin@example.org,38,Other,Other,Europe,501-1000,Premium,2018-10-14
CUST06663,Emily Nunez,sbrown@example.com,34,Male,Education,North America,51-200,Standard,2018-12-27
CUST06664,Cathy Rodriguez,sbuchanan@example.net,46,Male,Professional Services,Europe,501-1000,Enterprise,2019-10-24
CUST06665,Amy Ochoa,sburke@example.org,28,Other,Technology,North America,11-50,Free,2019-01-08
CUST06666,Aimee Vasquez,scalderon@example.com,43,Female,Healthcare,Other,201-500,Free,2021-09-02
CUST06667,John Norton,scantrell@example.org,45,Other,Professional Services,Asia-Pacific,51-200,Standard,2020-03-03
CUST06668,James Wilson,schaeferjulie@example.net,38,Other,Financial Services,Australia & New Zealand,1-10,Standard,2020-01-08
CUST06669,John Hall,schmidtkyle@example.com,65,Male,Healthcare,Asia-Pacific,51-200,Standard,2020-08-25
CUST06670,Kenneth Brown,schmidtwilliam@example.net,31,Female,Retail,Asia-Pacific,51-200,Standard,2020-06-17
CUST06671,Kevin Ashley,schneiderjanet@example.org,56,Other,Manufacturing,North America,1000+,Standard,2021-01-27
CUST06672,Robert Barnes,schneidervictoria@example.com,53,Female,Professional Services,Australia & New Zealand,51-200,Enterprise,2019-11-18
CUST06673,Tara Franklin,schroederkeith@example.net,20,Male,Financial Services,Asia-Pacific,1000+,Enterprise,2019-01-02
CUST06674,Christopher Martinez,schroedertyler@example.com,29,Female,Technology,Europe,11-50,Premium,2020-09-10
CUST06675,Hunter Armstrong,schultzdaniel@example.net,59,Female,Manufacturing,Australia & New Zealand,1000+,Standard,2019-09-17
CUST06676,Wayne Rodriguez,schultzjessica@example.com,50,Male,Healthcare,North America,51-200,Premium,2019-05-17
CUST06677,Rachel Brown,schwartzadam@example.org,49,Female,Technology,Europe,201-500,Standard,2020-09-07
CUST06678,Alfred Vincent,scline@example.net,46,Other,Technology,Europe,1000+,Standard,2021-01-06
CUST06679,Anna White,scott07@example.com,42,Male,Professional Services,Other,51-200,Standard,2019-09-13
CUST06680,Aaron Norris,scott33@example.org,26,Female,Financial Services,Asia-Pacific,11-50,Premium,2020-04-20
CUST06681,Walter Delacruz,scott43@example.com,19,Other,Professional Services,Australia & New Zealand,1-10,Standard,2019-11-09
CUST06682,Brenda Nielsen,scott59@example.net,63,Other,Retail,Asia-Pacific,11-50,Premium,2020-03-29
CUST06683,Daniel Anderson,scott63@example.net,21,Other,Professional Services,Europe,11-50,Standard,2019-05-18
CUST06684,Kimberly Knight,scott67@example.net,54,Other,Professional Services,North America,501-1000,Free,2019-04-06
CUST06685,Troy Guzman,scott71@example.net,45,Male,Education,North America,1000+,Standard,2019-01-15
CUST06686,Michael White,scott77@example.net,22,Male,Media & Communications,Europe,11-50,Standard,2021-01-25
CUST06687,Sean Lyons,scott90@example.org,63,Female,Healthcare,Europe,51-200,Free,2020-07-26
CUST06688,Brandon Francis,scott94@example.org,69,Other,Media & Communications,North America,11-50,Standard,2020-05-01
CUST06689,James Stein,scott98@example.com,69,Other,Other,Europe,51-200,Free,2020-09-25
CUST06690,Jacqueline Williams,scottbethany@example.com,39,Male,Media & Communications,Asia-Pacific,201-500,Standard,2019-12-28
CUST06691,Michelle Pratt,scottbrennan@example.com,21,Female,Financial Services,North America,51-200,Enterprise,2018-12-04
CUST06692,Kimberly Walsh,scottchristina@example.net,37,Female,Other,Asia-Pacific,1-10,Standard,2020-12-04
CUST06693,Debra Miller,scottdaniel@example.net,30,Male,Healthcare,North America,201-500,Free,2020-12-29
CUST06694,David Flowers,scottdixon@example.org,48,Other,Healthcare,Asia-Pacific,11-50,Premium,2020-12-01
CUST06695,Danielle Stevenson,scottdouglas@example.org,35,Other,Government & Public Sector,Asia-Pacific,1-10,Premium,2020-05-31
CUST06696,Rodney Davis,scotteric@example.com,38,Male,Government & Public Sector,Europe,201-500,Enterprise,2021-06-17
CUST06697,Virginia Smith,scotterik@example.net,44,Other,Professional Services,Other,1-10,Standard,2021-06-18
CUST06698,Ian White,scottferguson@example.com,22,Other,Technology,Asia-Pacific,51-200,Enterprise,2020-04-26
CUST06699,Richard Gates,scottgarcia@example.org,29,Male,Healthcare,Australia & New Zealand,201-500,Premium,2020-03-08
CUST06700,George Lloyd,scottharris@example.net,64,Female,Media & Communications,Australia & New Zealand,201-500,Standard,2020-01-10
CUST06701,Jesse Torres,scottjamie@example.org,53,Male,Financial Services,Asia-Pacific,11-50,Premium,2020-05-21
CUST06702,David Oliver,scottlozano@example.net,27,Female,Financial Services,Europe,11-50,Enterprise,2020-02-27
CUST06703,Carlos Jackson,scottnunez@example.org,57,Other,Technology,North America,1000+,Premium,2019-09-30
CUST06704,Steven Montgomery,scottpetersen@example.org,49,Female,Education,Europe,51-200,Premium,2021-01-16
CUST06705,Charles Patterson,scottsamantha@example.com,34,Other,Other,Asia-Pacific,1000+,Standard,2021-03-20
CUST06706,Laura Jackson,scottsmith@example.com,36,Male,Technology,Australia & New Zealand,51-200,Standard,2020-09-02
CUST06707,Stephanie Bailey,scottvaughn@example.net,40,Male,Manufacturing,Europe,1-10,Free,2020-01-23
CUST06708,Carlos Williams,scottwheeler@example.net,61,Other,Retail,Asia-Pacific,51-200,Standard,2019-08-27
CUST06709,Kristen Fitzpatrick,scunningham@example.net,66,Male,Professional Services,Australia & New Zealand,11-50,Enterprise,2020-10-19
CUST06710,Mary Collins,sday@example.org,68,Other,Media & Communications,Australia & New Zealand,11-50,Free,2019-08-24
CUST06711,Matthew Castillo,sduncan@example.net,53,Female,Other,Europe,51-200,Standard,2021-01-06
CUST06712,Michelle Booker,sean00@example.org,44,Female,Other,Australia & New Zealand,11-50,Standard,2020-01-26
CUST06713,Paul Hill,sean23@example.net,60,Female,Healthcare,Other,1000+,Premium,2020-12-31
CUST06714,Stephanie Elliott,sean28@example.com,29,Other,Financial Services,Australia & New Zealand,1-10,Free,2020-06-24
CUST06715,Dawn James,sean39@example.net,44,Female,Other,North America,201-500,Standard,2019-12-08
CUST06716,Brian Tate,sean64@example.org,28,Female,Healthcare,Europe,501-1000,Premium,2021-06-17
CUST06717,Judy Weaver,sean75@example.com,38,Female,Other,North America,51-200,Enterprise,2020-03-25
CUST06718,Mandy Fitzgerald,seanbuckley@example.com,33,Male,Technology,Australia & New Zealand,51-200,Premium,2019-01-24
CUST06719,Joseph Brown,seanclark@example.org,27,Female,Healthcare,Europe,1000+,Free,2019-09-13
CUST06720,Edward Watkins,seanmiller@example.org,67,Other,Other,Asia-Pacific,201-500,Premium,2019-09-05
CUST06721,Melanie Goodwin,seanperez@example.com,69,Female,Technology,Asia-Pacific,501-1000,Premium,2021-01-15
CUST06722,Christopher Reynolds,seansantiago@example.org,24,Other,Education,Europe,201-500,Enterprise,2020-01-18
CUST06723,Deborah Roach,seanvalentine@example.org,41,Other,Technology,Asia-Pacific,201-500,Free,2020-09-17
CUST06724,Jessica Sawyer,seanyork@example.net,31,Other,Financial Services,Australia & New Zealand,51-200,Enterprise,2020-03-28
CUST06725,Cynthia Martin,selenasutton@example.org,27,Male,Financial Services,North America,51-200,Standard,2020-07-25
CUST06726,Tricia Garrett,sellersdavid@example.com,26,Male,Retail,North America,1-10,Standard,2019-03-04
CUST06727,Jeffrey Green,sellerstara@example.com,43,Male,Education,North America,51-200,Standard,2020-04-24
CUST06728,Emily Vasquez,seth16@example.org,25,Male,Retail,Europe,51-200,Standard,2019-04-08
CUST06729,Ashley Pham,seth61@example.org,18,Male,Professional Services,North America,11-50,Premium,2019-07-09
CUST06730,Kimberly Frazier,sethwhite@example.net,22,Female,Retail,Asia-Pacific,1-10,Free,2020-02-24
CUST06731,Austin Salinas,sextoncassandra@example.com,45,Other,Financial Services,Australia & New Zealand,1-10,Standard,2021-04-19
CUST06732,Lauren Walker,sferguson@example.com,55,Male,Education,North America,201-500,Premium,2020-12-29
CUST06733,Mary Christian,sgallegos@example.org,58,Male,Government & Public Sector,Asia-Pacific,501-1000,Standard,2019-06-26
CUST06734,Phyllis Jordan,sgalvan@example.net,52,Male,Professional Services,Australia & New Zealand,201-500,Free,2019-09-24
CUST06735,Cindy Reeves,sgay@example.org,35,Other,Other,Other,51-200,Standard,2020-04-15
CUST06736,Heather Lee,sgilbert@example.com,26,Male,Media & Communications,North America,201-500,Premium,2019-05-24
CUST06737,Kenneth Jones,sgonzalez@example.net,58,Male,Government & Public Sector,Europe,201-500,Premium,2019-11-18
CUST06738,Ann Morris,sgutierrez@example.com,34,Other,Retail,Asia-Pacific,11-50,Free,2019-11-17
CUST06739,Marilyn Olson MD,shahmarcus@example.net,27,Male,Manufacturing,North America,51-200,Standard,2019-10-24
CUST06740,Claudia Delgado,shall@example.com,59,Other,Education,North America,11-50,Enterprise,2019-10-15
CUST06741,Daniel Williams,shane12@example.org,24,Other,Professional Services,Asia-Pacific,11-50,Premium,2021-01-26
CUST06742,Mark Hahn,shane95@example.com,36,Female,Professional Services,Europe,201-500,Premium,2021-03-14
CUST06743,Elizabeth Mckenzie,shanecharles@example.net,20,Female,Manufacturing,Asia-Pacific,11-50,Premium,2020-08-24
CUST06744,Misty Martinez,shanewalker@example.com,67,Other,Financial Services,Australia & New Zealand,501-1000,Standard,2020-06-03
CUST06745,Daniel Graham,shannon01@example.org,40,Female,Government & Public Sector,North America,51-200,Premium,2021-04-08
CUST06746,Toni Brown,shannon09@example.net,40,Other,Manufacturing,North America,1-10,Premium,2021-01-30
CUST06747,Amanda Pratt,shannon31@example.net,29,Male,Media & Communications,Europe,11-50,Free,2021-05-05
CUST06748,Natalie Thompson,shannon35@example.net,67,Other,Financial Services,North America,11-50,Standard,2018-12-25
CUST06749,Stephanie Lee,shannon66@example.com,44,Female,Government & Public Sector,Europe,501-1000,Enterprise,2020-06-20
CUST06750,Michael Sparks,shannon79@example.com,59,Male,Retail,Australia & New Zealand,51-200,Premium,2020-07-29
CUST06751,Ashley Michael,shannon90@example.com,31,Female,Education,Europe,1000+,Standard,2021-01-31
CUST06752,Mary Stewart,shannon96@example.com,65,Female,Media & Communications,North America,1000+,Standard,2020-06-22
CUST06753,Patricia Ferrell,shannondavis@example.net,50,Male,Technology,Asia-Pacific,501-1000,Free,2020-05-29
CUST06754,Charles Johnson,shannonjohnson@example.org,63,Female,Education,Asia-Pacific,201-500,Enterprise,2020-01-21
CUST06755,Rachel Wright,shannonlester@example.net,32,Other,Education,North America,51-200,Premium,2021-11-02
CUST06756,Karen Zimmerman,shannonmcdowell@example.net,58,Female,Technology,Asia-Pacific,1-10,Standard,2019-06-05
CUST06757,Reginald Rodriguez,shannonmueller@example.net,22,Male,Manufacturing,Europe,1000+,Premium,2020-09-26
CUST06758,Colleen Garcia,shannonortiz@example.net,21,Male,Professional Services,North America,201-500,Standard,2020-02-07
CUST06759,Todd Moore,shannonrichardson@example.com,30,Male,Technology,North America,51-200,Premium,2020-02-21
CUST06760,Jonathon Copeland,shannonroberts@example.org,68,Female,Financial Services,Europe,1-10,Standard,2020-01-26
CUST06761,Steven Smith,shari97@example.com,51,Other,Other,Other,11-50,Standard,2019-08-06
CUST06762,Ryan Kelly,shariwilliams@example.net,56,Other,Financial Services,Australia & New Zealand,201-500,Premium,2019-08-08
CUST06763,Courtney Neal,sharon02@example.net,27,Male,Education,Europe,51-200,Premium,2020-04-18
CUST06764,John Taylor MD,sharon05@example.com,65,Other,Technology,North America,11-50,Enterprise,2020-06-24
CUST06765,Heather Williams,sharon17@example.org,59,Female,Technology,Europe,1-10,Standard,2019-06-01
CUST06766,Amanda Greene,sharonestes@example.net,68,Male,Manufacturing,Other,1-10,Standard,2020-05-04
CUST06767,Gabriel Conner,sharonjohnson@example.org,68,Female,Healthcare,North America,201-500,Standard,2019-04-20
CUST06768,Mackenzie Phillips,sharonryan@example.org,55,Other,Retail,Asia-Pacific,11-50,Standard,2020-03-11
CUST06769,Leon Bass,sharonsmith@example.net,70,Male,Other,Australia & New Zealand,201-500,Premium,2020-03-04
CUST06770,Amanda Robertson,sharris@example.net,60,Female,Healthcare,Asia-Pacific,1-10,Standard,2020-12-13
CUST06771,Charles Jackson,sharvey@example.net,61,Male,Technology,Australia & New Zealand,51-200,Standard,2020-08-17
CUST06772,Scott Johnson,shawn38@example.com,46,Male,Retail,North America,201-500,Premium,2021-05-15
CUST06773,Casey Tran,shawn54@example.net,19,Female,Healthcare,Asia-Pacific,51-200,Standard,2020-05-10
CUST06774,William Johnston,shawnjohnson@example.net,47,Other,Professional Services,Australia & New Zealand,11-50,Premium,2020-02-23
CUST06775,Samantha Fernandez,shawnlittle@example.com,68,Other,Other,Asia-Pacific,11-50,Standard,2020-06-15
CUST06776,Alexander Walton,shawnpadilla@example.org,41,Male,Other,Other,1000+,Standard,2020-11-14
CUST06777,Benjamin Ayers,shawnpham@example.com,20,Other,Retail,Australia & New Zealand,1-10,Standard,2019-08-06
CUST06778,Nancy Moore,shayden@example.net,69,Male,Professional Services,North America,51-200,Premium,2019-06-14
CUST06779,Rebecca Fleming,sheenasmith@example.com,53,Male,Healthcare,Europe,51-200,Free,2019-11-25
CUST06780,Lisa Burns,sheila61@example.net,22,Female,Education,North America,501-1000,Premium,2019-09-19
CUST06781,Katie Mitchell,sheila78@example.org,35,Male,Financial Services,Australia & New Zealand,1-10,Standard,2020-07-03
CUST06782,Scott Turner,sheila90@example.com,66,Other,Education,Europe,11-50,Premium,2020-06-15
CUST06783,Logan Hernandez,shelby71@example.org,26,Other,Media & Communications,North America,51-200,Enterprise,2020-03-01
CUST06784,Charles Howard,shelby91@example.org,34,Male,Healthcare,Australia & New Zealand,201-500,Standard,2019-05-25
CUST06785,Cody Torres,shelia24@example.org,63,Female,Retail,Asia-Pacific,51-200,Standard,2019-05-09
CUST06786,Alisha Jackson,sheliarodriguez@example.org,60,Male,Financial Services,Asia-Pacific,11-50,Free,2019-12-22
CUST06787,April Hart,shelley05@example.com,62,Other,Manufacturing,North America,1-10,Enterprise,2020-04-03
CUST06788,April Rogers,shelley50@example.org,59,Female,Financial Services,Australia & New Zealand,11-50,Enterprise,2021-02-23
CUST06789,Jonathon Barrett,shelley64@example.com,45,Other,Financial Services,North America,11-50,Premium,2019-11-02
CUST06790,Kevin Norman,shelleygates@example.com,19,Female,Healthcare,North America,501-1000,Free,2020-05-06
CUST06791,Eugene Frazier,shelleyjensen@example.net,34,Male,Media & Communications,Asia-Pacific,51-200,Standard,2019-11-14
CUST06792,Dalton Forbes,shelleywalker@example.org,60,Female,Technology,Europe,51-200,Free,2019-11-16
CUST06793,Timothy Brady,shelly39@example.org,68,Male,Manufacturing,North America,51-200,Standard,2020-09-01
CUST06794,Karen Hammond,shellyedwards@example.net,70,Male,Healthcare,Asia-Pacific,51-200,Standard,2019-07-18
CUST06795,Arthur Norman,shellytaylor@example.net,47,Female,Professional Services,Australia & New Zealand,11-50,Standard,2021-03-04
CUST06796,Brandi Robinson,sheltonbradley@example.com,66,Female,Technology,Other,1-10,Standard,2019-07-05
CUST06797,Justin Park,sheltongary@example.org,33,Male,Technology,Asia-Pacific,1-10,Standard,2021-03-05
CUST06798,Nicholas Garcia,sheltonkathleen@example.org,52,Female,Education,North America,11-50,Standard,2019-09-07
CUST06799,Lisa Perez,shepherdchristopher@example.com,57,Female,Professional Services,Europe,201-500,Premium,2020-01-28
CUST06800,James Ibarra,shepherdwilliam@example.org,63,Female,Technology,Australia & New Zealand,11-50,Free,2019-12-24
CUST06801,Brenda Ford,sheppardkimberly@example.com,25,Male,Education,Australia & New Zealand,51-200,Premium,2020-04-30
CUST06802,Austin George,shericase@example.net,67,Male,Financial Services,North America,201-500,Free,2019-09-01
CUST06803,Joseph Fox,sherikeith@example.org,48,Male,Media & Communications,Europe,1000+,Standard,2019-08-26
CUST06804,Leslie Johnson,shermanrachel@example.com,36,Other,Manufacturing,Europe,1000+,Standard,2020-12-15
CUST06805,Joseph Williams,sherri10@example.org,56,Female,Media & Communications,Europe,201-500,Premium,2020-01-12
CUST06806,Sarah Mills,sherri72@example.org,38,Male,Technology,Asia-Pacific,51-200,Enterprise,2021-05-11
CUST06807,John Ford,sherri88@example.com,59,Female,Technology,Europe,11-50,Premium,2020-07-11
CUST06808,Ronald Weaver,sherrilewis@example.com,63,Male,Education,Europe,11-50,Free,2020-01-30
CUST06809,Brian Manning,sherry59@example.com,37,Male,Professional Services,North America,1-10,Free,2020-04-16
CUST06810,Katrina Horne,sherryandersen@example.org,70,Male,Retail,Australia & New Zealand,11-50,Enterprise,2020-07-16
CUST06811,David Bradshaw,sherryknight@example.org,66,Male,Retail,North America,11-50,Enterprise,2020-03-04
CUST06812,Lisa Johnson,sherrylove@example.net,37,Male,Retail,Australia & New Zealand,51-200,Standard,2021-06-18
CUST06813,Amy Page,sherryortiz@example.net,58,Female,Financial Services,Australia & New Zealand,51-200,Premium,2020-03-04
CUST06814,April Cobb,sherryramsey@example.com,64,Other,Technology,North America,501-1000,Standard,2019-08-15
CUST06815,Nichole Huang,sheryldawson@example.org,38,Male,Professional Services,Australia & New Zealand,201-500,Standard,2019-10-28
CUST06816,Megan Lewis,sherylgoodman@example.com,52,Male,Technology,Asia-Pacific,201-500,Standard,2019-03-12
CUST06817,Erin Jones,shieldsderek@example.com,67,Female,Media & Communications,Asia-Pacific,51-200,Standard,2019-12-04
CUST06818,Jared Greene,shirleyweaver@example.com,44,Male,Technology,Europe,11-50,Standard,2020-05-23
CUST06819,Jared King,sholmes@example.org,36,Male,Professional Services,Europe,1-10,Enterprise,2020-02-14
CUST06820,Timothy Martinez,silvaadam@example.org,64,Female,Professional Services,North America,11-50,Premium,2019-01-26
CUST06821,Jose Turner,simmonsleslie@example.com,36,Male,Financial Services,Europe,501-1000,Premium,2020-07-16
CUST06822,Christopher Fox,simmonsmark@example.org,42,Other,Professional Services,Australia & New Zealand,11-50,Standard,2020-12-22
CUST06823,William Brown,simmonsmorgan@example.com,46,Male,Healthcare,North America,11-50,Premium,2018-11-13
CUST06824,Alexandra Hall,simmonssara@example.org,18,Other,Education,North America,201-500,Standard,2021-05-14
CUST06825,Michelle Stevens,simonvictor@example.net,30,Male,Professional Services,Asia-Pacific,201-500,Enterprise,2020-09-11
CUST06826,Christian Riggs,simpsonchristine@example.net,63,Female,Manufacturing,North America,1000+,Free,2020-12-27
CUST06827,Carol Rogers,simskaitlyn@example.com,57,Female,Education,North America,501-1000,Enterprise,2019-05-27
CUST06828,Sean Ortega,simslydia@example.org,70,Female,Technology,Australia & New Zealand,201-500,Free,2021-03-18
CUST06829,Robert Butler,simsmichael@example.org,35,Male,Education,Europe,51-200,Free,2019-10-18
CUST06830,Amy Mills,singhjohn@example.org,56,Male,Government & Public Sector,North America,51-200,Standard,2020-02-11
CUST06831,Michael Morrow,singhraymond@example.org,28,Other,Education,North America,201-500,Free,2021-05-08
CUST06832,Jeremiah Stark,singletontony@example.com,30,Female,Technology,North America,51-200,Free,2020-08-24
CUST06833,Mark Chapman,sjackson@example.com,32,Other,Media & Communications,Europe,201-500,Premium,2019-08-06
CUST06834,Ashley Reyes,sjenkins@example.org,58,Female,Retail,North America,51-200,Enterprise,2018-11-07
CUST06835,Jennifer Anderson,skennedy@example.org,60,Other,Technology,North America,1000+,Premium,2020-11-28
CUST06836,Jacob Washington,skinnermonique@example.com,59,Male,Retail,North America,501-1000,Standard,2020-01-31
CUST06837,David James,skramer@example.com,59,Male,Healthcare,Asia-Pacific,11-50,Enterprise,2019-10-06
CUST06838,Jeanette Ayala,sloanlisa@example.com,67,Male,Manufacturing,Australia & New Zealand,11-50,Standard,2019-09-13
CUST06839,Lisa Abbott,slogan@example.net,66,Other,Professional Services,Asia-Pacific,1-10,Free,2019-10-24
CUST06840,Jennifer Stokes,slopez@example.net,48,Female,Government & Public Sector,North America,201-500,Premium,2019-10-31
CUST06841,Joshua Brown,smallkenneth@example.net,33,Male,Education,North America,11-50,Enterprise,2019-03-18
CUST06842,Herbert Coleman,smartinez@example.com,39,Male,Healthcare,Europe,1000+,Standard,2020-03-03
CUST06843,Jennifer Jordan,smartinez@example.org,70,Other,Manufacturing,Asia-Pacific,501-1000,Standard,2019-11-04
CUST06844,Jonathan Delgado,smason@example.org,51,Female,Other,Australia & New Zealand,51-200,Enterprise,2019-12-21
CUST06845,James Hudson,smills@example.com,54,Female,Media & Communications,Other,1-10,Standard,2020-04-06
CUST06846,Hannah Sanchez,smithalicia@example.com,26,Male,Government & Public Sector,Australia & New Zealand,1-10,Standard,2019-09-13
CUST06847,Lindsey Velez,smithalisha@example.org,55,Female,Technology,North America,11-50,Standard,2020-04-14
CUST06848,Gabriel Carlson,smithalyssa@example.com,24,Male,Financial Services,Europe,201-500,Standard,2020-02-21
CUST06849,Colleen Patel,smithamanda@example.net,45,Male,Education,Australia & New Zealand,51-200,Enterprise,2020-03-11
CUST06850,Matthew Anderson,smithandrew@example.com,19,Male,Media & Communications,North America,11-50,Standard,2021-07-24
CUST06851,Allen Guzman,smithandrew@example.net,58,Male,Professional Services,Australia & New Zealand,1000+,Free,2021-04-02
CUST06852,Julia Ferguson,smithashley@example.com,19,Male,Media & Communications,North America,11-50,Standard,2020-04-07
CUST06853,Dr. Alicia Williams,smithbrandon@example.com,36,Female,Technology,North America,201-500,Standard,2018-12-15
CUST06854,Kathy Thornton,smithbrandon@example.net,30,Male,Retail,Asia-Pacific,1000+,Standard,2019-10-12
CUST06855,Caitlyn Oliver,smithbrittany@example.net,59,Female,Technology,Europe,11-50,Premium,2020-11-05
CUST06856,Jason Morrison,smithcassandra@example.net,54,Male,Education,Australia & New Zealand,201-500,Standard,2021-02-05
CUST06857,Cassidy Herman,smithcathy@example.com,48,Other,Other,North America,51-200,Premium,2020-10-16
CUST06858,Benjamin Cook,smithcynthia@example.net,38,Male,Financial Services,Europe,201-500,Enterprise,2020-11-02
CUST06859,Kevin Vincent,smithdaniel@example.com,39,Male,Retail,Other,51-200,Standard,2018-12-14
CUST06860,Brandon Collins,smithdavid@example.com,18,Female,Other,Europe,11-50,Standard,2019-09-10
CUST06861,Angela Rodriguez,smithdenise@example.net,50,Other,Healthcare,Other,201-500,Free,2019-09-16
CUST06862,April Ramirez,smithelizabeth@example.org,43,Male,Technology,North America,1-10,Premium,2019-07-30
CUST06863,Mary Baker,smitherin@example.com,51,Female,Professional Services,Australia & New Zealand,11-50,Free,2020-03-08
CUST06864,Nicholas Gonzales,smithevan@example.com,52,Female,Government & Public Sector,Australia & New Zealand,11-50,Premium,2019-08-20
CUST06865,Stephanie Contreras,smithheather@example.com,37,Female,Technology,Australia & New Zealand,201-500,Free,2020-02-23
CUST06866,Christopher Tran,smithherbert@example.com,27,Female,Technology,Asia-Pacific,11-50,Free,2021-04-14
CUST06867,Susan Green MD,smithjames@example.com,66,Male,Manufacturing,Europe,201-500,Standard,2018-10-21
CUST06868,Taylor Taylor,smithjames@example.net,32,Male,Government & Public Sector,Europe,51-200,Enterprise,2021-01-10
CUST06869,Adam Powers,smithjeffrey@example.net,22,Female,Financial Services,Other,1-10,Premium,2020-05-03
CUST06870,Christopher Bender,smithjessica@example.org,67,Other,Technology,Australia & New Zealand,11-50,Free,2021-05-10
CUST06871,Leslie Mcfarland,smithjoan@example.com,29,Male,Technology,Australia & New Zealand,1000+,Enterprise,2021-08-01
CUST06872,Travis Hatfield,smithjodi@example.org,43,Male,Healthcare,Australia & New Zealand,51-200,Standard,2019-07-27
CUST06873,Cathy Johnson,smithjody@example.org,56,Female,Professional Services,Australia & New Zealand,201-500,Standard,2020-07-12
CUST06874,Kyle Mcdaniel,smithjoseph@example.net,19,Male,Technology,Australia & New Zealand,11-50,Premium,2020-12-05
CUST06875,Theresa Adams MD,smithjoshua@example.org,43,Female,Financial Services,Europe,51-200,Premium,2021-01-23
CUST06876,Briana Taylor,smithjustin@example.net,50,Male,Financial Services,North America,11-50,Premium,2020-09-20
CUST06877,Heather Pearson,smithkim@example.com,42,Female,Other,Europe,1-10,Standard,2020-11-25
CUST06878,Cheryl Lee,smithkristina@example.net,26,Female,Manufacturing,Asia-Pacific,11-50,Free,2020-07-26
CUST06879,Christopher Moore,smithlinda@example.com,61,Male,Retail,Europe,51-200,Free,2020-07-27
CUST06880,Kyle Smith,smithlisa@example.org,20,Female,Healthcare,Europe,51-200,Enterprise,2020-12-29
CUST06881,Daniel Price,smithmichael@example.net,69,Female,Government & Public Sector,North America,51-200,Enterprise,2019-10-05
CUST06882,Nicholas Brown,smithmichael@example.org,52,Male,Education,Asia-Pacific,51-200,Standard,2019-05-30
CUST06883,Dustin Duffy,smithmiranda@example.org,21,Female,Education,Asia-Pacific,11-50,Free,2019-07-22
CUST06884,Carlos Gonzalez,smithnicholas@example.org,26,Female,Financial Services,North America,11-50,Standard,2019-12-03
CUST06885,April Wolf,smithrichard@example.com,43,Female,Technology,Asia-Pacific,201-500,Free,2019-02-23
CUST06886,Eric Little,smithsamantha@example.com,46,Other,Technology,North America,201-500,Standard,2019-05-31
CUST06887,Jennifer Clark,smithscott@example.org,32,Male,Education,North America,11-50,Free,2021-01-27
CUST06888,Carlos Cooper,smithshane@example.net,19,Other,Media & Communications,Europe,51-200,Standard,2019-10-02
CUST06889,Regina Castillo,smithterri@example.com,70,Other,Education,Australia & New Zealand,11-50,Premium,2019-09-24
CUST06890,Cristian Rodriguez,smiththomas@example.net,36,Other,Retail,Australia & New Zealand,11-50,Premium,2020-09-19
CUST06891,Amy Jennings,smithvictoria@example.org,31,Male,Manufacturing,Europe,11-50,Standard,2019-06-12
CUST06892,Jennifer Ramsey,smontgomery@example.net,54,Other,Healthcare,Europe,11-50,Premium,2019-12-13
CUST06893,Yesenia Thompson,smoran@example.org,58,Other,Government & Public Sector,North America,501-1000,Enterprise,2020-01-25
CUST06894,Grace Patrick,smorgan@example.net,69,Other,Retail,North America,1-10,Free,2018-09-26
CUST06895,Taylor Zimmerman,smorrison@example.org,21,Other,Education,North America,1-10,Premium,2020-02-18
CUST06896,Justin Mora,smorrow@example.org,40,Other,Technology,Europe,11-50,Free,2019-10-11
CUST06897,Melissa Long,smosley@example.net,46,Male,Healthcare,Europe,201-500,Standard,2019-10-16
CUST06898,Donna Villarreal,snyderrichard@example.org,30,Other,Other,Asia-Pacific,1-10,Enterprise,2019-04-28
CUST06899,Christopher Lang,snydersheryl@example.org,60,Female,Technology,Asia-Pacific,201-500,Standard,2020-02-19
CUST06900,Emily Hood,solismatthew@example.net,38,Female,Financial Services,Europe,11-50,Enterprise,2020-05-19
CUST06901,George Pennington,soniamathis@example.com,25,Other,Education,Europe,51-200,Standard,2019-06-04
CUST06902,Anthony Buchanan,sophiawolf@example.com,34,Male,Manufacturing,North America,201-500,Premium,2020-04-24
CUST06903,Barbara Davis,sosborne@example.org,63,Male,Government & Public Sector,Australia & New Zealand,201-500,Premium,2020-01-22
CUST06904,Curtis Williams DDS,sotoadam@example.com,62,Female,Manufacturing,Asia-Pacific,501-1000,Standard,2021-02-04
CUST06905,Tyler Acosta,sotojennifer@example.com,23,Other,Technology,Australia & New Zealand,501-1000,Enterprise,2019-10-13
CUST06906,Steven Rodriguez,spatton@example.net,70,Male,Education,Australia & New Zealand,201-500,Enterprise,2019-11-25
CUST06907,Heidi Hudson,spencer40@example.org,31,Female,Financial Services,Europe,11-50,Standard,2018-12-28
CUST06908,Charles Brown,spencer68@example.com,35,Female,Government & Public Sector,Australia & New Zealand,51-200,Standard,2019-03-30
CUST06909,Christian Price,spencer79@example.org,59,Female,Education,Australia & New Zealand,501-1000,Enterprise,2019-11-27
CUST06910,Cathy Li,spencercraig@example.org,49,Female,Technology,Asia-Pacific,1000+,Premium,2020-08-05
CUST06911,Melinda Walker,spencercrawford@example.net,65,Female,Manufacturing,Europe,51-200,Standard,2019-08-01
CUST06912,Jeremy Smith,spencermarquez@example.net,20,Other,Education,Asia-Pacific,51-200,Free,2019-06-30
CUST06913,Joanna Green,spencetodd@example.org,64,Female,Manufacturing,North America,51-200,Enterprise,2019-10-01
CUST06914,Christian Smith,sprice@example.org,70,Male,Media & Communications,Other,11-50,Free,2020-08-02
CUST06915,Samantha Sloan,sramos@example.com,37,Female,Technology,Asia-Pacific,501-1000,Premium,2019-05-01
CUST06916,Jacqueline Walker,sramos@example.org,26,Male,Retail,Europe,1000+,Premium,2019-09-19
CUST06917,Andrew Blevins,sreid@example.net,59,Male,Professional Services,Asia-Pacific,51-200,Free,2020-10-21
CUST06918,Rhonda Gomez,srivera@example.net,66,Male,Technology,Australia & New Zealand,51-200,Premium,2020-07-28
CUST06919,John Hernandez,srobbins@example.com,23,Male,Financial Services,Asia-Pacific,501-1000,Standard,2019-07-17
CUST06920,Richard Wyatt,srobertson@example.com,44,Female,Media & Communications,Europe,51-200,Free,2020-07-24
CUST06921,Brad Thompson,srobinson@example.com,64,Female,Government & Public Sector,Asia-Pacific,51-200,Standard,2019-10-30
CUST06922,Gary Zimmerman,srogers@example.net,42,Male,Government & Public Sector,Europe,501-1000,Standard,2019-10-18
CUST06923,Jennifer Lynch,srollins@example.com,50,Other,Media & Communications,Australia & New Zealand,201-500,Enterprise,2020-08-19
CUST06924,Michael Walton,sroth@example.com,56,Other,Retail,Europe,11-50,Premium,2020-09-23
CUST06925,Joseph Mathis,ssanders@example.org,43,Other,Technology,North America,201-500,Standard,2021-07-25
CUST06926,Kathy Hart DDS,ssexton@example.com,22,Female,Education,Asia-Pacific,501-1000,Free,2021-07-14
CUST06927,Brianna Chambers,ssharp@example.org,37,Male,Professional Services,Asia-Pacific,201-500,Premium,2021-03-18
CUST06928,Eddie White,ssingleton@example.net,56,Other,Healthcare,Australia & New Zealand,201-500,Standard,2018-09-26
CUST06929,Jennifer Phillips,ssmith@example.com,38,Male,Education,Europe,51-200,Standard,2018-10-10
CUST06930,Valerie Peterson MD,ssnow@example.net,62,Male,Technology,Europe,51-200,Standard,2021-01-21
CUST06931,Lisa Green,ssosa@example.com,41,Male,Retail,North America,1000+,Free,2020-04-19
CUST06932,Marcus Rogers,ssoto@example.org,21,Male,Technology,Europe,51-200,Premium,2020-09-23
CUST06933,Ashley Yang,sstewart@example.com,46,Other,Technology,Australia & New Zealand,1-10,Premium,2020-06-17
CUST06934,Clayton Vaughn,sstrong@example.net,62,Female,Financial Services,Other,201-500,Free,2019-06-21
CUST06935,Maria Shaw,stacey00@example.org,40,Male,Government & Public Sector,Asia-Pacific,51-200,Standard,2021-05-03
CUST06936,Aaron Reed,stacey08@example.org,19,Other,Technology,Asia-Pacific,11-50,Premium,2021-05-03
CUST06937,Walter Hartman,stacey62@example.net,37,Female,Other,Australia & New Zealand,1000+,Premium,2020-07-11
CUST06938,Randy Perez,stacey69@example.net,49,Other,Manufacturing,Australia & New Zealand,1-10,Premium,2020-06-04
CUST06939,Anthony Murray,staceymorton@example.com,33,Other,Government & Public Sector,Asia-Pacific,11-50,Premium,2019-05-19
CUST06940,Taylor Murray,stacy05@example.net,44,Female,Healthcare,North America,201-500,Standard,2019-07-14
CUST06941,Maria Novak,stacy50@example.org,48,Male,Education,Asia-Pacific,501-1000,Premium,2020-04-24
CUST06942,Michelle Cooke,stacy57@example.net,58,Female,Media & Communications,Europe,501-1000,Enterprise,2020-03-16
CUST06943,April Mahoney,stacy78@example.net,62,Male,Other,Europe,51-200,Enterprise,2021-09-11
CUST06944,Sharon Ruiz,stacygarcia@example.com,61,Female,Media & Communications,Australia & New Zealand,501-1000,Standard,2020-08-04
CUST06945,Kimberly Tucker,stacyhill@example.net,29,Other,Technology,North America,501-1000,Standard,2019-08-13
CUST06946,Mathew Wade,stacylewis@example.org,19,Female,Professional Services,North America,1000+,Premium,2020-02-29
CUST06947,Teresa Glover,stacymccann@example.net,37,Male,Government & Public Sector,Australia & New Zealand,51-200,Standard,2020-04-05
CUST06948,Jason Stephenson,stacysnyder@example.org,30,Male,Professional Services,Europe,501-1000,Enterprise,2018-10-04
CUST06949,Nathaniel Quinn,staffordlance@example.com,63,Other,Technology,Australia & New Zealand,501-1000,Standard,2020-06-06
CUST06950,Cody Ewing,staffordlauren@example.com,63,Other,Retail,Asia-Pacific,51-200,Enterprise,2019-10-12
CUST06951,Kyle Holmes,staffordmakayla@example.com,31,Other,Technology,Australia & New Zealand,11-50,Standard,2020-03-25
CUST06952,Michelle Fischer,stanley61@example.org,70,Female,Education,Asia-Pacific,1000+,Free,2020-05-07
CUST06953,Shane Ayala,stanleyjoyce@example.org,40,Male,Financial Services,North America,1000+,Enterprise,2019-12-08
CUST06954,Anthony Davis,stanleysandra@example.org,43,Male,Retail,North America,11-50,Premium,2020-06-21
CUST06955,Adam Morgan,stantondonna@example.org,53,Female,Financial Services,Asia-Pacific,51-200,Free,2021-09-11
CUST06956,Travis Hodges,steeledavid@example.net,26,Male,Education,Australia & New Zealand,501-1000,Enterprise,2020-04-19
CUST06957,Kelly Brown,steindanny@example.net,66,Female,Healthcare,Europe,11-50,Standard,2020-05-09
CUST06958,Christopher Case,steinrebecca@example.com,39,Other,Technology,Asia-Pacific,51-200,Standard,2020-03-03
CUST06959,Timothy Ortiz,stephanie05@example.net,54,Female,Financial Services,Australia & New Zealand,201-500,Premium,2019-10-30
CUST06960,Shirley Murphy,stephanie18@example.net,52,Other,Technology,North America,501-1000,Standard,2021-02-27
CUST06961,Katie Lawrence,stephanie20@example.com,61,Male,Other,Other,201-500,Premium,2019-10-19
CUST06962,Ryan Chase,stephanie21@example.org,66,Other,Technology,Asia-Pacific,11-50,Enterprise,2021-02-20
CUST06963,Jason Keller,stephanie32@example.com,20,Male,Other,Australia & New Zealand,201-500,Premium,2020-03-16
CUST06964,Clayton Wolf,stephanie41@example.net,61,Male,Technology,Europe,51-200,Premium,2019-01-26
CUST06965,Michael Leblanc,stephanie48@example.org,44,Other,Education,Other,11-50,Enterprise,2019-01-18
CUST06966,Christopher Neal,stephanie49@example.net,35,Male,Healthcare,Australia & New Zealand,1000+,Premium,2020-06-05
CUST06967,Maurice Clark,stephanie51@example.com,58,Other,Technology,North America,201-500,Standard,2019-10-23
CUST06968,Candice Waller,stephanie72@example.com,64,Other,Technology,North America,51-200,Premium,2019-12-25
CUST06969,Brandon Smith,stephanie76@example.net,61,Male,Healthcare,Asia-Pacific,501-1000,Free,2019-04-25
CUST06970,Sarah Hernandez,stephanie77@example.org,46,Male,Financial Services,Australia & New Zealand,1000+,Free,2019-07-01
CUST06971,Fernando Johnson,stephanie80@example.com,39,Male,Technology,Australia & New Zealand,11-50,Premium,2019-08-10
CUST06972,Patricia Parker,stephanie82@example.org,68,Other,Healthcare,North America,11-50,Free,2019-12-20
CUST06973,Mrs. Sarah Kaiser,stephanie85@example.org,36,Male,Technology,Europe,51-200,Standard,2020-04-20
CUST06974,Samuel Whitney,stephanie86@example.net,52,Female,Professional Services,Australia & New Zealand,201-500,Premium,2020-03-05
CUST06975,Michelle Bauer,stephanie90@example.com,42,Female,Technology,Europe,51-200,Enterprise,2020-07-22
CUST06976,Thomas Stanley,stephanie98@example.net,54,Male,Education,North America,11-50,Premium,2020-07-02
CUST06977,Thomas Ford,stephaniecook@example.com,21,Male,Government & Public Sector,Asia-Pacific,51-200,Premium,2020-03-20
CUST06978,Jill Baldwin,stephaniefitzpatrick@example.net,49,Male,Financial Services,Australia & New Zealand,51-200,Free,2020-10-24
CUST06979,James Woods,stephanieflores@example.com,40,Female,Professional Services,North America,51-200,Premium,2020-08-25
CUST06980,Aaron Salazar,stephaniegarcia@example.net,51,Female,Professional Services,North America,501-1000,Enterprise,2021-04-25
CUST06981,Sylvia Russell,stephanieglenn@example.org,53,Male,Professional Services,North America,1000+,Free,2021-01-26
CUST06982,Maria Mathews,stephanieharris@example.com,25,Female,Professional Services,Australia & New Zealand,1000+,Standard,2020-09-05
CUST06983,Dylan Lutz,stephaniehenson@example.net,51,Male,Other,Asia-Pacific,201-500,Standard,2020-05-18
CUST06984,Pamela Arnold,stephanielewis@example.net,45,Female,Media & Communications,Other,11-50,Standard,2019-03-11
CUST06985,Danny Tate,stephanieryan@example.com,54,Female,Manufacturing,North America,11-50,Enterprise,2021-03-09
CUST06986,Tracy Bartlett,stephaniesanchez@example.com,61,Male,Healthcare,North America,11-50,Premium,2020-05-07
CUST06987,Adriana Warner,stephanieschroeder@example.org,18,Male,Financial Services,Australia & New Zealand,1000+,Premium,2020-04-22
CUST06988,Dr. Anna Martinez,stephaniestephens@example.org,28,Female,Manufacturing,North America,501-1000,Standard,2018-08-12
CUST06989,Meredith Cisneros,stephaniesuarez@example.org,23,Other,Professional Services,Europe,51-200,Free,2020-04-12
CUST06990,Adam Carlson,stephaniewood@example.com,39,Female,Government & Public Sector,Asia-Pacific,51-200,Free,2019-07-12
CUST06991,Ashley Stewart,stephen05@example.com,18,Other,Financial Services,Australia & New Zealand,11-50,Free,2020-09-30
CUST06992,Taylor Ramirez,stephen30@example.com,22,Female,Government & Public Sector,Other,501-1000,Free,2019-02-26
CUST06993,Stacey Blackburn,stephen39@example.com,69,Female,Financial Services,North America,51-200,Standard,2021-08-06
CUST06994,Roger Lambert,stephen41@example.net,43,Other,Media & Communications,Australia & New Zealand,51-200,Standard,2020-07-21
CUST06995,Christopher Warner,stephen42@example.org,19,Other,Government & Public Sector,Asia-Pacific,11-50,Free,2019-04-08
CUST06996,Justin Castillo,stephen46@example.org,62,Other,Retail,Asia-Pacific,201-500,Standard,2021-11-01
CUST06997,Justin Richardson,stephen48@example.net,34,Female,Healthcare,North America,11-50,Standard,2020-11-27
CUST06998,Thomas Mcfarland,stephen72@example.net,48,Other,Technology,Australia & New Zealand,51-200,Standard,2018-11-03
CUST06999,Lisa Herman,stephen75@example.org,24,Female,Professional Services,Asia-Pacific,11-50,Enterprise,2020-03-21
CUST07000,Timothy Arellano,stephen96@example.org,36,Female,Professional Services,North America,51-200,Premium,2021-01-15
CUST07001,Veronica Moore,stephenbryant@example.com,65,Other,Other,North America,201-500,Standard,2021-06-23
CUST07002,Thomas Brown,stephendavidson@example.net,47,Male,Retail,North America,201-500,Premium,2020-06-22
CUST07003,Megan Singh,stephenhunter@example.com,50,Female,Technology,Europe,201-500,Standard,2020-06-23
CUST07004,Darrell Chung,stephenjensen@example.com,55,Male,Retail,North America,201-500,Free,2019-06-04
CUST07005,Michael Fuller,stephenklein@example.org,64,Male,Technology,Australia & New Zealand,201-500,Standard,2020-08-29
CUST07006,Suzanne Miller,stephenperry@example.com,39,Male,Government & Public Sector,Australia & New Zealand,201-500,Standard,2020-01-12
CUST07007,Heather White,stephenreynolds@example.org,60,Female,Professional Services,Asia-Pacific,51-200,Premium,2019-09-24
CUST07008,Amanda Gray,stephenslogan@example.org,46,Male,Media & Communications,Asia-Pacific,501-1000,Premium,2020-08-08
CUST07009,Hayden Foster,stephensonreginald@example.org,57,Other,Retail,North America,51-200,Standard,2020-06-09
CUST07010,Steven Foster,steveharris@example.net,57,Male,Retail,North America,11-50,Standard,2020-08-11
CUST07011,Richard Stevenson,steven07@example.net,51,Male,Government & Public Sector,Asia-Pacific,501-1000,Premium,2021-06-14
CUST07012,Jacob Key,steven13@example.com,66,Male,Financial Services,Asia-Pacific,201-500,Premium,2020-10-02
CUST07013,Molly Ramos,steven13@example.org,36,Other,Technology,Europe,11-50,Premium,2020-06-26
CUST07014,Larry Brady,steven18@example.com,36,Female,Technology,Europe,501-1000,Standard,2020-07-16
CUST07015,Juan Marshall,steven21@example.org,44,Other,Manufacturing,Australia & New Zealand,201-500,Standard,2021-10-12
CUST07016,Craig Taylor,steven24@example.com,21,Female,Technology,North America,1000+,Standard,2021-05-31
CUST07017,John Price,steven33@example.com,38,Male,Technology,North America,201-500,Standard,2021-04-15
CUST07018,William Kennedy,steven38@example.org,70,Other,Technology,Australia & New Zealand,51-200,Standard,2019-11-23
CUST07019,Vickie Johnson,steven40@example.org,47,Male,Government & Public Sector,Australia & New Zealand,501-1000,Standard,2020-08-14
CUST07020,Katherine Fleming,steven46@example.org,25,Female,Professional Services,Australia & New Zealand,51-200,Premium,2019-06-06
CUST07021,Jonathan Wilson,steven52@example.com,38,Female,Technology,North America,11-50,Free,2020-10-02
CUST07022,Catherine James,steven52@example.net,28,Other,Technology,North America,11-50,Premium,2020-05-30
CUST07023,Sierra Murray,steven58@example.com,50,Female,Media & Communications,Europe,501-1000,Standard,2020-01-24
CUST07024,Tanya Grant,steven58@example.net,61,Female,Retail,Asia-Pacific,1-10,Standard,2020-05-13
CUST07025,Vanessa Townsend,steven61@example.org,22,Male,Professional Services,Australia & New Zealand,11-50,Standard,2019-08-21
CUST07026,Johnathan Kelley,steven65@example.org,70,Male,Financial Services,Asia-Pacific,51-200,Premium,2019-11-05
CUST07027,Jillian Harris,steven69@example.com,33,Male,Technology,Australia & New Zealand,201-500,Standard,2020-10-10
CUST07028,Dale Luna,steven69@example.org,19,Female,Professional Services,Australia & New Zealand,1000+,Free,2021-03-30
CUST07029,Becky Evans,steven73@example.org,32,Female,Other,Asia-Pacific,1-10,Enterprise,2020-12-12
CUST07030,Tiffany Floyd,steven84@example.com,33,Other,Technology,Australia & New Zealand,1000+,Premium,2020-03-17
CUST07031,Beth Weaver,steven90@example.org,33,Male,Financial Services,Australia & New Zealand,11-50,Standard,2018-08-04
CUST07032,Robert Bell,steven95@example.org,44,Male,Education,Australia & New Zealand,51-200,Premium,2019-10-11
CUST07033,Mr. Jeremy Wilson,steven97@example.com,49,Male,Retail,Europe,51-200,Standard,2020-06-13
CUST07034,Amy Hayes,stevenbarr@example.com,47,Male,Professional Services,North America,51-200,Enterprise,2020-10-09
CUST07035,Tyler Weaver,stevenbrewer@example.net,62,Female,Education,Australia & New Zealand,51-200,Free,2020-02-26
CUST07036,Michael Oneal,stevenburns@example.net,33,Other,Media & Communications,Australia & New Zealand,51-200,Premium,2021-07-10
CUST07037,Wayne Black,stevenbutler@example.net,20,Male,Media & Communications,North America,501-1000,Standard,2020-03-06
CUST07038,Teresa Jimenez,stevenchen@example.net,25,Male,Healthcare,North America,11-50,Free,2019-05-22
CUST07039,Mr. Jordan Tapia,stevenfisher@example.com,29,Male,Government & Public Sector,North America,11-50,Standard,2020-11-08
CUST07040,Ann Parks,stevengalvan@example.net,58,Other,Technology,Europe,11-50,Premium,2019-12-16
CUST07041,Donna Castillo,stevengarcia@example.com,40,Female,Technology,Europe,51-200,Standard,2020-11-12
CUST07042,Angela Jacobs,stevengibson@example.org,50,Male,Technology,North America,51-200,Premium,2020-02-11
CUST07043,Heather Anderson,stevenherrera@example.com,60,Male,Financial Services,Asia-Pacific,501-1000,Premium,2019-10-26
CUST07044,Robert Matthews,stevenjohnson@example.com,36,Male,Media & Communications,Australia & New Zealand,1-10,Enterprise,2020-01-31
CUST07045,Seth Johnson,stevenmiller@example.net,39,Other,Other,Australia & New Zealand,51-200,Premium,2020-07-06
CUST07046,Julie Carter,stevennixon@example.net,65,Other,Professional Services,Australia & New Zealand,11-50,Enterprise,2019-09-07
CUST07047,Tiffany Johnson,stevensamanda@example.org,56,Other,Government & Public Sector,Europe,201-500,Standard,2020-05-09
CUST07048,Stephen Zhang,stevensdaniel@example.net,62,Male,Media & Communications,Australia & New Zealand,11-50,Standard,2021-06-05
CUST07049,Mathew Gonzales,stevensjames@example.net,40,Male,Technology,Australia & New Zealand,1-10,Enterprise,2021-04-04
CUST07050,Sophia Morgan,stevensonnatalie@example.org,53,Other,Technology,North America,51-200,Free,2019-09-14
CUST07051,Molly Garcia,stevenssherry@example.net,56,Other,Technology,Europe,51-200,Free,2020-04-20
CUST07052,Eddie Stewart,stewartblake@example.com,28,Male,Manufacturing,Asia-Pacific,11-50,Enterprise,2019-08-19
CUST07053,Mr. Marvin Berry DDS,stewartdeanna@example.com,33,Female,Financial Services,Australia & New Zealand,51-200,Enterprise,2019-06-19
CUST07054,Susan Smith,stewartjohn@example.com,59,Other,Professional Services,Europe,501-1000,Standard,2019-06-16
CUST07055,Seth Key,stewartlaurie@example.com,49,Other,Financial Services,Australia & New Zealand,11-50,Standard,2019-01-08
CUST07056,Cheryl Whitehead,stewartmackenzie@example.org,53,Male,Professional Services,North America,1-10,Free,2019-12-03
CUST07057,Jennifer Greer,stewartsamantha@example.com,23,Female,Financial Services,North America,501-1000,Standard,2019-12-03
CUST07058,Colin Ryan,stewartsteven@example.net,38,Female,Technology,Australia & New Zealand,1-10,Standard,2018-11-11
CUST07059,Carolyn Anthony,sthomas@example.org,30,Female,Education,Asia-Pacific,51-200,Standard,2020-01-30
CUST07060,Mr. Anthony Booth,sthompson@example.com,61,Other,Healthcare,Australia & New Zealand,11-50,Standard,2019-07-06
CUST07061,Gary Perez,sthompson@example.net,42,Female,Other,Europe,201-500,Premium,2020-05-25
CUST07062,Ricky Rodriguez,stonechristopher@example.com,52,Female,Technology,Europe,51-200,Enterprise,2020-06-24
CUST07063,Nancy Oneal,stonemelanie@example.org,33,Male,Professional Services,Asia-Pacific,11-50,Standard,2020-02-28
CUST07064,Eric Myers,storres@example.org,54,Female,Financial Services,North America,11-50,Premium,2020-09-29
CUST07065,Colton Dean,stoutmonica@example.com,34,Other,Manufacturing,North America,201-500,Premium,2019-10-25
CUST07066,Jose Reynolds,stricklandjames@example.com,42,Other,Financial Services,Europe,501-1000,Enterprise,2020-04-08
CUST07067,Denise Horne,stricklandnicholas@example.org,52,Male,Professional Services,Australia & New Zealand,1000+,Premium,2020-11-29
CUST07068,Jessica Allison,stricklandstephanie@example.com,53,Male,Education,Europe,501-1000,Standard,2018-08-02
CUST07069,Gregory Hall,strongbailey@example.net,47,Female,Technology,Australia & New Zealand,11-50,Standard,2021-09-30
CUST07070,Diane Collins,strongraymond@example.com,48,Other,Other,Europe,51-200,Free,2019-06-18
CUST07071,Gabriel Jones,sueobrien@example.com,64,Other,Professional Services,Australia & New Zealand,51-200,Free,2020-09-23
CUST07072,George Scott,sullivanashley@example.org,26,Male,Retail,Asia-Pacific,11-50,Standard,2019-06-08
CUST07073,Sharon Dyer,sullivancarrie@example.org,68,Male,Financial Services,Australia & New Zealand,1-10,Free,2018-10-11
CUST07074,Robert Hanna DDS,sullivandiamond@example.org,67,Female,Technology,Australia & New Zealand,1000+,Standard,2020-08-21
CUST07075,Patricia Shannon,sullivannicholas@example.net,25,Female,Retail,Asia-Pacific,51-200,Premium,2020-07-18
CUST07076,Ryan Casey,sullivanshannon@example.net,50,Other,Healthcare,Australia & New Zealand,11-50,Standard,2020-10-22
CUST07077,Jose Davis,sullivanshannon@example.org,18,Other,Manufacturing,Europe,11-50,Standard,2020-12-11
CUST07078,William Aguirre,summerlee@example.com,34,Female,Professional Services,Other,51-200,Premium,2020-05-03
CUST07079,Paula Anderson,summerpatterson@example.net,30,Male,Retail,Europe,201-500,Enterprise,2020-02-19
CUST07080,Jason Wagner,summersdavid@example.com,49,Other,Media & Communications,North America,51-200,Standard,2021-02-09
CUST07081,Monica Wilson,susan01@example.com,41,Female,Healthcare,Australia & New Zealand,1-10,Free,2020-06-30
CUST07082,Eric White,susan07@example.net,27,Male,Government & Public Sector,Australia & New Zealand,501-1000,Premium,2020-04-11
CUST07083,Denise Smith MD,susan14@example.net,42,Male,Technology,Australia & New Zealand,51-200,Premium,2021-02-09
CUST07084,Amber Miller,susan23@example.net,19,Other,Healthcare,Other,11-50,Standard,2020-03-29
CUST07085,Ashley Everett,susan29@example.com,45,Female,Technology,Asia-Pacific,201-500,Standard,2020-06-14
CUST07086,Johnny Cook,susan37@example.net,59,Other,Education,Europe,11-50,Enterprise,2019-10-08
CUST07087,Brandon Rhodes,susan46@example.org,52,Male,Technology,North America,51-200,Free,2021-05-14
CUST07088,Rebecca Schmidt,susan55@example.com,26,Male,Professional Services,Other,11-50,Premium,2020-08-14
CUST07089,Brandy Brown,susan57@example.com,60,Male,Retail,North America,1000+,Free,2019-12-05
CUST07090,Brittany Gonzalez,susan68@example.org,28,Female,Professional Services,North America,11-50,Free,2021-11-20
CUST07091,Paul Hayes,susan97@example.com,19,Other,Technology,Australia & New Zealand,51-200,Premium,2019-07-13
CUST07092,Brian White,susanarmstrong@example.net,54,Female,Professional Services,Australia & New Zealand,11-50,Standard,2020-03-25
CUST07093,Danielle Martin,susanbailey@example.org,31,Other,Media & Communications,North America,11-50,Standard,2020-06-06
CUST07094,Kathleen Mckenzie,susancarr@example.org,33,Other,Technology,Asia-Pacific,1000+,Free,2019-06-02
CUST07095,Jill Frey,susangonzales@example.net,36,Male,Healthcare,Europe,1000+,Enterprise,2020-12-04
CUST07096,Renee Gonzalez,susanwagner@example.org,20,Male,Professional Services,North America,201-500,Standard,2020-08-29
CUST07097,Jennifer Hanson,susanwhite@example.com,44,Male,Technology,Australia & New Zealand,51-200,Standard,2019-01-20
CUST07098,Mark Harrison,susanwilkinson@example.org,28,Female,Education,North America,51-200,Enterprise,2020-06-08
CUST07099,Sheila Lewis,susanwilson@example.org,49,Other,Technology,Australia & New Zealand,51-200,Standard,2020-03-16
CUST07100,George Johnson,suttonjames@example.net,64,Female,Media & Communications,Europe,51-200,Standard,2021-09-03
CUST07101,Jennifer Jordan,suzanne30@example.org,26,Male,Financial Services,Australia & New Zealand,501-1000,Free,2020-12-09
CUST07102,Jason Mills,suzanneavery@example.com,19,Male,Education,Europe,1000+,Free,2019-11-06
CUST07103,Randall Lester,suzannecollins@example.org,64,Other,Financial Services,North America,1000+,Enterprise,2020-06-08
CUST07104,Theresa Gordon,suzannegarrett@example.com,53,Female,Healthcare,Asia-Pacific,501-1000,Standard,2020-01-23
CUST07105,Jesse Silva,suzannelarson@example.com,50,Male,Technology,North America,51-200,Premium,2019-06-11
CUST07106,Casey Taylor,suzanneortiz@example.net,45,Other,Other,North America,51-200,Free,2018-11-25
CUST07107,Christy Chapman,svelez@example.com,19,Male,Technology,North America,11-50,Standard,2019-05-17
CUST07108,Christopher Herrera,svillegas@example.net,61,Female,Retail,North America,51-200,Premium,2020-03-04
CUST07109,Regina Espinoza,swansonrebecca@example.com,53,Other,Professional Services,Europe,51-200,Premium,2019-01-18
CUST07110,David Anderson,swiggins@example.net,53,Other,Retail,Europe,1-10,Enterprise,2020-02-01
CUST07111,Daniel Brooks,swilson@example.org,69,Male,Manufacturing,Europe,1000+,Premium,2020-01-31
CUST07112,Robert Allison,swood@example.com,25,Other,Technology,Europe,51-200,Free,2021-01-25
CUST07113,Jennifer Gonzalez,sydney90@example.com,26,Male,Technology,Asia-Pacific,1-10,Free,2020-06-29
CUST07114,Andrea Cruz,sydneymoss@example.org,42,Male,Other,Australia & New Zealand,1000+,Standard,2018-08-29
CUST07115,Dustin Woods,sydneyyang@example.com,54,Other,Technology,Asia-Pacific,201-500,Premium,2019-09-22
CUST07116,Warren Sutton,sylviaconrad@example.net,53,Female,Healthcare,Europe,1000+,Standard,2020-02-12
CUST07117,Mr. Johnathan Wolfe,sylviawilson@example.com,19,Other,Retail,North America,51-200,Premium,2021-07-14
CUST07118,Donald Gilbert,szavala@example.net,38,Male,Media & Communications,Europe,501-1000,Premium,2020-11-12
CUST07119,Ryan Bonilla,tamara22@example.net,35,Male,Technology,North America,51-200,Premium,2020-08-21
CUST07120,Aaron Hensley,tamara40@example.org,65,Female,Manufacturing,North America,51-200,Free,2020-10-29
CUST07121,Diana Harrington,tamarastephens@example.com,67,Male,Media & Communications,North America,51-200,Free,2021-11-02
CUST07122,Ann Martinez,tamiadkins@example.com,69,Female,Professional Services,Australia & New Zealand,51-200,Premium,2021-02-13
CUST07123,Miss Natalie Rios,tamiconway@example.net,25,Other,Technology,Asia-Pacific,201-500,Standard,2019-05-19
CUST07124,Jennifer Nelson,tammiekrueger@example.org,38,Female,Technology,North America,11-50,Premium,2020-05-09
CUST07125,Brad Young,tammiesanders@example.com,47,Other,Technology,Europe,11-50,Free,2019-11-01
CUST07126,Perry King,tammy01@example.net,53,Female,Technology,Europe,201-500,Standard,2020-02-13
CUST07127,Robert Smith,tammy22@example.net,39,Other,Government & Public Sector,North America,11-50,Enterprise,2020-01-16
CUST07128,Joseph Rose,tammy38@example.com,24,Other,Healthcare,Asia-Pacific,51-200,Standard,2019-02-11
CUST07129,Sheri Larson,tammy45@example.org,51,Female,Education,Australia & New Zealand,51-200,Standard,2019-04-23
CUST07130,Nathan Blankenship,tammy63@example.com,34,Male,Professional Services,Europe,51-200,Enterprise,2019-04-19
CUST07131,Anne Levy,tammygarza@example.com,56,Other,Technology,Australia & New Zealand,201-500,Standard,2020-04-12
CUST07132,Cheryl Collins,tammyjohnson@example.net,53,Male,Healthcare,Asia-Pacific,1000+,Free,2020-08-01
CUST07133,Tyler Obrien,tammymoss@example.org,69,Male,Professional Services,Australia & New Zealand,51-200,Standard,2019-01-18
CUST07134,David Humphrey,tammymullins@example.org,46,Female,Professional Services,Australia & New Zealand,201-500,Standard,2020-06-19
CUST07135,Dawn Rasmussen,tammyparker@example.com,44,Female,Professional Services,Europe,201-500,Standard,2019-05-09
CUST07136,Renee Lynch,tammyward@example.org,49,Female,Media & Communications,Asia-Pacific,51-200,Premium,2020-05-13
CUST07137,Nancy Richards,tanner23@example.org,68,Other,Financial Services,Australia & New Zealand,201-500,Premium,2021-03-26
CUST07138,Nina Bell,tannermaria@example.org,63,Male,Financial Services,Asia-Pacific,51-200,Standard,2020-11-28
CUST07139,Douglas Simpson,tannerwilliams@example.net,53,Other,Professional Services,North America,1-10,Free,2019-01-09
CUST07140,Tracy Baldwin,tanya25@example.com,26,Other,Technology,North America,1000+,Free,2019-07-05
CUST07141,Michael Rhodes,tanya29@example.org,70,Other,Government & Public Sector,North America,1000+,Free,2021-07-04
CUST07142,Robert Farley,tanya84@example.net,64,Other,Healthcare,North America,1000+,Free,2020-10-16
CUST07143,Sara Anderson,tanya98@example.net,60,Male,Manufacturing,Other,201-500,Free,2019-08-28
CUST07144,Melanie Stewart,tanyacarr@example.net,63,Other,Technology,Europe,11-50,Free,2020-08-02
CUST07145,Melissa Gonzalez,tanyadickerson@example.net,49,Female,Retail,Asia-Pacific,1000+,Free,2021-07-24
CUST07146,Charles Smith,tanyahernandez@example.com,27,Female,Technology,North America,11-50,Enterprise,2019-08-09
CUST07147,Kristen Bonilla,tanyahill@example.net,22,Male,Technology,Australia & New Zealand,11-50,Standard,2021-03-23
CUST07148,Robert Miller,tanyajackson@example.net,44,Female,Technology,Australia & New Zealand,1000+,Free,2019-12-19
CUST07149,Brooke Holmes,tanyamiller@example.com,30,Male,Education,Europe,201-500,Premium,2018-09-07
CUST07150,Matthew Fernandez,tanyastephens@example.org,59,Other,Manufacturing,Europe,51-200,Premium,2019-05-06
CUST07151,Emily Little,tanyathomas@example.net,33,Male,Healthcare,North America,11-50,Premium,2019-09-26
CUST07152,Gregory Rowe,tapiamelanie@example.org,34,Male,Professional Services,Europe,51-200,Premium,2021-07-01
CUST07153,Kevin Owens,tara53@example.net,68,Female,Retail,North America,51-200,Standard,2020-05-19
CUST07154,Ethan Hood,tara82@example.org,21,Male,Government & Public Sector,North America,51-200,Standard,2020-12-17
CUST07155,Anthony Rivera,tarajones@example.com,20,Female,Technology,North America,51-200,Premium,2020-08-28
CUST07156,Gregory Holloway,tarapittman@example.net,57,Female,Professional Services,Europe,11-50,Standard,2020-02-20
CUST07157,Laura Martinez,tashahammond@example.com,52,Other,Government & Public Sector,Europe,1-10,Premium,2020-05-16
CUST07158,Adam Johnson,tashley@example.net,48,Male,Professional Services,Australia & New Zealand,51-200,Enterprise,2021-03-13
CUST07159,Jay Jordan,tatechristopher@example.org,48,Female,Financial Services,Asia-Pacific,1000+,Standard,2019-10-24
CUST07160,Brian White,taylor01@example.com,24,Male,Financial Services,North America,501-1000,Free,2019-08-08
CUST07161,Amy Lara,taylor02@example.org,69,Female,Education,Australia & New Zealand,51-200,Premium,2020-03-25
CUST07162,Ashley Neal,taylor05@example.com,68,Other,Healthcare,Europe,201-500,Standard,2018-12-05
CUST07163,Denise Lowe,taylor39@example.com,65,Other,Technology,Australia & New Zealand,11-50,Standard,2020-08-21
CUST07164,Elizabeth Sandoval,taylor61@example.net,50,Male,Technology,Australia & New Zealand,201-500,Premium,2019-01-31
CUST07165,Whitney Anderson,taylor75@example.net,45,Other,Manufacturing,Asia-Pacific,51-200,Enterprise,2020-07-12
CUST07166,Brandi Willis,tayloralison@example.com,69,Female,Media & Communications,Australia & New Zealand,11-50,Enterprise,2021-08-28
CUST07167,Karen Rojas,tayloramber@example.org,58,Other,Technology,Europe,51-200,Enterprise,2019-02-05
CUST07168,April Castillo,taylorcynthia@example.net,56,Other,Government & Public Sector,Australia & New Zealand,11-50,Premium,2020-12-05
CUST07169,Robin Hill,taylorcynthia@example.org,59,Other,Financial Services,Australia & New Zealand,51-200,Free,2019-10-19
CUST07170,Mrs. Lindsay Huff,taylordouglas@example.com,53,Female,Financial Services,Europe,51-200,Standard,2019-12-16
CUST07171,Christopher Martinez,taylorelizabeth@example.net,67,Other,Healthcare,Europe,51-200,Premium,2021-01-05
CUST07172,Daniel Diaz,tayloreric@example.net,38,Male,Government & Public Sector,Asia-Pacific,11-50,Standard,2019-10-30
CUST07173,Mrs. Madison Thompson MD,taylorjames@example.com,41,Female,Retail,Asia-Pacific,11-50,Premium,2019-08-20
CUST07174,David Hall,taylorjason@example.net,44,Other,Healthcare,Other,501-1000,Premium,2019-12-17
CUST07175,Katherine Coleman,taylorjones@example.org,62,Other,Education,Australia & New Zealand,1000+,Standard,2020-06-02
CUST07176,Tina Nichols,taylorjoseph@example.net,59,Female,Education,Asia-Pacific,11-50,Free,2019-06-23
CUST07177,Gary Archer,taylorluna@example.com,60,Other,Government & Public Sector,North America,51-200,Standard,2020-05-19
CUST07178,Melissa Sanchez,taylormccormick@example.com,33,Female,Financial Services,Europe,51-200,Standard,2020-05-19
CUST07179,Gordon Banks,taylorreyes@example.com,57,Female,Other,Asia-Pacific,51-200,Premium,2021-01-17
CUST07180,David Hernandez,taylorsierra@example.com,27,Female,Professional Services,Europe,51-200,Premium,2019-03-26
CUST07181,Frank Shannon,taylorstephanie@example.net,55,Female,Manufacturing,Europe,1-10,Free,2021-05-03
CUST07182,Jose Glenn,taylorstephen@example.com,53,Other,Manufacturing,Australia & New Zealand,1-10,Enterprise,2021-01-28
CUST07183,Natalie Gonzalez,tbates@example.com,60,Other,Retail,North America,11-50,Premium,2019-11-03
CUST07184,Jessica Harris,tbeck@example.org,54,Female,Technology,Europe,51-200,Standard,2021-01-30
CUST07185,James Williams,tbooker@example.net,36,Female,Manufacturing,Australia & New Zealand,51-200,Standard,2021-07-02
CUST07186,Kelly Guerrero,tboyer@example.org,43,Male,Retail,Australia & New Zealand,11-50,Standard,2019-09-02
CUST07187,Ryan Freeman,tbrennan@example.org,58,Male,Technology,Australia & New Zealand,501-1000,Standard,2019-08-04
CUST07188,Samantha Jenkins,tbrown@example.net,47,Female,Technology,Europe,51-200,Standard,2019-07-01
CUST07189,Sally Hartman,tbutler@example.net,29,Male,Government & Public Sector,North America,1000+,Enterprise,2019-12-24
CUST07190,Melinda Sims,tcardenas@example.com,33,Other,Other,North America,201-500,Free,2020-04-17
CUST07191,Jose Williams,tcarey@example.com,61,Other,Technology,Asia-Pacific,51-200,Standard,2020-12-06
CUST07192,Isaac Allen,tcastillo@example.org,35,Male,Manufacturing,Australia & New Zealand,1-10,Enterprise,2019-10-09
CUST07193,Nathan Daniels,tchang@example.org,21,Female,Financial Services,Asia-Pacific,51-200,Premium,2019-05-05
CUST07194,Lydia Golden,tcole@example.net,44,Male,Government & Public Sector,Asia-Pacific,51-200,Premium,2020-09-17
CUST07195,Amanda Smith,tcooper@example.com,30,Female,Professional Services,Asia-Pacific,51-200,Standard,2020-09-28
CUST07196,Stephanie Rodriguez,tdiaz@example.com,52,Other,Manufacturing,Australia & New Zealand,11-50,Standard,2020-12-01
CUST07197,Cynthia Snow,tdiaz@example.org,45,Female,Technology,Australia & New Zealand,51-200,Standard,2019-10-17
CUST07198,Jeff Schaefer,tdickerson@example.net,62,Male,Government & Public Sector,Australia & New Zealand,201-500,Free,2019-10-17
CUST07199,William Norman,tdonaldson@example.org,39,Other,Retail,North America,201-500,Standard,2020-12-09
CUST07200,Mrs. Danielle Johnson,tdunn@example.net,70,Female,Financial Services,North America,1-10,Standard,2019-06-05
CUST07201,Gerald Maldonado,teresa45@example.org,21,Other,Retail,Australia & New Zealand,11-50,Free,2020-11-03
CUST07202,Thomas Smith,teresa76@example.org,61,Other,Other,North America,11-50,Standard,2020-12-30
CUST07203,Brandon Mathews,teresa96@example.com,24,Male,Professional Services,Europe,201-500,Standard,2020-07-01
CUST07204,Tiffany Dyer,teresabutler@example.net,61,Male,Manufacturing,Europe,51-200,Free,2019-04-21
CUST07205,Wanda Orr,teresaevans@example.org,59,Male,Retail,North America,201-500,Free,2019-04-26
CUST07206,Michaela Baldwin,teresaheath@example.net,63,Other,Technology,Australia & New Zealand,11-50,Enterprise,2019-01-27
CUST07207,Jay Moore,teresahoward@example.net,69,Other,Retail,Europe,1-10,Premium,2018-09-28
CUST07208,Joseph Ray,teresahuff@example.com,52,Other,Healthcare,Australia & New Zealand,51-200,Free,2020-06-15
CUST07209,Patricia Elliott,teresaortiz@example.com,54,Male,Retail,Europe,51-200,Standard,2020-03-12
CUST07210,Diana Bauer,terrancedavis@example.com,38,Female,Manufacturing,Europe,1000+,Premium,2020-06-13
CUST07211,Joshua Meyers,terrellrachel@example.net,24,Male,Professional Services,North America,11-50,Premium,2020-01-20
CUST07212,Chris Hayes,terrence58@example.org,49,Male,Healthcare,Europe,201-500,Premium,2019-07-11
CUST07213,Nicole Fitzpatrick,terrence88@example.org,40,Male,Government & Public Sector,North America,11-50,Enterprise,2019-11-01
CUST07214,Tiffany Stephenson,terri25@example.com,52,Other,Financial Services,Other,51-200,Free,2019-10-28
CUST07215,Shawna Webb MD,terri34@example.net,21,Other,Technology,Other,501-1000,Standard,2018-09-16
CUST07216,Melissa Thomas,terryethan@example.net,20,Male,Retail,Australia & New Zealand,11-50,Standard,2020-01-10
CUST07217,Darlene Armstrong,terryjessica@example.net,53,Male,Manufacturing,Europe,201-500,Standard,2020-09-06
CUST07218,Roberto Johnson,terryjohn@example.org,19,Female,Financial Services,Europe,51-200,Standard,2019-11-05
CUST07219,Donna Smith,terrykayla@example.com,59,Male,Government & Public Sector,North America,51-200,Standard,2019-05-16
CUST07220,Charles Davis,terrymontgomery@example.net,58,Female,Healthcare,Other,1000+,Enterprise,2020-11-12
CUST07221,Tara Stevenson,tevans@example.org,44,Male,Healthcare,Australia & New Zealand,11-50,Standard,2018-10-21
CUST07222,Sara Peterson,tfernandez@example.com,61,Male,Government & Public Sector,Asia-Pacific,11-50,Enterprise,2018-10-27
CUST07223,Dorothy Wilson,tflores@example.net,38,Male,Other,Europe,1-10,Premium,2020-05-13
CUST07224,Olivia Nunez,tgallegos@example.org,39,Female,Technology,Asia-Pacific,1000+,Premium,2021-03-17
CUST07225,Kathleen Abbott,tgarcia@example.net,19,Other,Government & Public Sector,Europe,51-200,Premium,2020-07-06
CUST07226,Anthony Wright,tgibson@example.net,48,Male,Retail,Asia-Pacific,11-50,Standard,2020-01-04
CUST07227,Nancy Roberts,tgomez@example.com,22,Male,Other,Australia & New Zealand,51-200,Free,2020-07-19
CUST07228,Brian Sparks,tgonzalez@example.org,63,Male,Technology,North America,51-200,Standard,2019-02-28
CUST07229,Aaron Morales,tgregory@example.net,63,Female,Manufacturing,Europe,51-200,Free,2019-11-03
CUST07230,David Barrett,tgriffin@example.org,58,Male,Financial Services,Australia & New Zealand,201-500,Premium,2020-01-05
CUST07231,Michelle Pierce,thansen@example.net,66,Other,Technology,Australia & New Zealand,201-500,Premium,2018-12-27
CUST07232,Sandra Maldonado,thardin@example.net,32,Male,Other,North America,51-200,Standard,2019-05-29
CUST07233,Kevin Mitchell,tharmon@example.net,61,Male,Technology,North America,1000+,Enterprise,2019-06-22
CUST07234,Chelsea West,tharris@example.com,54,Other,Retail,Australia & New Zealand,11-50,Premium,2021-01-31
CUST07235,Jesse Harris,tharris@example.org,58,Female,Media & Communications,North America,51-200,Standard,2020-02-20
CUST07236,Rebekah Shaw,thaynes@example.com,28,Female,Financial Services,Asia-Pacific,1000+,Premium,2020-07-22
CUST07237,Darrell Cook,theresa00@example.net,70,Male,Financial Services,Asia-Pacific,11-50,Premium,2020-03-11
CUST07238,Joanne Lynch,theresa07@example.com,33,Other,Professional Services,Australia & New Zealand,51-200,Premium,2021-05-21
CUST07239,John Dixon,theresa21@example.net,21,Female,Retail,Other,51-200,Standard,2020-04-13
CUST07240,Susan Webster,theresa57@example.org,39,Other,Healthcare,Australia & New Zealand,201-500,Standard,2019-08-07
CUST07241,Nancy Roth,theresa82@example.org,54,Other,Technology,Europe,1-10,Premium,2020-08-19
CUST07242,Tammy Baker,theresabrown@example.net,44,Female,Professional Services,Asia-Pacific,1-10,Free,2020-06-01
CUST07243,William Mckinney,theresadennis@example.net,63,Female,Professional Services,Europe,201-500,Standard,2021-01-10
CUST07244,Victor Ramirez,theresagarcia@example.com,26,Other,Manufacturing,Europe,51-200,Standard,2020-08-18
CUST07245,Melissa Holder,theresagraham@example.org,35,Male,Government & Public Sector,Other,11-50,Premium,2021-03-16
CUST07246,Rachel Wilson,theresamartinez@example.com,40,Female,Manufacturing,Other,201-500,Standard,2021-02-10
CUST07247,Kathleen Zimmerman,thernandez@example.org,46,Male,Education,Australia & New Zealand,1000+,Standard,2018-10-31
CUST07248,Charles Hernandez,thill@example.net,65,Other,Manufacturing,North America,201-500,Free,2021-04-07
CUST07249,William Callahan,thogan@example.org,45,Female,Professional Services,Australia & New Zealand,201-500,Standard,2021-09-04
CUST07250,Dennis Bates,thomas05@example.com,45,Female,Manufacturing,Asia-Pacific,1-10,Premium,2020-04-17
CUST07251,Anita Roberts,thomas15@example.net,38,Male,Education,Australia & New Zealand,1000+,Enterprise,2021-05-06
CUST07252,Megan Mckinney,thomas22@example.com,47,Female,Education,Asia-Pacific,201-500,Standard,2020-01-27
CUST07253,Andrew Stone,thomas22@example.net,45,Female,Technology,Europe,1-10,Premium,2020-05-08
CUST07254,Richard Walker,thomas32@example.com,43,Female,Financial Services,Australia & New Zealand,51-200,Standard,2021-05-31
CUST07255,Lauren Williams,thomas32@example.net,64,Female,Retail,Australia & New Zealand,201-500,Standard,2020-11-21
CUST07256,Christopher Eaton,thomas36@example.org,28,Female,Retail,Australia & New Zealand,501-1000,Premium,2020-06-14
CUST07257,Bruce Moore,thomas37@example.net,41,Other,Professional Services,Europe,11-50,Enterprise,2021-03-28
CUST07258,Savannah Ayala,thomas38@example.com,19,Other,Media & Communications,Australia & New Zealand,1000+,Enterprise,2021-07-29
CUST07259,Carol Preston,thomas42@example.org,58,Other,Other,Australia & New Zealand,51-200,Free,2019-12-30
CUST07260,Katie Johnson,thomas46@example.net,44,Male,Retail,Asia-Pacific,501-1000,Standard,2019-07-11
CUST07261,Melissa Burnett,thomas54@example.org,44,Other,Financial Services,Australia & New Zealand,201-500,Free,2020-06-21
CUST07262,Sarah Ramirez,thomas55@example.net,49,Other,Retail,Asia-Pacific,51-200,Standard,2020-04-16
CUST07263,Shane Gomez,thomas57@example.com,33,Female,Financial Services,North America,11-50,Free,2020-11-09
CUST07264,Lance Warner,thomas57@example.org,46,Male,Media & Communications,North America,1000+,Enterprise,2018-08-17
CUST07265,Shannon Perez,thomas58@example.org,21,Female,Technology,Australia & New Zealand,51-200,Standard,2020-09-08
CUST07266,Kevin Harper,thomas65@example.com,67,Male,Education,Europe,51-200,Standard,2021-01-31
CUST07267,Brian Murray,thomas73@example.net,67,Female,Education,Australia & New Zealand,501-1000,Free,2019-09-15
CUST07268,Jill Hayes,thomas78@example.org,20,Female,Education,Australia & New Zealand,11-50,Standard,2020-04-26
CUST07269,Sara Camacho,thomas87@example.net,66,Other,Healthcare,North America,11-50,Free,2020-11-23
CUST07270,Erik Hicks,thomas94@example.net,44,Other,Financial Services,Asia-Pacific,11-50,Standard,2020-07-30
CUST07271,Amanda Higgins,thomas94@example.org,63,Female,Retail,Other,1000+,Standard,2019-02-26
CUST07272,Bill Gomez,thomasallen@example.net,58,Female,Professional Services,North America,1000+,Standard,2019-05-21
CUST07273,Eric Clark,thomasangela@example.net,61,Other,Media & Communications,Asia-Pacific,201-500,Standard,2020-05-26
CUST07274,Joseph Key,thomasbrenda@example.com,54,Female,Retail,Asia-Pacific,201-500,Free,2020-09-28
CUST07275,Michael Reyes,thomasbrown@example.com,65,Male,Other,Europe,11-50,Standard,2021-04-21
CUST07276,David Ritter,thomascarlson@example.org,58,Other,Financial Services,Australia & New Zealand,51-200,Standard,2021-02-10
CUST07277,Kayla Edwards,thomascharles@example.com,33,Male,Technology,Europe,51-200,Enterprise,2020-12-18
CUST07278,Jason Andersen,thomaschristian@example.net,57,Male,Retail,Europe,11-50,Free,2019-02-18
CUST07279,Matthew Hernandez,thomascollins@example.org,18,Male,Financial Services,Asia-Pacific,1000+,Standard,2018-11-17
CUST07280,Maurice Horne,thomasgordon@example.org,68,Female,Financial Services,North America,1-10,Enterprise,2018-07-14
CUST07281,Lacey Adkins,thomashamilton@example.com,42,Female,Government & Public Sector,Australia & New Zealand,1000+,Standard,2020-06-25
CUST07282,Joann Fisher,thomashoffman@example.org,52,Female,Technology,North America,201-500,Free,2019-09-27
CUST07283,Katherine Stone,thomashoover@example.net,54,Male,Retail,Europe,51-200,Enterprise,2020-02-23
CUST07284,Misty Mendez,thomasjoel@example.com,32,Male,Technology,Asia-Pacific,51-200,Premium,2019-03-07
CUST07285,Holly Thompson,thomasjohnson@example.com,54,Other,Retail,Europe,51-200,Premium,2019-07-03
CUST07286,Marie Fletcher,thomasjonathon@example.net,44,Female,Technology,Australia & New Zealand,1000+,Free,2019-08-20
CUST07287,Keith Dominguez,thomaskelly@example.net,55,Other,Manufacturing,Australia & New Zealand,11-50,Premium,2019-11-12
CUST07288,Stephen Byrd,thomaskristi@example.com,20,Male,Healthcare,North America,1000+,Standard,2020-04-07
CUST07289,Thomas Rios,thomasleslie@example.com,56,Male,Education,Australia & New Zealand,501-1000,Standard,2019-09-22
CUST07290,Mr. John Garcia DDS,thomasmaria@example.com,53,Female,Healthcare,Europe,1000+,Premium,2021-03-11
CUST07291,Steven Cardenas,thomasmark@example.com,42,Other,Other,Australia & New Zealand,11-50,Free,2019-07-23
CUST07292,Richard Bridges,thomasmedina@example.net,59,Other,Technology,Asia-Pacific,1000+,Enterprise,2021-06-07
CUST07293,Brandon Brown,thomasraymond@example.net,39,Female,Education,Asia-Pacific,1000+,Enterprise,2019-01-24
CUST07294,Karen Williams,thomasrivera@example.net,23,Male,Technology,Australia & New Zealand,501-1000,Premium,2019-02-26
CUST07295,Kevin Johnson,thomasrojas@example.org,23,Female,Technology,Australia & New Zealand,201-500,Standard,2020-11-05
CUST07296,John Jones,thomassanders@example.com,21,Other,Healthcare,Australia & New Zealand,501-1000,Free,2021-02-13
CUST07297,Donald Cross,thomassmith@example.net,37,Male,Technology,Australia & New Zealand,201-500,Standard,2019-10-08
CUST07298,Antonio Vasquez,thomasstephanie@example.net,25,Other,Technology,North America,201-500,Standard,2021-03-23
CUST07299,James Welch,thomasstone@example.net,52,Other,Manufacturing,Europe,201-500,Free,2020-06-02
CUST07300,Donna Collins,thomasteresa@example.com,28,Male,Professional Services,Australia & New Zealand,1-10,Standard,2021-04-28
CUST07301,Manuel Bauer,thomastiffany@example.com,64,Male,Professional Services,Europe,11-50,Standard,2020-07-27
CUST07302,Mrs. Latoya Garrison PhD,thomastucker@example.net,27,Male,Other,Australia & New Zealand,51-200,Premium,2021-07-31
CUST07303,Larry Bush,thomaswagner@example.net,66,Male,Manufacturing,Europe,501-1000,Premium,2018-11-28
CUST07304,Stacy Robinson,thomasward@example.org,28,Other,Financial Services,North America,1000+,Premium,2019-04-02
CUST07305,Anthony Kaufman,thomasyoung@example.net,53,Female,Retail,Asia-Pacific,201-500,Premium,2020-01-03
CUST07306,Kenneth Cruz,thompsonamanda@example.org,64,Female,Retail,Europe,1000+,Premium,2019-12-07
CUST07307,Daniel Hunt,thompsonbrent@example.com,64,Other,Government & Public Sector,Asia-Pacific,51-200,Free,2020-09-11
CUST07308,Jennifer Sanders,thompsondavid@example.org,63,Other,Media & Communications,North America,501-1000,Free,2020-01-20
CUST07309,Kevin Rodriguez,thompsonjoshua@example.net,33,Male,Education,Australia & New Zealand,11-50,Free,2020-11-07
CUST07310,Brian Morales,thompsonraymond@example.net,47,Male,Government & Public Sector,Europe,1000+,Free,2019-07-07
CUST07311,Ariel Lee,thompsonsamuel@example.org,54,Other,Professional Services,North America,501-1000,Free,2020-01-19
CUST07312,Benjamin Harris,thompsonsavannah@example.org,53,Male,Professional Services,Europe,11-50,Free,2020-01-28
CUST07313,Miss Donna Graham DDS,thompsontheodore@example.org,53,Male,Professional Services,North America,1-10,Standard,2018-12-08
CUST07314,Lisa Hayes,thompsonthomas@example.net,48,Male,Financial Services,Australia & New Zealand,11-50,Free,2021-04-08
CUST07315,Lacey Henry,thubbard@example.net,48,Male,Education,North America,1-10,Standard,2020-08-02
CUST07316,Mindy Medina,thuffman@example.com,26,Female,Healthcare,North America,11-50,Standard,2020-12-22
CUST07317,Mark Roach,thuffman@example.org,66,Male,Technology,Australia & New Zealand,501-1000,Premium,2020-07-27
CUST07318,Christine Eaton,tiffany06@example.com,47,Other,Other,North America,1-10,Standard,2020-10-12
CUST07319,Jennifer Alexander,tiffany58@example.com,40,Other,Technology,Europe,51-200,Standard,2019-02-28
CUST07320,Natalie Yang,tiffany64@example.org,57,Male,Financial Services,Australia & New Zealand,11-50,Standard,2021-10-14
CUST07321,Victoria Parker,tiffany87@example.com,57,Female,Technology,Australia & New Zealand,1000+,Standard,2018-12-17
CUST07322,Mary Elliott,tiffanycarey@example.com,60,Female,Other,Australia & New Zealand,11-50,Standard,2019-12-14
CUST07323,Kim Shaw,tiffanyjackson@example.com,53,Female,Media & Communications,Australia & New Zealand,501-1000,Free,2021-08-10
CUST07324,Cynthia Cole,tiffanymoody@example.org,47,Female,Technology,Australia & New Zealand,11-50,Free,2019-03-07
CUST07325,Stacy Harper,tiffanyromero@example.net,18,Other,Education,Europe,201-500,Premium,2019-10-02
CUST07326,Kevin Cox,tiffanysaunders@example.net,19,Other,Retail,Asia-Pacific,201-500,Free,2019-11-26
CUST07327,Ashley Rojas,tiffanyzuniga@example.com,52,Male,Government & Public Sector,Europe,501-1000,Standard,2021-03-19
CUST07328,Brendan Lang II,timothy22@example.com,65,Female,Technology,North America,51-200,Standard,2021-09-07
CUST07329,Christopher Owen,timothy29@example.net,42,Female,Retail,Europe,1-10,Standard,2019-08-09
CUST07330,Laura Marsh,timothy53@example.net,69,Female,Education,Australia & New Zealand,51-200,Premium,2020-02-11
CUST07331,Emily Logan,timothy60@example.net,32,Female,Professional Services,Australia & New Zealand,11-50,Premium,2018-10-19
CUST07332,Dawn Tucker,timothy65@example.com,61,Male,Education,North America,51-200,Free,2020-02-07
CUST07333,Jason Thomas,timothy67@example.org,24,Other,Government & Public Sector,Europe,501-1000,Premium,2020-03-20
CUST07334,Anita Robertson,timothy68@example.com,32,Other,Healthcare,Australia & New Zealand,51-200,Standard,2019-03-06
CUST07335,Tracy Gamble,timothy93@example.net,18,Male,Education,Asia-Pacific,11-50,Standard,2019-01-14
CUST07336,Jessica Armstrong,timothy97@example.org,18,Male,Technology,North America,201-500,Premium,2020-06-30
CUST07337,Eric Brown,timothy98@example.org,39,Other,Financial Services,Australia & New Zealand,1000+,Enterprise,2018-11-20
CUST07338,Jacob Yu,timothyballard@example.net,19,Male,Retail,North America,51-200,Standard,2019-02-06
CUST07339,Stephen Williams,timothyblackwell@example.com,19,Other,Education,North America,51-200,Premium,2020-12-02
CUST07340,Crystal Hahn,timothybutler@example.net,29,Other,Manufacturing,Australia & New Zealand,1-10,Free,2021-03-09
CUST07341,Adrienne Smith MD,timothygonzalez@example.org,22,Male,Healthcare,Australia & New Zealand,51-200,Enterprise,2021-05-26
CUST07342,Courtney Singleton,timothygreen@example.com,56,Other,Financial Services,North America,201-500,Standard,2021-09-15
CUST07343,Miss Linda Thornton,timothyhernandez@example.com,51,Female,Manufacturing,North America,201-500,Standard,2020-09-26
CUST07344,Cindy Huynh,timothyjohnson@example.com,22,Female,Professional Services,Europe,11-50,Standard,2019-07-12
CUST07345,Christine Roberts,timothykramer@example.net,50,Female,Education,Europe,501-1000,Standard,2019-12-18
CUST07346,Monica Curtis,timothylarson@example.org,34,Other,Technology,Europe,201-500,Enterprise,2020-01-15
CUST07347,Alex Rhodes,timothymccarthy@example.org,65,Female,Professional Services,Australia & New Zealand,11-50,Premium,2019-09-10
CUST07348,Cesar Brown,timothymurphy@example.net,46,Female,Technology,Europe,501-1000,Standard,2019-08-12
CUST07349,Krystal Blanchard,timothyramsey@example.com,68,Other,Other,Australia & New Zealand,1-10,Premium,2019-07-19
CUST07350,James Barber,timothyreese@example.com,49,Other,Professional Services,Europe,11-50,Standard,2019-07-22
CUST07351,Marcus Rice,tina56@example.com,55,Male,Professional Services,Australia & New Zealand,1-10,Standard,2021-09-23
CUST07352,Kenneth Johnson,tina63@example.com,24,Other,Education,Australia & New Zealand,51-200,Free,2020-04-02
CUST07353,Larry Watkins,tina81@example.net,34,Other,Financial Services,Asia-Pacific,11-50,Premium,2021-09-19
CUST07354,Danielle Barker,tinacampbell@example.com,38,Other,Education,North America,51-200,Premium,2020-08-06
CUST07355,Jacqueline Combs,tinadoyle@example.com,67,Female,Other,Asia-Pacific,51-200,Premium,2019-07-18
CUST07356,Larry Rivera,tinahughes@example.com,38,Female,Retail,Australia & New Zealand,201-500,Enterprise,2020-04-14
CUST07357,Christopher Peters,tinahughes@example.org,26,Other,Education,Australia & New Zealand,51-200,Standard,2019-10-08
CUST07358,Steven Stark,tinajames@example.org,63,Male,Technology,Australia & New Zealand,201-500,Standard,2020-06-13
CUST07359,Samantha Kennedy,tinalowe@example.com,64,Other,Technology,Europe,51-200,Premium,2020-09-26
CUST07360,Robert Atkins,tjames@example.com,45,Male,Technology,Europe,11-50,Premium,2020-09-07
CUST07361,Michael Garcia,tjensen@example.net,56,Female,Financial Services,Asia-Pacific,1-10,Free,2019-10-17
CUST07362,Michaela Rowland,tjimenez@example.net,39,Male,Professional Services,Asia-Pacific,1-10,Free,2020-05-14
CUST07363,Tiffany Gomez,tjohnson@example.com,55,Female,Healthcare,Australia & New Zealand,51-200,Free,2021-02-11
CUST07364,Michael Garcia,tjohnston@example.org,36,Male,Government & Public Sector,North America,501-1000,Premium,2021-05-09
CUST07365,Leslie Bishop,tjones@example.com,22,Other,Education,Other,51-200,Free,2018-10-06
CUST07366,Dawn Jones,tkemp@example.org,70,Other,Education,Asia-Pacific,51-200,Standard,2020-06-23
CUST07367,Robert Harris,tlarsen@example.org,56,Other,Technology,Europe,1-10,Standard,2019-06-23
CUST07368,Tyler Lowery,tlee@example.net,63,Female,Other,Asia-Pacific,11-50,Enterprise,2021-03-12
CUST07369,Dana Thompson,tlove@example.com,27,Other,Professional Services,Australia & New Zealand,501-1000,Free,2019-12-03
CUST07370,Jon Trujillo,tlucero@example.net,66,Female,Financial Services,Asia-Pacific,51-200,Standard,2020-02-25
CUST07371,Brittany Wilson,tmartin@example.com,56,Female,Technology,North America,51-200,Enterprise,2019-12-02
CUST07372,Adam Bennett,tmeyer@example.com,55,Female,Healthcare,North America,51-200,Enterprise,2019-06-17
CUST07373,Teresa Baker,tmiller@example.org,69,Female,Education,Australia & New Zealand,201-500,Enterprise,2019-09-14
CUST07374,Aaron Kelly,tmitchell@example.net,27,Other,Financial Services,Australia & New Zealand,1000+,Standard,2019-08-21
CUST07375,Sharon Butler,tmoreno@example.net,66,Other,Retail,Asia-Pacific,1000+,Premium,2020-03-28
CUST07376,Jenny Robinson,tmorrow@example.com,48,Other,Financial Services,Australia & New Zealand,201-500,Standard,2019-05-29
CUST07377,Jennifer Ellison,tmurray@example.net,57,Male,Manufacturing,Europe,51-200,Premium,2020-06-30
CUST07378,Brittney Jordan,tnelson@example.net,70,Female,Technology,Europe,201-500,Enterprise,2021-01-05
CUST07379,Caleb Thompson,tnguyen@example.com,62,Female,Education,Other,201-500,Free,2020-04-10
CUST07380,Shannon Price,tnguyen@example.net,23,Other,Manufacturing,Europe,1000+,Standard,2020-04-30
CUST07381,Daniel Moran,todd16@example.com,69,Male,Technology,North America,1000+,Free,2021-06-15
CUST07382,Roger Simpson,todd34@example.net,50,Other,Manufacturing,North America,501-1000,Enterprise,2020-04-12
CUST07383,Kelsey Molina DVM,todd85@example.com,46,Other,Manufacturing,North America,51-200,Premium,2021-02-11
CUST07384,Benjamin Allen,toddaustin@example.com,54,Male,Professional Services,Europe,11-50,Standard,2020-04-27
CUST07385,William Campbell,toddbrandon@example.net,25,Other,Professional Services,North America,201-500,Standard,2018-08-29
CUST07386,Melissa Brown,todddiaz@example.com,18,Female,Financial Services,North America,201-500,Standard,2020-11-01
CUST07387,Sara Jones,toddheather@example.com,30,Male,Financial Services,North America,201-500,Free,2019-12-22
CUST07388,Jennifer Ortiz,toddmoreno@example.net,47,Male,Education,Australia & New Zealand,51-200,Standard,2021-04-02
CUST07389,Chelsea Baker,toddshelton@example.org,28,Female,Professional Services,North America,201-500,Standard,2020-05-09
CUST07390,Brandon Rowland,tom34@example.com,24,Male,Technology,Australia & New Zealand,51-200,Premium,2021-04-17
CUST07391,Joseph Stewart,tommy34@example.com,48,Other,Manufacturing,North America,201-500,Premium,2020-01-16
CUST07392,Steven Hurst,tommy54@example.org,20,Other,Healthcare,North America,11-50,Standard,2019-11-03
CUST07393,Daniel Ramsey,tonimacias@example.com,49,Female,Financial Services,Europe,201-500,Standard,2020-08-06
CUST07394,Michael Lowe,tonirichardson@example.org,64,Other,Healthcare,Asia-Pacific,51-200,Enterprise,2020-08-31
CUST07395,Travis Ellis,toniward@example.net,35,Female,Technology,North America,51-200,Standard,2020-03-06
CUST07396,Megan Wolf,tony64@example.org,25,Female,Technology,North America,51-200,Free,2020-03-08
CUST07397,Nancy Bridges,tony74@example.org,66,Male,Healthcare,Asia-Pacific,201-500,Standard,2019-12-21
CUST07398,Jill Williams,tony76@example.org,36,Female,Media & Communications,North America,1-10,Standard,2021-08-07
CUST07399,Wendy Snyder,tonyaallen@example.net,35,Other,Professional Services,Australia & New Zealand,51-200,Enterprise,2019-04-28
CUST07400,Theresa Bowen,tonybrown@example.com,41,Female,Retail,North America,501-1000,Premium,2019-05-26
CUST07401,Kathleen Alvarez,torresangela@example.org,31,Male,Manufacturing,North America,11-50,Free,2021-03-30
CUST07402,Matthew Williams,torresduane@example.org,39,Male,Retail,Europe,51-200,Free,2020-03-23
CUST07403,Derrick Torres,torresemily@example.org,54,Other,Other,Asia-Pacific,11-50,Standard,2019-10-30
CUST07404,Kimberly Daniels,torresjavier@example.org,49,Male,Technology,Australia & New Zealand,51-200,Standard,2021-09-25
CUST07405,Jamie Cox,torreskent@example.org,65,Female,Media & Communications,Europe,51-200,Premium,2019-04-28
CUST07406,Christine Brown,torressandra@example.com,55,Other,Professional Services,Asia-Pacific,201-500,Standard,2021-03-14
CUST07407,Natalie Harris,torresshannon@example.com,58,Other,Professional Services,North America,51-200,Standard,2018-12-22
CUST07408,Christopher Collins,torressierra@example.net,43,Other,Healthcare,Australia & New Zealand,1000+,Free,2020-12-22
CUST07409,Nathan Robertson DDS,torressydney@example.org,38,Other,Other,Europe,201-500,Premium,2018-12-25
CUST07410,Rebecca Brown,tperez@example.com,26,Female,Financial Services,Asia-Pacific,1-10,Premium,2020-05-08
CUST07411,Mr. Jeremy York,tperez@example.net,33,Female,Technology,Europe,51-200,Premium,2021-09-16
CUST07412,Ronald Goodman,tpeterson@example.org,44,Male,Manufacturing,Asia-Pacific,201-500,Enterprise,2020-03-17
CUST07413,Curtis Garcia,traceyclarke@example.net,47,Female,Financial Services,Europe,201-500,Standard,2019-10-07
CUST07414,Catherine Marquez,traceyjohnson@example.com,69,Female,Professional Services,Australia & New Zealand,51-200,Standard,2019-02-09
CUST07415,Erika Villanueva,traci82@example.org,69,Other,Financial Services,Australia & New Zealand,11-50,Premium,2020-02-29
CUST07416,Danielle Mccall,traciestout@example.com,40,Female,Technology,Other,501-1000,Premium,2019-12-28
CUST07417,Jennifer Wu,tracihill@example.org,44,Female,Technology,Europe,201-500,Premium,2020-12-24
CUST07418,Denise Gould,tracy10@example.com,45,Female,Technology,Europe,1-10,Standard,2019-11-17
CUST07419,Kimberly Payne,tracy30@example.net,65,Other,Technology,Australia & New Zealand,11-50,Enterprise,2019-08-22
CUST07420,Kenneth Cox,tracy42@example.com,64,Male,Technology,Asia-Pacific,51-200,Enterprise,2019-01-02
CUST07421,Jason Hamilton,tracy45@example.org,38,Other,Healthcare,North America,201-500,Free,2019-04-29
CUST07422,Dale Giles,tracy48@example.net,51,Other,Education,Asia-Pacific,201-500,Premium,2019-12-14
CUST07423,Manuel Garcia,tracy60@example.org,24,Other,Technology,Asia-Pacific,1000+,Premium,2020-08-17
CUST07424,Bill Gilmore,tracy71@example.com,55,Other,Manufacturing,Australia & New Zealand,201-500,Premium,2019-09-23
CUST07425,Walter Frazier,tracybarr@example.org,32,Male,Other,Other,1-10,Standard,2021-01-02
CUST07426,Laura Patel,tracybowers@example.org,42,Male,Government & Public Sector,Australia & New Zealand,1-10,Standard,2020-08-23
CUST07427,Charles Stanley,tracycook@example.org,55,Other,Financial Services,Australia & New Zealand,1000+,Standard,2020-11-24
CUST07428,Cynthia Vasquez DVM,tracyfry@example.net,38,Female,Financial Services,Europe,1-10,Free,2019-12-10
CUST07429,Stephanie Marshall,tracymclean@example.com,26,Female,Retail,North America,1-10,Premium,2021-07-30
CUST07430,Darren Parrish,tracymelton@example.com,26,Male,Media & Communications,Australia & New Zealand,501-1000,Premium,2021-11-17
CUST07431,Aaron Brown,tracyramirez@example.net,28,Male,Retail,North America,1000+,Premium,2020-04-04
CUST07432,Melinda Lewis,tracyrivera@example.com,20,Female,Professional Services,Australia & New Zealand,1000+,Standard,2019-06-09
CUST07433,Joyce Pierce,tracyrogers@example.net,33,Female,Government & Public Sector,Europe,11-50,Enterprise,2019-03-14
CUST07434,David Clarke,tracyrollins@example.org,70,Other,Healthcare,Europe,501-1000,Premium,2019-09-04
CUST07435,Joseph Peters,tracyroman@example.com,49,Other,Healthcare,Australia & New Zealand,51-200,Free,2020-05-14
CUST07436,Kenneth Barton,trangail@example.com,22,Other,Professional Services,North America,501-1000,Standard,2021-03-01
CUST07437,Carol Anderson,trankathleen@example.org,29,Female,Financial Services,Europe,501-1000,Enterprise,2020-05-05
CUST07438,Wendy Soto,tranrobert@example.org,26,Other,Healthcare,North America,1-10,Free,2020-05-11
CUST07439,Kevin Harris,travis24@example.org,70,Other,Technology,North America,51-200,Standard,2020-01-15
CUST07440,Jacob Reed,travis54@example.net,58,Female,Financial Services,Asia-Pacific,201-500,Premium,2019-11-22
CUST07441,Lisa Garcia,travis76@example.net,31,Other,Technology,North America,11-50,Free,2019-11-05
CUST07442,Brian Lee,travis78@example.net,50,Male,Technology,Asia-Pacific,501-1000,Premium,2021-11-20
CUST07443,Heather Jackson,travis94@example.com,35,Male,Manufacturing,Asia-Pacific,51-200,Premium,2019-07-22
CUST07444,Tamara Fowler,travisburton@example.org,49,Other,Manufacturing,North America,51-200,Premium,2021-03-12
CUST07445,Rebecca Gutierrez,traviswright@example.net,52,Male,Technology,Australia & New Zealand,51-200,Standard,2020-03-22
CUST07446,Megan Smith,treilly@example.org,56,Male,Financial Services,North America,1-10,Premium,2021-03-06
CUST07447,Jacob Larsen,trevinoapril@example.net,24,Other,Professional Services,Europe,11-50,Premium,2021-09-08
CUST07448,Allison Morales,trevor24@example.com,69,Other,Technology,Europe,201-500,Standard,2020-01-05
CUST07449,Juan Castro,trevor25@example.net,52,Female,Financial Services,Asia-Pacific,1-10,Standard,2020-10-02
CUST07450,Casey Nguyen,trevor37@example.com,70,Other,Technology,Europe,51-200,Enterprise,2020-11-29
CUST07451,Jesse Hoffman,trevorhendricks@example.org,59,Female,Financial Services,Asia-Pacific,201-500,Standard,2020-10-21
CUST07452,Stephanie Carroll,trevorsantana@example.com,65,Female,Financial Services,North America,51-200,Standard,2020-11-19
CUST07453,Benjamin Smith,trich@example.com,39,Female,Government & Public Sector,Europe,51-200,Standard,2019-06-30
CUST07454,Joanna Hoover,trichardson@example.net,52,Male,Financial Services,Europe,51-200,Standard,2021-02-18
CUST07455,Joshua Randolph,tricia65@example.com,66,Female,Financial Services,North America,51-200,Free,2019-09-19
CUST07456,Justin Smith,triciaanderson@example.net,36,Male,Education,Europe,1-10,Standard,2021-11-08
CUST07457,Nicholas Garcia,trios@example.org,46,Other,Retail,North America,51-200,Standard,2021-10-15
CUST07458,Shannon Mitchell,tristan79@example.com,65,Female,Education,Australia & New Zealand,51-200,Enterprise,2020-07-29
CUST07459,Michele Bentley,tristanrussell@example.org,70,Other,Professional Services,Europe,11-50,Standard,2019-12-10
CUST07460,Jenna Ayers,troyschultz@example.net,68,Male,Financial Services,Australia & New Zealand,11-50,Standard,2019-02-10
CUST07461,Jordan Moran,troysmith@example.net,61,Female,Technology,North America,501-1000,Standard,2019-03-29
CUST07462,Keith Gutierrez,tschroeder@example.com,44,Male,Retail,Europe,1000+,Standard,2021-03-15
CUST07463,Richard Gross,tserrano@example.com,70,Male,Media & Communications,Asia-Pacific,11-50,Free,2020-04-06
CUST07464,Michael Stokes,tsimon@example.org,33,Female,Financial Services,North America,11-50,Premium,2021-04-10
CUST07465,Kylie Hardy,tsimpson@example.com,27,Male,Other,Europe,11-50,Standard,2020-01-06
CUST07466,Nicholas Adams,tsmith@example.org,38,Other,Other,Australia & New Zealand,501-1000,Standard,2019-09-03
CUST07467,Lawrence Ward,tsoto@example.com,25,Male,Technology,Australia & New Zealand,11-50,Enterprise,2019-05-10
CUST07468,Karen Ward,tstewart@example.net,53,Female,Professional Services,Europe,51-200,Standard,2020-03-01
CUST07469,William Stein,tthompson@example.net,29,Male,Other,Australia & New Zealand,201-500,Premium,2020-03-27
CUST07470,Linda Mills,ttorres@example.org,19,Other,Professional Services,North America,11-50,Free,2018-08-31
CUST07471,Dominique Douglas,ttran@example.org,36,Male,Media & Communications,Europe,11-50,Standard,2020-01-15
CUST07472,James Stevenson,tturner@example.net,43,Other,Financial Services,North America,11-50,Free,2019-02-27
CUST07473,Holly Miller,tuckerapril@example.com,20,Other,Financial Services,North America,51-200,Standard,2021-04-07
CUST07474,Maria Wong,tuckernancy@example.com,36,Male,Healthcare,North America,1-10,Premium,2020-08-14
CUST07475,Veronica White,turnerandrew@example.org,36,Male,Professional Services,Australia & New Zealand,201-500,Premium,2021-03-26
CUST07476,Sarah Buchanan,turneranthony@example.com,31,Male,Professional Services,Europe,501-1000,Free,2019-09-02
CUST07477,Richard Jordan,turnerbarbara@example.net,41,Female,Financial Services,Asia-Pacific,51-200,Standard,2020-02-28
CUST07478,Tony Harper,turneredward@example.net,52,Other,Technology,Asia-Pacific,51-200,Free,2020-09-26
CUST07479,Jessica Martin,turnereileen@example.net,21,Male,Healthcare,North America,51-200,Premium,2021-02-22
CUST07480,Cathy Chan,turnermelissa@example.com,56,Other,Education,Australia & New Zealand,501-1000,Standard,2020-11-13
CUST07481,Jack Smith,turnerteresa@example.org,21,Male,Technology,Australia & New Zealand,201-500,Standard,2020-01-15
CUST07482,Leslie Casey,tvargas@example.com,67,Male,Government & Public Sector,Australia & New Zealand,1-10,Standard,2021-03-13
CUST07483,Christina French,tvasquez@example.com,27,Male,Technology,Australia & New Zealand,11-50,Enterprise,2020-01-19
CUST07484,Anthony Lopez,twalker@example.org,40,Male,Media & Communications,Australia & New Zealand,51-200,Premium,2020-11-05
CUST07485,David Williams,twells@example.com,36,Other,Professional Services,North America,1-10,Premium,2020-03-25
CUST07486,Jennifer Hernandez,twhitney@example.net,61,Male,Government & Public Sector,Asia-Pacific,201-500,Standard,2020-06-28
CUST07487,Gabrielle Knight,twu@example.net,60,Other,Manufacturing,North America,1-10,Enterprise,2021-01-10
CUST07488,Madeline Osborne,tyler12@example.net,62,Male,Technology,Australia & New Zealand,51-200,Enterprise,2021-10-12
CUST07489,Ronald Branch,tyler64@example.net,31,Male,Other,Asia-Pacific,11-50,Standard,2021-02-22
CUST07490,Jared Chang,tyler82@example.net,21,Other,Financial Services,North America,11-50,Standard,2020-02-12
CUST07491,Bryan Anderson,tyler86@example.net,26,Female,Technology,Europe,11-50,Standard,2021-07-08
CUST07492,Nicole Gates,tyleremily@example.net,70,Female,Technology,North America,51-200,Premium,2019-04-14
CUST07493,Leslie Vasquez,tylerholloway@example.org,61,Male,Professional Services,Asia-Pacific,1000+,Standard,2018-10-18
CUST07494,Angela Nelson,tylerjimenez@example.com,61,Other,Healthcare,Asia-Pacific,201-500,Premium,2020-05-16
CUST07495,Jennifer Russell,tylerjohns@example.net,51,Female,Professional Services,North America,51-200,Free,2020-02-07
CUST07496,Kyle Wells,tylerlong@example.net,21,Other,Education,Asia-Pacific,11-50,Premium,2020-04-26
CUST07497,Ronald Harper,tylerreynolds@example.org,57,Other,Technology,Asia-Pacific,201-500,Premium,2020-12-26
CUST07498,Lisa Whitney,tylerross@example.net,56,Other,Government & Public Sector,Other,201-500,Standard,2020-01-30
CUST07499,Casey Oconnor,tylerswanson@example.org,30,Other,Professional Services,North America,1000+,Premium,2020-10-25
CUST07500,Johnathan Farrell,tyronehahn@example.com,52,Female,Financial Services,Asia-Pacific,1-10,Free,2019-09-19
CUST07501,Lucas Orozco,tyronepatel@example.com,35,Other,Retail,Australia & New Zealand,1-10,Standard,2020-08-19
CUST07502,William Rush,tyronerice@example.com,32,Other,Education,Europe,501-1000,Standard,2021-06-07
CUST07503,Danny Gray,uanderson@example.com,67,Other,Professional Services,North America,51-200,Premium,2021-01-26
CUST07504,Keith Barker,uavery@example.net,43,Male,Financial Services,Europe,11-50,Free,2021-01-08
CUST07505,Caitlin Lawrence,ubailey@example.com,51,Male,Education,Asia-Pacific,1000+,Standard,2021-06-14
CUST07506,Brian Campbell,ubates@example.org,49,Female,Retail,Europe,1000+,Standard,2021-01-27
CUST07507,Haley Preston,ubeasley@example.org,42,Male,Government & Public Sector,Europe,11-50,Standard,2019-05-22
CUST07508,Adam Hayes,ubenson@example.com,45,Male,Financial Services,Asia-Pacific,1-10,Premium,2021-01-14
CUST07509,Ricky Herrera,ubooth@example.org,66,Male,Professional Services,Asia-Pacific,201-500,Standard,2019-05-07
CUST07510,Travis Johnson,ubrewer@example.com,48,Male,Retail,North America,201-500,Free,2020-12-13
CUST07511,Brianna Flores,ubryant@example.org,52,Male,Retail,Europe,1000+,Standard,2020-04-25
CUST07512,Austin Decker,uburke@example.net,61,Male,Professional Services,Other,1000+,Premium,2020-07-09
CUST07513,Brooke Wolfe,uchavez@example.org,53,Female,Government & Public Sector,North America,11-50,Free,2019-03-10
CUST07514,April Martin,ucole@example.org,51,Male,Technology,Asia-Pacific,201-500,Free,2020-06-16
CUST07515,Heather Edwards,udaniels@example.com,64,Other,Professional Services,Europe,201-500,Standard,2019-02-14
CUST07516,Jonathan Thompson,uday@example.com,33,Other,Healthcare,Asia-Pacific,1000+,Premium,2020-09-20
CUST07517,Jeffrey Adams,uday@example.net,34,Other,Financial Services,Australia & New Zealand,1000+,Premium,2020-08-06
CUST07518,Travis Guerra,udennis@example.com,36,Female,Government & Public Sector,Europe,1000+,Premium,2020-10-05
CUST07519,John Carter,udunlap@example.org,20,Female,Financial Services,Europe,11-50,Standard,2021-04-12
CUST07520,Teresa Patton,uevans@example.net,46,Other,Technology,Europe,11-50,Standard,2019-08-29
CUST07521,Amy Mcintyre,ufarmer@example.net,28,Other,Financial Services,North America,11-50,Premium,2021-04-27
CUST07522,Cody Phillips,ugardner@example.org,28,Male,Media & Communications,Other,1-10,Standard,2021-07-16
CUST07523,Cheryl Rush,ugarrison@example.org,36,Male,Other,North America,501-1000,Standard,2021-07-17
CUST07524,Rebecca Smith,ugonzalez@example.com,60,Other,Other,Australia & New Zealand,201-500,Premium,2019-04-11
CUST07525,April Davis,ugreene@example.net,30,Female,Media & Communications,Europe,201-500,Enterprise,2020-03-08
CUST07526,Jennifer Blankenship,ugreer@example.net,65,Female,Education,Australia & New Zealand,1-10,Enterprise,2020-04-22
CUST07527,Shawn Brown DDS,ugregory@example.net,54,Other,Professional Services,Asia-Pacific,11-50,Standard,2020-11-04
CUST07528,Maria Reed,uhale@example.org,44,Female,Technology,Australia & New Zealand,1000+,Premium,2021-03-08
CUST07529,Jacqueline Perez,uhanson@example.net,63,Other,Professional Services,Australia & New Zealand,11-50,Premium,2020-02-16
CUST07530,Lisa Cox,uheath@example.net,34,Male,Education,North America,201-500,Free,2019-07-08
CUST07531,Andrew Coleman,uhenderson@example.net,63,Female,Technology,Europe,11-50,Standard,2020-05-31
CUST07532,Misty Johnson,uhensley@example.org,39,Male,Financial Services,Europe,11-50,Standard,2020-05-04
CUST07533,Trevor Lee,uhernandez@example.net,64,Female,Other,North America,201-500,Enterprise,2020-04-10
CUST07534,Victoria Wright,uhill@example.org,68,Male,Professional Services,Europe,201-500,Free,2019-05-10
CUST07535,Rebecca Salas,uhurley@example.com,62,Other,Technology,North America,11-50,Free,2020-03-26
CUST07536,Danielle Reed,ujennings@example.org,50,Female,Technology,Europe,51-200,Standard,2020-09-19
CUST07537,Sarah Jones,ujohnson@example.org,21,Other,Healthcare,Asia-Pacific,51-200,Standard,2019-11-01
CUST07538,Tyler Howell,ujones@example.com,34,Female,Technology,Asia-Pacific,201-500,Premium,2019-12-07
CUST07539,Michael Carrillo,ulawrence@example.org,46,Male,Education,North America,201-500,Standard,2019-05-25
CUST07540,Michael Jones,ulawson@example.net,67,Female,Other,Europe,1000+,Free,2020-06-24
CUST07541,Jeremy Cox,uleach@example.net,56,Female,Media & Communications,North America,501-1000,Premium,2021-03-25
CUST07542,Ashley King,umacdonald@example.net,42,Female,Healthcare,Australia & New Zealand,11-50,Enterprise,2020-11-23
CUST07543,Jessica Dunn,umccarthy@example.com,30,Female,Other,North America,501-1000,Free,2020-07-21
CUST07544,Kathleen Brown,umccoy@example.net,69,Female,Financial Services,Australia & New Zealand,1000+,Enterprise,2020-06-29
CUST07545,Erin Jones,umcgee@example.com,30,Female,Financial Services,Australia & New Zealand,51-200,Standard,2020-01-08
CUST07546,Laura Collins,umejia@example.net,26,Female,Healthcare,Australia & New Zealand,51-200,Premium,2020-04-20
CUST07547,Brenda Contreras,umiller@example.net,49,Male,Manufacturing,Asia-Pacific,1-10,Standard,2019-05-17
CUST07548,Amber Hill,umiller@example.org,41,Other,Retail,Europe,1-10,Standard,2018-10-21
CUST07549,Steven Brown,umoore@example.org,19,Other,Professional Services,Europe,1-10,Standard,2018-10-24
CUST07550,Jesus Davis,umorgan@example.org,45,Male,Professional Services,Europe,51-200,Standard,2019-12-11
CUST07551,Beth Watson,umorris@example.com,70,Male,Healthcare,North America,1000+,Enterprise,2019-02-23
CUST07552,John Graham,umorrow@example.net,50,Male,Other,Other,51-200,Enterprise,2021-02-27
CUST07553,Phillip Sharp,umullins@example.org,44,Other,Technology,Australia & New Zealand,11-50,Enterprise,2019-04-02
CUST07554,Reginald Rice MD,uolson@example.com,47,Male,Other,Asia-Pacific,51-200,Standard,2020-09-29
CUST07555,Edward Webb,uortiz@example.net,52,Male,Technology,Asia-Pacific,51-200,Enterprise,2020-03-23
CUST07556,Mike Hansen,upadilla@example.net,38,Other,Technology,North America,201-500,Premium,2020-04-02
CUST07557,Kyle Richards,uparrish@example.org,42,Male,Professional Services,Asia-Pacific,51-200,Free,2021-04-06
CUST07558,Angela Bailey,uparsons@example.org,22,Female,Technology,North America,1-10,Enterprise,2019-01-30
CUST07559,Lisa Lewis,uperez@example.org,19,Female,Retail,Australia & New Zealand,1-10,Premium,2021-04-16
CUST07560,Elizabeth Williamson,upope@example.net,64,Male,Professional Services,Asia-Pacific,51-200,Premium,2019-09-15
CUST07561,Joseph Copeland,urice@example.com,31,Male,Financial Services,Asia-Pacific,11-50,Premium,2020-05-08
CUST07562,Charles Houston,urodriguez@example.org,46,Female,Manufacturing,Europe,1000+,Standard,2019-11-09
CUST07563,Patrick Anderson,uross@example.com,67,Male,Professional Services,Europe,1000+,Enterprise,2019-12-01
CUST07564,Kenneth Barrett,urowe@example.org,52,Female,Media & Communications,Asia-Pacific,501-1000,Standard,2021-01-08
CUST07565,Jennifer Marks,uryan@example.org,66,Other,Financial Services,Australia & New Zealand,1000+,Standard,2020-02-29
CUST07566,Renee White,uschwartz@example.com,48,Male,Media & Communications,North America,51-200,Premium,2018-10-21
CUST07567,Anthony Adams,uschwartz@example.org,65,Male,Technology,North America,11-50,Standard,2019-03-27
CUST07568,Matthew Butler,usharp@example.org,22,Female,Retail,Europe,1-10,Standard,2020-09-07
CUST07569,Shane Mata,usilva@example.com,69,Female,Healthcare,Asia-Pacific,51-200,Premium,2020-03-05
CUST07570,Darin Woods,usmith@example.com,68,Female,Professional Services,Asia-Pacific,51-200,Free,2020-04-29
CUST07571,Gloria Peck,usolis@example.com,61,Other,Manufacturing,Australia & New Zealand,501-1000,Premium,2019-02-26
CUST07572,Emily Morales,utucker@example.org,50,Male,Retail,Other,51-200,Standard,2020-07-18
CUST07573,Julie Anderson,uturner@example.com,62,Female,Financial Services,Other,501-1000,Free,2020-05-27
CUST07574,Melissa Johns,utyler@example.com,20,Female,Media & Communications,Other,11-50,Free,2019-01-22
CUST07575,Charles Wade,uware@example.org,56,Male,Professional Services,North America,51-200,Premium,2019-11-17
CUST07576,Sean Moore,uwatts@example.org,37,Male,Professional Services,North America,1000+,Free,2019-09-04
CUST07577,Derrick Chan,uwells@example.com,25,Male,Professional Services,North America,51-200,Standard,2020-04-02
CUST07578,Thomas Garrison,uwilliams@example.net,39,Other,Media & Communications,Europe,51-200,Standard,2018-08-16
CUST07579,Mark Davis,uwilson@example.net,70,Male,Healthcare,Australia & New Zealand,51-200,Premium,2019-01-13
CUST07580,Brian Nguyen,vadams@example.com,58,Female,Retail,Australia & New Zealand,201-500,Free,2021-03-14
CUST07581,Lauren Franklin,vaguilar@example.org,60,Male,Other,North America,501-1000,Standard,2019-11-21
CUST07582,Sheila Leon,valdezjennifer@example.org,32,Female,Retail,Europe,1-10,Free,2019-05-14
CUST07583,Veronica Black,valdezjoseph@example.org,39,Other,Professional Services,North America,1000+,Enterprise,2020-02-06
CUST07584,Kyle Leonard,valdezkirsten@example.com,33,Female,Manufacturing,Australia & New Zealand,11-50,Free,2020-01-23
CUST07585,Darryl Edwards,valdezmark@example.net,58,Other,Retail,Australia & New Zealand,11-50,Premium,2018-12-06
CUST07586,Kelsey Williams,valdezsandra@example.org,28,Other,Media & Communications,Australia & New Zealand,11-50,Free,2021-11-13
CUST07587,Nicole Olson,valenzuelaashley@example.net,57,Other,Healthcare,North America,1-10,Standard,2019-10-25
CUST07588,Heather Taylor,valerie02@example.org,65,Other,Government & Public Sector,Australia & New Zealand,501-1000,Free,2020-11-15
CUST07589,Joshua Shaw,valerie29@example.org,46,Other,Other,Asia-Pacific,501-1000,Premium,2021-05-08
CUST07590,Vanessa Martinez,valerie94@example.com,40,Female,Other,Asia-Pacific,11-50,Free,2020-12-19
CUST07591,Melanie Parker,valerie99@example.com,40,Male,Media & Communications,North America,1-10,Premium,2020-05-04
CUST07592,Jacob Pearson,valeriebaker@example.org,60,Female,Government & Public Sector,Europe,51-200,Free,2020-09-01
CUST07593,Brenda Kaufman,valeriebrewer@example.com,41,Female,Financial Services,Asia-Pacific,201-500,Premium,2019-12-23
CUST07594,Michael Klein,valeriebrown@example.net,50,Other,Manufacturing,Europe,1000+,Premium,2020-05-30
CUST07595,Tammy Kirby,valeriekoch@example.net,67,Female,Government & Public Sector,Europe,1-10,Premium,2020-09-26
CUST07596,Valerie Jackson,valeriemiller@example.net,40,Female,Professional Services,Australia & New Zealand,51-200,Premium,2019-02-10
CUST07597,Scott Davis,valeriewinters@example.com,59,Other,Technology,Asia-Pacific,501-1000,Standard,2020-06-22
CUST07598,Tiffany Moore,valeriewright@example.org,56,Female,Financial Services,Asia-Pacific,51-200,Standard,2020-04-15
CUST07599,Reginald Diaz,vallen@example.com,50,Male,Education,Europe,11-50,Standard,2021-03-30
CUST07600,Julie Leblanc,valvarez@example.net,35,Female,Technology,North America,201-500,Standard,2019-12-06
CUST07601,Ashley Spears,vanessa03@example.com,28,Male,Media & Communications,Europe,11-50,Premium,2019-05-25
CUST07602,Charles Simpson,vanessa39@example.net,18,Female,Financial Services,Asia-Pacific,1-10,Standard,2020-03-14
CUST07603,Maria Townsend,vanessa66@example.org,55,Male,Technology,North America,51-200,Standard,2020-11-15
CUST07604,Robert Williams,vanessa68@example.org,54,Male,Education,Other,51-200,Premium,2020-06-11
CUST07605,Angelica Tucker,vanessa77@example.net,53,Female,Professional Services,North America,201-500,Premium,2020-09-14
CUST07606,William Matthews,vanessa95@example.net,36,Female,Technology,Europe,1000+,Standard,2020-04-20
CUST07607,Dr. Gary Vega MD,vanessagriffin@example.org,53,Male,Education,North America,1-10,Free,2020-08-11
CUST07608,Tina Moore,vanessamarshall@example.net,20,Other,Financial Services,Asia-Pacific,11-50,Premium,2020-07-31
CUST07609,Jerome Wilson,vanessamcdaniel@example.net,64,Other,Technology,Australia & New Zealand,501-1000,Standard,2019-02-13
CUST07610,Andrew Duke,vanessamichael@example.net,36,Male,Technology,North America,11-50,Premium,2019-09-25
CUST07611,Savannah Torres,vangdonald@example.net,53,Other,Retail,Europe,51-200,Enterprise,2020-05-13
CUST07612,Rebecca Dixon,vargasdebbie@example.net,42,Female,Media & Communications,North America,11-50,Free,2020-01-30
CUST07613,Vanessa Mercado,vargasdenise@example.org,40,Female,Technology,North America,1000+,Enterprise,2020-04-28
CUST07614,William Oconnor,vargasgregory@example.net,50,Female,Healthcare,North America,201-500,Enterprise,2020-04-08
CUST07615,Teresa Jones,vargasjessica@example.com,46,Other,Healthcare,North America,11-50,Enterprise,2020-08-28
CUST07616,Jeffrey Hensley,vargasnicholas@example.net,19,Other,Retail,Asia-Pacific,11-50,Free,2018-11-16
CUST07617,James Campbell,vasquezmarcus@example.com,23,Male,Education,Asia-Pacific,1-10,Free,2019-12-17
CUST07618,Caitlyn Keith,vasquezmichelle@example.net,28,Other,Healthcare,North America,1000+,Free,2020-09-27
CUST07619,Amy Goodman,vasquezrichard@example.com,51,Other,Financial Services,Europe,51-200,Standard,2021-11-01
CUST07620,Michael Howard,vaughanamy@example.org,28,Male,Financial Services,Europe,51-200,Standard,2019-06-01
CUST07621,Aaron Roberts,vaughanbrenda@example.org,31,Female,Education,Europe,51-200,Premium,2019-02-21
CUST07622,Daniel Young,vaughanchristopher@example.org,38,Female,Healthcare,Europe,1000+,Premium,2020-05-03
CUST07623,Benjamin Thompson,vaustin@example.com,64,Female,Financial Services,Asia-Pacific,51-200,Free,2019-12-29
CUST07624,Steven Thompson,vaustin@example.org,55,Other,Financial Services,Asia-Pacific,1-10,Standard,2019-06-18
CUST07625,William Aguilar,vazquezjoseph@example.com,70,Female,Education,Europe,501-1000,Free,2021-06-21
CUST07626,Christopher Sutton,vazquezwilliam@example.net,32,Other,Professional Services,Asia-Pacific,51-200,Free,2020-08-05
CUST07627,Laurie Rodriguez,vbarnes@example.net,37,Female,Other,Asia-Pacific,51-200,Enterprise,2020-07-17
CUST07628,Marcus Atkins,vblackwell@example.net,56,Female,Education,Asia-Pacific,51-200,Free,2020-02-19
CUST07629,Casey Thompson,vbrown@example.org,51,Female,Healthcare,Asia-Pacific,201-500,Standard,2020-04-06
CUST07630,Christine Montes,vbryant@example.com,65,Female,Technology,Asia-Pacific,1-10,Enterprise,2019-02-28
CUST07631,Sarah Thompson,vcampos@example.org,40,Female,Financial Services,Australia & New Zealand,201-500,Standard,2020-06-03
CUST07632,Susan Warner,vchaney@example.org,35,Male,Other,North America,51-200,Standard,2019-12-23
CUST07633,Seth Mclaughlin,vchase@example.com,65,Other,Media & Communications,North America,11-50,Premium,2020-10-03
CUST07634,Jonathan Farrell,vcole@example.org,28,Other,Manufacturing,Australia & New Zealand,11-50,Standard,2020-08-17
CUST07635,William York,vcook@example.org,30,Male,Technology,North America,11-50,Free,2021-07-23
CUST07636,Evelyn Collins,vdavis@example.org,32,Male,Media & Communications,Asia-Pacific,201-500,Free,2019-06-08
CUST07637,Christopher Ramirez,vdorsey@example.org,63,Female,Professional Services,Europe,501-1000,Standard,2020-10-31
CUST07638,Kayla Flores,velasquezphillip@example.com,38,Other,Technology,Asia-Pacific,11-50,Premium,2020-03-09
CUST07639,Brandy Byrd,velezjanet@example.com,65,Female,Professional Services,North America,1000+,Standard,2020-10-02
CUST07640,Nancy Gonzalez,veronica06@example.com,46,Male,Healthcare,Asia-Pacific,501-1000,Enterprise,2019-03-17
CUST07641,Rebecca Hodge,veronica13@example.com,52,Other,Professional Services,Europe,51-200,Free,2019-04-15
CUST07642,Kari Lara,veronica67@example.org,19,Other,Retail,North America,1000+,Premium,2019-12-31
CUST07643,Michael Obrien,veronicaford@example.net,22,Female,Other,Australia & New Zealand,11-50,Standard,2021-03-28
CUST07644,Mary Rios,veronicarodriguez@example.net,18,Other,Technology,Europe,51-200,Premium,2019-07-11
CUST07645,Michelle Maddox,veronicasteele@example.com,64,Female,Education,Europe,501-1000,Standard,2021-03-14
CUST07646,Alexa Wilson,veronicawilson@example.org,70,Male,Technology,Europe,11-50,Premium,2020-04-18
CUST07647,Matthew Mitchell,vfisher@example.org,26,Male,Healthcare,Australia & New Zealand,1-10,Free,2020-02-29
CUST07648,Richard Butler,vfoster@example.org,38,Male,Professional Services,Australia & New Zealand,51-200,Standard,2019-04-18
CUST07649,John Goodman,vgarcia@example.com,55,Other,Manufacturing,Europe,201-500,Standard,2020-04-16
CUST07650,Earl Lambert,vgarcia@example.org,26,Male,Retail,Other,51-200,Premium,2020-07-05
CUST07651,James Carter,vgreen@example.com,42,Female,Retail,Europe,51-200,Premium,2019-09-11
CUST07652,Jacqueline Hunter,vhall@example.com,65,Male,Other,Europe,11-50,Premium,2020-04-15
CUST07653,Bruce Thomas MD,vhancock@example.org,49,Male,Media & Communications,North America,1000+,Standard,2019-04-18
CUST07654,Shelley Murphy,vhanson@example.com,27,Male,Financial Services,North America,51-200,Free,2019-09-03
CUST07655,Keith Carter,vhernandez@example.net,63,Other,Government & Public Sector,Australia & New Zealand,201-500,Free,2020-12-01
CUST07656,Stephanie Smith,vhudson@example.com,41,Female,Financial Services,Europe,51-200,Standard,2020-07-17
CUST07657,Heather Wright,victor24@example.com,18,Female,Education,Australia & New Zealand,201-500,Premium,2020-01-13
CUST07658,April Lopez,victor56@example.org,55,Other,Financial Services,Europe,201-500,Standard,2020-02-12
CUST07659,Kevin Ingram,victor62@example.net,19,Male,Professional Services,North America,1-10,Standard,2021-04-13
CUST07660,Michael Pratt,victoria18@example.net,52,Other,Technology,Europe,201-500,Standard,2021-07-19
CUST07661,Timothy Edwards,victoria22@example.net,26,Other,Healthcare,Australia & New Zealand,51-200,Enterprise,2020-10-24
CUST07662,Patrick Green,victoria30@example.net,67,Female,Other,Australia & New Zealand,51-200,Free,2020-06-29
CUST07663,Joseph Moore,victoria68@example.net,62,Female,Media & Communications,North America,11-50,Enterprise,2018-11-28
CUST07664,Cole Morgan,victoria85@example.net,46,Female,Financial Services,Asia-Pacific,11-50,Standard,2019-10-17
CUST07665,Jennifer Melendez,victoria94@example.org,53,Female,Retail,Australia & New Zealand,51-200,Free,2019-12-29
CUST07666,Mr. Zachary Ortiz DVM,victoriahampton@example.net,62,Male,Education,Australia & New Zealand,501-1000,Premium,2019-01-09
CUST07667,Jennifer Smith,victoriahubbard@example.org,26,Other,Financial Services,Australia & New Zealand,501-1000,Standard,2019-07-24
CUST07668,Michelle Wood,victoriamorrow@example.com,67,Female,Healthcare,Australia & New Zealand,1000+,Enterprise,2019-05-16
CUST07669,Wanda Hughes,victoriaward@example.com,32,Male,Government & Public Sector,Europe,1-10,Enterprise,2019-07-05
CUST07670,Clifford James,victoriawells@example.net,24,Other,Technology,Europe,501-1000,Free,2020-07-08
CUST07671,Kevin Deleon,victoriawoodard@example.net,65,Female,Media & Communications,Europe,11-50,Premium,2020-12-31
CUST07672,Erin Reed,victorwhite@example.com,69,Female,Professional Services,Europe,11-50,Standard,2020-08-31
CUST07673,Cynthia Turner,villadamon@example.com,51,Male,Professional Services,North America,11-50,Free,2021-07-20
CUST07674,Timothy Mcpherson,villajacqueline@example.com,66,Other,Other,North America,51-200,Enterprise,2020-12-11
CUST07675,Kenneth Adkins,villamichael@example.org,38,Other,Financial Services,Europe,11-50,Premium,2020-08-04
CUST07676,Heather Estrada,villanuevaanna@example.org,20,Female,Education,North America,501-1000,Standard,2019-05-05
CUST07677,Collin Sanchez,villanuevaedwin@example.org,43,Other,Retail,North America,51-200,Standard,2020-01-10
CUST07678,Jose Bell,villapaige@example.org,47,Female,Manufacturing,North America,1000+,Premium,2020-03-11
CUST07679,Kristin Morgan,villarreallinda@example.org,20,Other,Professional Services,Europe,11-50,Free,2019-04-17
CUST07680,April Clark,villarrealmark@example.net,49,Female,Media & Communications,Asia-Pacific,1000+,Standard,2020-03-04
CUST07681,Brian Cook,vincentana@example.net,45,Other,Financial Services,Europe,501-1000,Enterprise,2021-01-29
CUST07682,Riley Hobbs,vincentanderson@example.net,30,Male,Other,Australia & New Zealand,51-200,Enterprise,2020-11-03
CUST07683,John Hensley,vincentangelica@example.net,24,Other,Education,Asia-Pacific,11-50,Standard,2021-04-06
CUST07684,Terri Hill,vincentelizabeth@example.com,24,Other,Technology,Australia & New Zealand,501-1000,Premium,2019-12-28
CUST07685,Grant Mills,vincenthudson@example.net,25,Male,Other,North America,51-200,Standard,2020-08-31
CUST07686,Brandon Russell,vincentlopez@example.com,70,Male,Media & Communications,Australia & New Zealand,11-50,Premium,2020-05-25
CUST07687,Mrs. Stephanie Mora PhD,virginiaferguson@example.net,61,Other,Retail,North America,201-500,Premium,2019-05-07
CUST07688,Robert Russell,vjenkins@example.com,28,Other,Healthcare,Asia-Pacific,11-50,Standard,2019-09-19
CUST07689,Rachael Carpenter,vjohnson@example.net,34,Male,Media & Communications,Australia & New Zealand,51-200,Standard,2020-07-20
CUST07690,Kevin Kelly,vjones@example.com,44,Male,Technology,Australia & New Zealand,201-500,Enterprise,2019-05-01
CUST07691,Patty Thomas,vkim@example.com,34,Female,Manufacturing,Australia & New Zealand,1000+,Standard,2020-10-05
CUST07692,Jeffery Chase,vking@example.org,70,Male,Technology,Europe,201-500,Free,2020-02-27
CUST07693,Katherine Lyons,vkirby@example.net,19,Male,Technology,North America,11-50,Standard,2020-09-11
CUST07694,Samuel Munoz,vkirk@example.org,65,Other,Technology,North America,1-10,Free,2020-05-14
CUST07695,Tony Smith,vknapp@example.com,29,Other,Other,Europe,201-500,Standard,2020-03-10
CUST07696,Julie Nelson,vlamb@example.com,56,Male,Technology,Other,1-10,Standard,2019-08-05
CUST07697,Jessica Dixon,vlee@example.com,44,Female,Financial Services,Australia & New Zealand,201-500,Enterprise,2019-12-16
CUST07698,Joseph Obrien,vlee@example.org,60,Other,Professional Services,Australia & New Zealand,1000+,Premium,2019-12-09
CUST07699,Rachel Silva,vlong@example.com,18,Female,Education,North America,51-200,Standard,2019-03-10
CUST07700,Jordan Reed,vlowe@example.net,25,Other,Media & Communications,North America,51-200,Standard,2020-09-29
CUST07701,Diana Gibson,vlynch@example.org,55,Other,Healthcare,North America,11-50,Premium,2019-07-04
CUST07702,Karen Santos,vmanning@example.org,62,Male,Media & Communications,Asia-Pacific,51-200,Free,2020-07-01
CUST07703,Michelle Johnston,vmartinez@example.com,21,Male,Government & Public Sector,North America,501-1000,Free,2020-07-26
CUST07704,Anna Martinez,vmartinez@example.org,24,Female,Technology,Europe,11-50,Free,2020-01-29
CUST07705,Charlotte Barnett,vmassey@example.net,37,Male,Manufacturing,Australia & New Zealand,51-200,Standard,2019-11-15
CUST07706,Kevin Daniels,vmclaughlin@example.org,56,Female,Education,North America,201-500,Premium,2019-08-19
CUST07707,Heather Mendoza,vmendez@example.net,21,Male,Retail,Other,51-200,Free,2019-11-11
CUST07708,Tasha Price,vmiller@example.com,40,Male,Technology,Australia & New Zealand,1-10,Premium,2021-01-26
CUST07709,Jeffrey Jackson,vmiller@example.org,33,Other,Professional Services,Other,51-200,Standard,2020-10-30
CUST07710,Richard Sharp,vmoore@example.com,53,Other,Manufacturing,Australia & New Zealand,11-50,Premium,2020-12-11
CUST07711,Alexander Gonzales,vmorales@example.org,59,Other,Professional Services,Other,11-50,Standard,2020-01-28
CUST07712,Devin Nguyen,vmorris@example.net,53,Other,Education,Australia & New Zealand,51-200,Standard,2018-10-06
CUST07713,Alexander Garcia,vmurray@example.net,69,Female,Other,North America,11-50,Standard,2019-11-02
CUST07714,Ian Blackwell,volsen@example.com,50,Other,Government & Public Sector,North America,51-200,Enterprise,2019-08-23
CUST07715,Barbara Harrison,vpatel@example.net,49,Male,Technology,Europe,1000+,Enterprise,2020-06-08
CUST07716,Karen Hobbs,vperry@example.net,25,Female,Professional Services,Europe,11-50,Premium,2020-10-13
CUST07717,Rachel Sanchez,vperry@example.org,33,Male,Technology,Asia-Pacific,51-200,Premium,2020-03-26
CUST07718,Morgan Anderson,vphillips@example.com,33,Female,Technology,Asia-Pacific,11-50,Standard,2020-11-12
CUST07719,Crystal Jensen,vquinn@example.net,23,Other,Technology,North America,51-200,Standard,2019-05-29
CUST07720,Rebecca Collins,vreed@example.org,23,Male,Media & Communications,Australia & New Zealand,1-10,Premium,2021-10-25
CUST07721,Andrew Friedman,vrhodes@example.com,66,Other,Healthcare,Europe,501-1000,Premium,2019-12-03
CUST07722,Timothy Holder,vrichardson@example.net,69,Female,Financial Services,Europe,201-500,Standard,2019-12-30
CUST07723,Adrian Harmon,vrivera@example.com,63,Other,Technology,North America,11-50,Premium,2019-05-19
CUST07724,Jessica Fox,vroach@example.com,29,Female,Financial Services,North America,11-50,Premium,2020-01-14
CUST07725,Rebecca Bryant,vrodriguez@example.com,61,Female,Professional Services,Asia-Pacific,51-200,Premium,2020-04-30
CUST07726,Richard Lara,vrogers@example.org,67,Other,Financial Services,North America,11-50,Free,2020-01-24
CUST07727,Michael Cruz,vsanders@example.org,37,Male,Financial Services,Asia-Pacific,201-500,Standard,2019-11-14
CUST07728,Jamie Williams,vsanford@example.org,24,Female,Other,Australia & New Zealand,11-50,Premium,2020-03-08
CUST07729,Kevin Cooper,vshaw@example.org,59,Other,Technology,Asia-Pacific,51-200,Standard,2019-12-06
CUST07730,Brian Williams,vshelton@example.net,47,Female,Technology,Europe,201-500,Premium,2020-03-03
CUST07731,Joseph King,vsmith@example.com,37,Female,Healthcare,Australia & New Zealand,201-500,Standard,2019-07-02
CUST07732,Glenda Davis,vsmith@example.net,62,Female,Technology,Europe,201-500,Premium,2020-07-01
CUST07733,Leah Allen,vstewart@example.org,63,Other,Technology,Asia-Pacific,1-10,Standard,2018-11-01
CUST07734,David Adams,vterry@example.org,53,Other,Technology,North America,11-50,Standard,2021-02-23
CUST07735,Emily Edwards,vtownsend@example.com,65,Male,Retail,North America,501-1000,Standard,2021-02-01
CUST07736,David Jackson,vunderwood@example.org,29,Male,Technology,Europe,51-200,Standard,2020-02-18
CUST07737,Selena Baldwin,vvega@example.com,18,Other,Education,North America,1000+,Free,2019-10-26
CUST07738,Stephanie Shaw,vwalker@example.net,45,Male,Education,Asia-Pacific,501-1000,Premium,2019-08-20
CUST07739,Linda Miller,vwalker@example.org,18,Male,Professional Services,North America,1-10,Standard,2018-12-04
CUST07740,Elizabeth Hudson,vward@example.com,46,Female,Technology,Asia-Pacific,51-200,Standard,2020-07-25
CUST07741,Karen Hernandez,vwhite@example.net,59,Female,Professional Services,North America,11-50,Standard,2019-11-30
CUST07742,Gabriel King,vwilcox@example.net,61,Male,Healthcare,Australia & New Zealand,11-50,Standard,2020-12-21
CUST07743,Victor Gibbs,vwilliams@example.com,47,Male,Other,Australia & New Zealand,1000+,Standard,2019-05-01
CUST07744,Kenneth Christian,vwilliams@example.net,43,Female,Technology,Europe,501-1000,Enterprise,2018-11-16
CUST07745,Veronica Jackson,vwilson@example.org,66,Female,Retail,Australia & New Zealand,11-50,Standard,2019-11-19
CUST07746,Jeffrey Hicks,wadepeter@example.org,56,Female,Retail,Australia & New Zealand,11-50,Standard,2019-12-05
CUST07747,Michelle Ramos,wadesean@example.net,44,Other,Government & Public Sector,Australia & New Zealand,51-200,Standard,2020-02-13
CUST07748,Jose Brooks,wagnercynthia@example.org,46,Male,Retail,North America,1000+,Premium,2020-01-15
CUST07749,Lee Love,wagnerleslie@example.org,59,Female,Education,Australia & New Zealand,201-500,Premium,2019-02-27
CUST07750,Sharon Lowery,wagnerlisa@example.net,60,Male,Financial Services,Europe,51-200,Standard,2021-07-02
CUST07751,Kenneth Larson,walexander@example.com,33,Other,Professional Services,North America,1-10,Free,2020-08-31
CUST07752,Leon Barnes,walkerangela@example.net,37,Male,Manufacturing,Australia & New Zealand,1-10,Standard,2019-01-17
CUST07753,Angela Thompson,walkerleslie@example.net,18,Female,Technology,Asia-Pacific,11-50,Premium,2020-05-14
CUST07754,Brandi Jones DDS,walkerlori@example.org,31,Male,Other,North America,1-10,Enterprise,2020-04-28
CUST07755,Bryan Blair,walkermadison@example.com,70,Female,Education,Europe,51-200,Free,2020-08-16
CUST07756,Melissa Green,walkerrachel@example.com,59,Female,Professional Services,North America,201-500,Enterprise,2019-11-18
CUST07757,Kevin Boyle,walkertracy@example.com,47,Male,Other,Asia-Pacific,51-200,Free,2021-08-22
CUST07758,Steven Kim,wallacealyssa@example.org,24,Male,Manufacturing,Europe,201-500,Free,2020-03-03
CUST07759,Renee Roberts,wallacechristopher@example.org,58,Male,Technology,Europe,1000+,Enterprise,2021-03-30
CUST07760,Cindy Carey,wallacejason@example.net,62,Male,Education,Australia & New Zealand,201-500,Premium,2019-09-04
CUST07761,Ashley Acevedo,wallen@example.com,64,Other,Technology,North America,1-10,Enterprise,2021-02-13
CUST07762,David Miller,walleric@example.org,20,Other,Government & Public Sector,Other,201-500,Standard,2018-12-23
CUST07763,Melanie Garcia,walljohn@example.net,68,Female,Professional Services,Europe,501-1000,Premium,2019-06-08
CUST07764,Tim Solis,wallkelsey@example.net,64,Female,Manufacturing,Europe,51-200,Standard,2018-08-26
CUST07765,Madison Dougherty,wallshirley@example.net,23,Female,Retail,North America,201-500,Premium,2020-06-07
CUST07766,Ruth Sims,walshjoseph@example.org,44,Female,Education,Europe,11-50,Free,2020-03-16
CUST07767,Danielle Robinson,walter21@example.com,40,Other,Healthcare,Europe,501-1000,Standard,2021-07-17
CUST07768,Leonard Jones,walterethan@example.com,53,Male,Technology,Asia-Pacific,11-50,Free,2019-09-23
CUST07769,Charles Roberts,waltergay@example.net,40,Female,Manufacturing,Australia & New Zealand,51-200,Free,2019-05-25
CUST07770,Nancy Cooke,walterowen@example.org,18,Male,Professional Services,Asia-Pacific,51-200,Standard,2020-06-24
CUST07771,Brittany Barnett,walterskimberly@example.com,68,Female,Education,North America,1-10,Standard,2019-05-19
CUST07772,Susan Lang,walterslinda@example.org,56,Other,Media & Communications,Australia & New Zealand,11-50,Standard,2020-02-11
CUST07773,Jennifer Hunter,waltonpamela@example.org,60,Male,Education,North America,1000+,Enterprise,2019-08-17
CUST07774,Aaron Adams,waltonrichard@example.com,53,Female,Healthcare,Asia-Pacific,501-1000,Premium,2020-08-31
CUST07775,John Perez,walvarez@example.com,33,Other,Other,Asia-Pacific,51-200,Enterprise,2020-01-25
CUST07776,Dennis Mcdaniel,wanda40@example.net,26,Male,Education,North America,51-200,Standard,2018-11-08
CUST07777,Wendy Bowman MD,wandabarnes@example.org,65,Female,Technology,Europe,201-500,Enterprise,2020-05-01
CUST07778,Tracy Guerrero,wandadavis@example.net,37,Female,Financial Services,North America,11-50,Standard,2019-04-26
CUST07779,Michelle Rodgers,wandamccall@example.org,54,Other,Media & Communications,Other,11-50,Standard,2019-05-03
CUST07780,Kristy Santos,wandawest@example.org,50,Other,Healthcare,North America,51-200,Enterprise,2020-05-24
CUST07781,Paula Vazquez,wanderson@example.com,61,Other,Technology,Australia & New Zealand,11-50,Premium,2019-01-23
CUST07782,Nicholas Zavala,wardamber@example.com,50,Male,Professional Services,Australia & New Zealand,201-500,Standard,2019-02-03
CUST07783,Emily Wiley,wardangela@example.com,22,Female,Professional Services,Asia-Pacific,1-10,Free,2019-09-30
CUST07784,Michael Murphy,wardmackenzie@example.com,26,Male,Professional Services,Australia & New Zealand,11-50,Standard,2021-08-11
CUST07785,Brandon Huber,wardnathan@example.org,18,Other,Professional Services,Europe,51-200,Enterprise,2019-05-13
CUST07786,Matthew Walker,warerachel@example.org,30,Female,Government & Public Sector,Other,51-200,Standard,2020-01-22
CUST07787,Mark Holder,warnerjustin@example.net,45,Other,Financial Services,North America,1000+,Premium,2019-08-26
CUST07788,Christopher Wood,warrenkaren@example.com,30,Other,Professional Services,Europe,11-50,Standard,2021-01-09
CUST07789,Robert Mann,warrenronald@example.org,31,Female,Financial Services,Australia & New Zealand,501-1000,Standard,2019-08-12
CUST07790,Stephanie Chavez,warrentami@example.net,49,Other,Education,Asia-Pacific,1000+,Premium,2020-10-09
CUST07791,Tiffany Hicks,warrenwilliam@example.org,18,Male,Government & Public Sector,North America,51-200,Premium,2019-12-12
CUST07792,Kevin Adams,washingtonadam@example.com,64,Other,Education,Asia-Pacific,201-500,Standard,2020-05-21
CUST07793,Jacob Smith,washingtonbrian@example.org,37,Male,Technology,North America,201-500,Premium,2019-09-13
CUST07794,Victoria Simmons,washingtonchristian@example.net,70,Other,Retail,Asia-Pacific,501-1000,Free,2020-02-29
CUST07795,Ashley Brown,washingtonjacqueline@example.net,21,Male,Technology,Australia & New Zealand,11-50,Free,2020-09-10
CUST07796,Lisa Spencer,washingtonjohn@example.org,58,Female,Financial Services,North America,1-10,Free,2020-07-25
CUST07797,Nathan Elliott,washingtonveronica@example.net,20,Male,Technology,Other,1000+,Standard,2021-07-16
CUST07798,Julia Salazar,watkinsbarbara@example.com,63,Other,Financial Services,Europe,1000+,Premium,2020-04-19
CUST07799,Roger Pitts,watkinslindsey@example.net,41,Male,Technology,Europe,51-200,Premium,2019-11-07
CUST07800,Troy Dunlap,watsonandrew@example.org,48,Male,Government & Public Sector,Australia & New Zealand,11-50,Free,2021-05-05
CUST07801,Betty Norton,watsonbrian@example.org,69,Male,Professional Services,Asia-Pacific,11-50,Standard,2020-01-19
CUST07802,Sierra Kelly,watsondaniel@example.net,23,Female,Media & Communications,Europe,201-500,Standard,2019-10-03
CUST07803,Jacqueline Harris,watsonjonathan@example.net,22,Male,Professional Services,Australia & New Zealand,1-10,Standard,2021-05-04
CUST07804,David Perez,watsonmargaret@example.net,18,Female,Education,Australia & New Zealand,51-200,Premium,2020-03-29
CUST07805,Kimberly Fox,watsonmichele@example.org,49,Other,Retail,Australia & New Zealand,51-200,Premium,2020-12-18
CUST07806,Kathleen Glenn,watsonryan@example.com,34,Female,Education,North America,501-1000,Standard,2020-10-17
CUST07807,Deborah Collins,wayne18@example.net,58,Male,Technology,North America,1-10,Enterprise,2018-10-16
CUST07808,Andrea Benson,wayne45@example.net,21,Male,Retail,Asia-Pacific,501-1000,Standard,2019-05-21
CUST07809,Robert Lamb,waynehunter@example.net,39,Male,Technology,Europe,1-10,Standard,2019-11-03
CUST07810,Shannon Petty,wbarrett@example.org,21,Female,Professional Services,Australia & New Zealand,51-200,Premium,2020-07-24
CUST07811,Gregory Ochoa,wbates@example.com,58,Other,Manufacturing,Asia-Pacific,51-200,Standard,2019-05-25
CUST07812,Antonio Thompson,wbennett@example.org,64,Male,Professional Services,North America,11-50,Premium,2019-12-22
CUST07813,Joshua Sullivan,wboone@example.org,65,Male,Government & Public Sector,Europe,201-500,Premium,2020-12-21
CUST07814,Angela Stafford,wbowen@example.net,41,Female,Technology,Europe,1000+,Free,2019-04-09
CUST07815,Christopher Lewis,wbrown@example.com,23,Male,Media & Communications,North America,51-200,Standard,2020-06-19
CUST07816,Keith Silva,wbrown@example.net,65,Female,Professional Services,Australia & New Zealand,11-50,Standard,2020-08-05
CUST07817,Allison Jones,wcarter@example.com,40,Male,Other,Other,1000+,Premium,2021-06-05
CUST07818,Brian Li,wcox@example.net,58,Female,Other,Asia-Pacific,11-50,Standard,2020-02-23
CUST07819,Michael Mullen,wdixon@example.org,45,Male,Financial Services,Asia-Pacific,51-200,Free,2020-11-04
CUST07820,Stephen Hicks,wdunn@example.com,29,Female,Technology,Australia & New Zealand,11-50,Premium,2019-07-09
CUST07821,Beverly Scott,weaverkimberly@example.org,52,Male,Retail,Other,51-200,Standard,2020-10-01
CUST07822,William Garcia,webbbrian@example.net,39,Female,Financial Services,North America,1-10,Standard,2020-05-30
CUST07823,Jennifer Russell,webbteresa@example.net,34,Female,Professional Services,Europe,201-500,Enterprise,2021-01-08
CUST07824,Rhonda Hurley,webbtimothy@example.net,60,Male,Retail,Australia & New Zealand,1-10,Premium,2021-09-05
CUST07825,Carlos Johnson,webertamara@example.com,24,Male,Education,North America,1-10,Standard,2020-10-16
CUST07826,Amy Watts,weissjames@example.com,31,Male,Professional Services,Asia-Pacific,51-200,Premium,2019-03-28
CUST07827,Heather Henderson,welliott@example.com,58,Other,Professional Services,Australia & New Zealand,201-500,Enterprise,2019-12-24
CUST07828,James Dodson,wellsdaniel@example.net,68,Other,Professional Services,Europe,1-10,Standard,2019-04-15
CUST07829,Nicole Nelson,wellsjimmy@example.net,30,Female,Manufacturing,North America,501-1000,Standard,2019-11-05
CUST07830,George Neal,wendy13@example.org,70,Female,Other,North America,51-200,Enterprise,2020-10-25
CUST07831,Susan Medina,wendy43@example.com,25,Male,Professional Services,Asia-Pacific,11-50,Standard,2019-09-12
CUST07832,Jeffrey Sanchez,wendy55@example.com,32,Female,Retail,Australia & New Zealand,51-200,Premium,2019-06-24
CUST07833,Dawn Knox,wendy99@example.com,49,Female,Retail,Europe,51-200,Free,2021-01-07
CUST07834,Michael Paul,wendyfranklin@example.net,56,Female,Education,Australia & New Zealand,1-10,Enterprise,2020-12-16
CUST07835,Derek Watts,wendymiller@example.com,56,Female,Education,Australia & New Zealand,11-50,Standard,2020-10-31
CUST07836,Kimberly Griffin,werickson@example.net,55,Other,Financial Services,Asia-Pacific,1000+,Standard,2020-08-03
CUST07837,Judith Clark,wernerheather@example.net,49,Other,Financial Services,Europe,11-50,Premium,2020-09-10
CUST07838,Roberto Harvey,wesley80@example.org,39,Other,Education,North America,1000+,Standard,2020-10-23
CUST07839,Jessica Williams,westryan@example.com,34,Other,Technology,North America,51-200,Premium,2020-03-21
CUST07840,Lynn White,wflores@example.org,53,Male,Professional Services,Europe,11-50,Premium,2021-04-18
CUST07841,Shane Gomez,wfrey@example.org,56,Male,Financial Services,Europe,201-500,Premium,2019-09-01
CUST07842,Benjamin Noble,wgallegos@example.net,65,Other,Retail,Australia & New Zealand,201-500,Standard,2020-08-13
CUST07843,Karen Woods,wgraves@example.net,31,Male,Healthcare,North America,1000+,Premium,2019-04-19
CUST07844,James Hughes,wharris@example.net,61,Female,Education,Europe,201-500,Standard,2020-04-18
CUST07845,Thomas West,whaynes@example.net,25,Female,Other,Asia-Pacific,11-50,Enterprise,2019-12-14
CUST07846,Valerie Cooper,whernandez@example.org,34,Female,Professional Services,North America,11-50,Premium,2019-09-30
CUST07847,Tracy Johnston,whill@example.org,51,Male,Healthcare,North America,11-50,Standard,2019-09-11
CUST07848,Toni Gardner,whitealexander@example.net,21,Male,Financial Services,Asia-Pacific,11-50,Free,2020-11-25
CUST07849,Joshua Hughes,whiteallison@example.com,43,Male,Media & Communications,Other,1000+,Premium,2020-03-16
CUST07850,John Morgan,whiteandrea@example.net,27,Other,Media & Communications,Other,1-10,Standard,2020-02-06
CUST07851,Patrick Burns,whitechristopher@example.org,27,Male,Financial Services,Australia & New Zealand,11-50,Premium,2019-03-27
CUST07852,Julie Christensen,whitedalton@example.net,58,Female,Government & Public Sector,Asia-Pacific,51-200,Standard,2020-01-09
CUST07853,Elizabeth Franklin,whitedonald@example.net,34,Other,Government & Public Sector,Australia & New Zealand,51-200,Premium,2020-09-11
CUST07854,Eddie Reed,whitegregory@example.com,28,Other,Manufacturing,Europe,51-200,Free,2020-12-18
CUST07855,Sarah Lopez,whiteheadlisa@example.org,63,Other,Education,Europe,51-200,Standard,2020-07-16
CUST07856,Shannon Chase,whitejimmy@example.org,47,Male,Technology,North America,1000+,Premium,2020-08-16
CUST07857,Raymond Mitchell,whitelarry@example.net,60,Female,Professional Services,North America,51-200,Standard,2020-07-14
CUST07858,Kyle Hayden,whitematthew@example.net,30,Male,Retail,Asia-Pacific,1000+,Standard,2020-04-27
CUST07859,Andrew Mckenzie,whitesarah@example.org,21,Male,Technology,Europe,51-200,Free,2018-12-19
CUST07860,Brenda Bennett,whiteteresa@example.com,43,Female,Financial Services,Europe,51-200,Free,2019-04-12
CUST07861,Larry Williams,whitezachary@example.com,18,Female,Technology,North America,1000+,Standard,2021-01-12
CUST07862,Donna Hughes,whitney80@example.com,23,Other,Professional Services,Australia & New Zealand,201-500,Standard,2019-08-22
CUST07863,Kristin Mann,whitneykaufman@example.com,25,Male,Financial Services,Europe,51-200,Free,2020-01-09
CUST07864,Jacob Lewis,whoffman@example.org,61,Other,Technology,Australia & New Zealand,201-500,Standard,2020-07-02
CUST07865,Jessica Smith,whogan@example.org,58,Other,Technology,Europe,201-500,Premium,2018-10-04
CUST07866,Kevin Johnson,whorton@example.org,49,Female,Professional Services,Australia & New Zealand,51-200,Standard,2020-07-12
CUST07867,Craig Brown,wigginskevin@example.com,58,Female,Technology,Europe,201-500,Enterprise,2019-10-02
CUST07868,Sandra Dalton,wilcoxraymond@example.org,45,Other,Other,Asia-Pacific,11-50,Premium,2020-01-10
CUST07869,Fernando Gentry,wileyalyssa@example.net,23,Female,Other,Australia & New Zealand,201-500,Premium,2019-05-20
CUST07870,Melissa Mills,wileyjaime@example.com,69,Male,Healthcare,Asia-Pacific,501-1000,Standard,2019-11-23
CUST07871,Edward Patterson,wilkersonseth@example.com,30,Other,Financial Services,Australia & New Zealand,51-200,Premium,2020-03-23
CUST07872,Paige Mueller,wilkinsmitchell@example.org,23,Female,Healthcare,Australia & New Zealand,1-10,Free,2020-08-18
CUST07873,Shelby Taylor,wilkinsoncarol@example.net,41,Female,Healthcare,Asia-Pacific,51-200,Enterprise,2019-08-14
CUST07874,Heather Cox,wilkinsoncynthia@example.com,36,Female,Retail,North America,201-500,Enterprise,2020-07-11
CUST07875,Tristan Jacobs,wilkinsontammy@example.com,56,Female,Media & Communications,Australia & New Zealand,11-50,Standard,2020-03-01
CUST07876,Michael Day,william07@example.org,46,Female,Professional Services,Europe,51-200,Standard,2019-08-01
CUST07877,Robyn Pratt,william08@example.com,42,Female,Healthcare,North America,51-200,Standard,2020-04-25
CUST07878,William Evans,william11@example.com,20,Male,Education,Australia & New Zealand,501-1000,Standard,2019-12-18
CUST07879,Melissa Sellers,william18@example.com,66,Male,Professional Services,North America,1-10,Premium,2021-01-22
CUST07880,Christopher Gutierrez,william23@example.net,21,Male,Healthcare,Europe,51-200,Standard,2020-09-08
CUST07881,Anne Esparza,william29@example.com,29,Female,Technology,Asia-Pacific,51-200,Premium,2020-01-11
CUST07882,Brandi Avery,william31@example.net,57,Other,Manufacturing,Europe,11-50,Standard,2020-09-30
CUST07883,Sabrina Martinez,william37@example.com,47,Female,Healthcare,Australia & New Zealand,11-50,Premium,2019-06-23
CUST07884,Patrick Hall,william43@example.org,20,Female,Education,Asia-Pacific,501-1000,Enterprise,2019-05-13
CUST07885,Barbara Martinez,william51@example.net,42,Female,Professional Services,Other,51-200,Premium,2019-10-06
CUST07886,Sharon Rodriguez,william55@example.com,28,Female,Financial Services,North America,201-500,Premium,2019-04-28
CUST07887,Alyssa Lucas,william55@example.net,69,Female,Other,North America,201-500,Enterprise,2020-08-11
CUST07888,Theresa Rivera,william61@example.net,53,Female,Professional Services,Australia & New Zealand,11-50,Standard,2020-04-05
CUST07889,Patricia Stewart,william66@example.net,66,Other,Financial Services,Australia & New Zealand,11-50,Standard,2019-09-18
CUST07890,Cindy Ward,william69@example.org,28,Male,Retail,Asia-Pacific,11-50,Standard,2020-09-07
CUST07891,Sharon Frederick,william84@example.net,67,Other,Education,Australia & New Zealand,51-200,Enterprise,2019-11-15
CUST07892,Kevin Smith,william88@example.net,24,Female,Technology,Australia & New Zealand,11-50,Free,2019-11-02
CUST07893,Jennifer Morgan,williamandrews@example.net,32,Female,Professional Services,North America,51-200,Enterprise,2020-04-07
CUST07894,Gary Wilson,williamcarlson@example.net,41,Female,Manufacturing,Australia & New Zealand,501-1000,Enterprise,2020-08-28
CUST07895,Jonathan Thornton,williamcarter@example.net,54,Female,Healthcare,North America,201-500,Premium,2021-06-02
CUST07896,Seth Allen,williamcortez@example.com,22,Other,Government & Public Sector,Europe,1-10,Standard,2021-02-27
CUST07897,Jeremy George,williamfitzgerald@example.com,38,Male,Education,Australia & New Zealand,51-200,Premium,2018-10-29
CUST07898,Jenna Gomez,williamhayden@example.org,67,Male,Retail,Asia-Pacific,1000+,Free,2019-11-06
CUST07899,Joseph Gray,williamhill@example.org,57,Other,Professional Services,Europe,51-200,Premium,2021-05-18
CUST07900,Stephen Carter,williamhoffman@example.net,40,Female,Media & Communications,Other,201-500,Standard,2019-05-18
CUST07901,Marc Prince IV,williamjohnson@example.org,62,Male,Education,North America,1-10,Standard,2020-09-01
CUST07902,Mary Simmons,williammason@example.net,37,Male,Government & Public Sector,Asia-Pacific,51-200,Premium,2019-11-05
CUST07903,Julia Pacheco,williammccullough@example.net,44,Other,Healthcare,North America,51-200,Enterprise,2020-02-09
CUST07904,John Mcconnell,williammendoza@example.org,60,Other,Financial Services,North America,1000+,Free,2019-03-15
CUST07905,Pedro Rojas,williammiddleton@example.net,27,Male,Technology,Other,1-10,Free,2019-07-20
CUST07906,Amy Neal,williammorris@example.net,54,Other,Professional Services,Europe,201-500,Enterprise,2021-04-24
CUST07907,Kimberly Paul,williammurphy@example.net,69,Female,Education,Asia-Pacific,1-10,Standard,2020-05-03
CUST07908,Ruth Fritz,williamnelson@example.net,18,Female,Retail,Asia-Pacific,201-500,Premium,2020-05-20
CUST07909,Trevor Mendez,williampage@example.com,46,Female,Financial Services,Australia & New Zealand,1-10,Free,2020-06-16
CUST07910,Joy Chavez,williamperkins@example.org,62,Other,Manufacturing,Australia & New Zealand,1000+,Standard,2020-11-06
CUST07911,Maria Oneal,williampeterson@example.org,36,Female,Professional Services,Europe,201-500,Free,2019-12-19
CUST07912,Johnathan Wallace,williampowell@example.org,54,Male,Healthcare,North America,11-50,Standard,2020-01-23
CUST07913,Cynthia Nolan,williamramirez@example.com,29,Other,Technology,Australia & New Zealand,201-500,Enterprise,2020-11-03
CUST07914,Brenda Newman,williamsamy@example.net,53,Female,Technology,Australia & New Zealand,11-50,Enterprise,2020-11-28
CUST07915,Megan Perez,williamsangela@example.com,30,Female,Professional Services,North America,201-500,Premium,2019-12-18
CUST07916,Jeremy Collins II,williamsanthony@example.org,45,Male,Technology,North America,51-200,Standard,2020-08-23
CUST07917,Jonathan Pollard,williamsantiago@example.org,27,Female,Government & Public Sector,Australia & New Zealand,1-10,Standard,2019-08-06
CUST07918,Rebecca Collins,williamscharles@example.com,42,Male,Retail,North America,201-500,Standard,2019-05-01
CUST07919,Michael Chen,williamscheryl@example.com,66,Male,Other,North America,51-200,Standard,2021-09-02
CUST07920,John Oconnor,williamschristine@example.com,21,Other,Healthcare,Australia & New Zealand,201-500,Enterprise,2020-02-23
CUST07921,Sarah Cole,williamscynthia@example.org,50,Female,Professional Services,Europe,51-200,Standard,2020-10-18
CUST07922,Robert Hernandez,williamsdaniel@example.net,35,Female,Education,Australia & New Zealand,51-200,Premium,2021-05-31
CUST07923,Bradley Graham,williamsdonna@example.com,69,Female,Education,North America,1000+,Free,2020-06-04
CUST07924,Jennifer Smith,williamsemily@example.org,48,Other,Other,Other,1000+,Premium,2020-02-14
CUST07925,David Daniels,williamsgloria@example.org,31,Male,Retail,Australia & New Zealand,51-200,Standard,2020-03-21
CUST07926,Lee Pearson,williamshaw@example.com,62,Female,Media & Communications,Asia-Pacific,1-10,Standard,2020-04-15
CUST07927,Cameron Stout,williamsjacqueline@example.org,59,Male,Professional Services,North America,11-50,Premium,2019-01-03
CUST07928,Elizabeth Mcdonald,williamsjeffrey@example.net,27,Male,Retail,Asia-Pacific,11-50,Standard,2020-12-23
CUST07929,Robert Palmer,williamsjonathan@example.com,54,Female,Financial Services,Asia-Pacific,1000+,Premium,2021-02-23
CUST07930,Alexandria Burke,williamsmarvin@example.net,70,Other,Professional Services,Europe,1-10,Free,2020-01-24
CUST07931,Jason May,williamsmatthew@example.net,58,Female,Financial Services,Europe,201-500,Standard,2018-12-12
CUST07932,Christopher Jenkins,williamsmegan@example.com,35,Male,Professional Services,Asia-Pacific,201-500,Enterprise,2020-08-02
CUST07933,Carolyn Lambert,williamsmith@example.net,54,Female,Professional Services,Australia & New Zealand,11-50,Premium,2021-06-05
CUST07934,Brian Brown,williamsmith@example.org,49,Female,Professional Services,North America,201-500,Enterprise,2020-01-28
CUST07935,Laura Lambert,williamsteresa@example.org,48,Other,Technology,Europe,51-200,Standard,2019-05-26
CUST07936,Charles Kelly,williamstewart@example.com,69,Male,Education,Australia & New Zealand,501-1000,Enterprise,2018-11-18
CUST07937,Kelly Ochoa,williamswesley@example.com,47,Male,Retail,Australia & New Zealand,11-50,Premium,2019-10-08
CUST07938,Ryan Ewing,williamwagner@example.net,66,Male,Media & Communications,Australia & New Zealand,11-50,Free,2018-10-24
CUST07939,Christopher Green,williamwilliams@example.net,58,Male,Retail,Other,11-50,Standard,2019-09-23
CUST07940,Julie Liu,williamwood@example.org,65,Female,Healthcare,North America,11-50,Standard,2021-02-07
CUST07941,Donna Cunningham,willie09@example.net,38,Female,Manufacturing,Australia & New Zealand,51-200,Premium,2019-02-03
CUST07942,Crystal Carpenter,willie21@example.com,18,Female,Technology,Europe,201-500,Free,2020-12-27
CUST07943,Brian Diaz,willie82@example.net,56,Other,Healthcare,Australia & New Zealand,11-50,Premium,2019-06-10
CUST07944,Charles Ryan,willie99@example.net,57,Other,Education,Australia & New Zealand,11-50,Standard,2019-03-14
CUST07945,Christina Torres,willisbruce@example.com,37,Other,Healthcare,Europe,11-50,Premium,2020-09-02
CUST07946,Aaron Henry,willisjason@example.org,70,Other,Professional Services,Australia & New Zealand,51-200,Premium,2020-04-03
CUST07947,Deanna Hayes,willisrobert@example.com,50,Female,Technology,Australia & New Zealand,51-200,Premium,2020-07-02
CUST07948,Kathryn Baker,wilsonadam@example.com,27,Female,Professional Services,North America,51-200,Free,2019-07-05
CUST07949,Traci Haynes,wilsonandrea@example.net,33,Other,Professional Services,North America,201-500,Free,2020-09-16
CUST07950,Wanda Martinez,wilsonbrooke@example.org,70,Other,Financial Services,Asia-Pacific,501-1000,Free,2020-05-28
CUST07951,Lori Collier,wilsondavid@example.com,68,Other,Technology,Other,1000+,Standard,2020-10-15
CUST07952,Matthew Wilson,wilsondavid@example.org,45,Male,Technology,North America,11-50,Premium,2019-01-05
CUST07953,Amber Nguyen,wilsonderek@example.net,55,Male,Other,Asia-Pacific,51-200,Standard,2020-09-02
CUST07954,Christine Harper,wilsonheather@example.net,65,Male,Technology,Europe,201-500,Premium,2020-08-19
CUST07955,Dr. Karen Edwards,wilsonjonathan@example.org,37,Other,Professional Services,North America,51-200,Premium,2021-11-19
CUST07956,Joseph Ferguson,wilsonkenneth@example.net,25,Male,Professional Services,Asia-Pacific,51-200,Standard,2020-06-07
CUST07957,Laura Bush,wilsonmatthew@example.net,68,Female,Education,Europe,1000+,Premium,2019-05-02
CUST07958,Lisa Tucker,wilsonmelissa@example.org,20,Female,Education,Asia-Pacific,201-500,Standard,2020-03-07
CUST07959,Brooke Ramos,wilsonmichael@example.com,29,Male,Education,Other,51-200,Standard,2020-09-02
CUST07960,Michael Fox,wilsonmichael@example.net,48,Other,Financial Services,Australia & New Zealand,1000+,Enterprise,2019-01-08
CUST07961,Matthew Vargas,wilsonryan@example.org,68,Other,Technology,Australia & New Zealand,1000+,Free,2020-03-21
CUST07962,Troy Smith,wilsonsarah@example.org,56,Other,Healthcare,Australia & New Zealand,51-200,Premium,2021-02-22
CUST07963,Brenda Warner,wisedebra@example.net,51,Female,Financial Services,Other,201-500,Standard,2020-07-10
CUST07964,Samuel Delgado II,wjackson@example.com,27,Other,Retail,Australia & New Zealand,501-1000,Premium,2021-08-05
CUST07965,Kenneth White,wjacobson@example.net,45,Other,Technology,Australia & New Zealand,201-500,Standard,2020-10-29
CUST07966,Russell Floyd,wjames@example.org,19,Male,Education,Australia & New Zealand,201-500,Standard,2021-10-31
CUST07967,Amber Phillips,wjordan@example.org,44,Other,Financial Services,Asia-Pacific,51-200,Standard,2020-05-29
CUST07968,Tammy Johnson,wjoyce@example.com,25,Other,Other,Asia-Pacific,51-200,Premium,2020-06-20
CUST07969,Cody Martin,wkelley@example.net,49,Male,Media & Communications,Australia & New Zealand,201-500,Enterprise,2020-09-18
CUST07970,Lauren Romero,wkirk@example.com,26,Male,Technology,Europe,11-50,Free,2020-05-15
CUST07971,Jessica Kim,wlambert@example.net,60,Male,Retail,Europe,51-200,Standard,2021-03-03
CUST07972,Erik Anderson,wlarsen@example.net,47,Female,Technology,Europe,201-500,Standard,2020-04-03
CUST07973,Sarah Ford,wlee@example.net,42,Female,Education,North America,11-50,Standard,2019-11-07
CUST07974,William Flores,wlewis@example.net,25,Male,Financial Services,Australia & New Zealand,51-200,Premium,2020-03-10
CUST07975,Lisa Clark,wlopez@example.org,55,Male,Professional Services,Australia & New Zealand,1000+,Standard,2020-02-03
CUST07976,Michael Schultz,wlucas@example.net,47,Other,Technology,Europe,51-200,Free,2019-05-03
CUST07977,Daniel Lowe,wmassey@example.org,39,Other,Technology,Asia-Pacific,51-200,Premium,2020-08-18
CUST07978,Shane Merritt,wmatthews@example.org,37,Male,Retail,Europe,501-1000,Standard,2020-03-10
CUST07979,Lisa Brown,wmcconnell@example.com,31,Male,Professional Services,Asia-Pacific,501-1000,Standard,2020-12-09
CUST07980,Jessica Vincent,wmcdowell@example.net,46,Other,Education,Europe,201-500,Standard,2019-04-19
CUST07981,Johnny Carson,wmcpherson@example.net,70,Male,Government & Public Sector,Australia & New Zealand,51-200,Enterprise,2019-12-13
CUST07982,Kendra Murphy,wmoore@example.com,45,Female,Financial Services,North America,51-200,Free,2019-04-21
CUST07983,Michael Washington,wmoore@example.org,56,Female,Technology,North America,1000+,Premium,2019-11-08
CUST07984,Tony Marsh,wmorris@example.org,69,Male,Professional Services,Australia & New Zealand,201-500,Premium,2021-05-28
CUST07985,Charles Benson,wmoses@example.net,49,Female,Professional Services,Australia & New Zealand,1-10,Free,2021-05-16
CUST07986,Maureen Bates,wnavarro@example.org,50,Female,Professional Services,Australia & New Zealand,11-50,Free,2020-09-21
CUST07987,Antonio Macdonald,wnelson@example.org,54,Female,Technology,North America,501-1000,Standard,2019-09-13
CUST07988,Katherine Moore,wnguyen@example.net,50,Female,Media & Communications,Asia-Pacific,11-50,Enterprise,2021-05-17
CUST07989,Michele Johnson,wnguyen@example.org,64,Female,Technology,Europe,201-500,Standard,2021-02-04
CUST07990,Monique Thornton,wolson@example.com,48,Other,Professional Services,Australia & New Zealand,51-200,Enterprise,2020-08-29
CUST07991,Shelia Larsen,wongamy@example.org,63,Female,Technology,North America,51-200,Premium,2019-08-29
CUST07992,John Miller,woodardbrittney@example.com,32,Female,Retail,Other,11-50,Premium,2019-12-10
CUST07993,David Bray,woodjustin@example.com,31,Male,Media & Communications,North America,501-1000,Standard,2019-11-07
CUST07994,Justin Giles,woodmargaret@example.org,22,Male,Retail,Other,11-50,Standard,2020-02-29
CUST07995,Lisa Gates,woodnathan@example.com,27,Other,Technology,Australia & New Zealand,201-500,Standard,2018-09-21
CUST07996,Latoya Ramos,woodsdebra@example.net,46,Male,Technology,North America,51-200,Standard,2021-02-02
CUST07997,Amy Smith,woodsrandall@example.org,23,Female,Technology,Other,1-10,Standard,2020-11-09
CUST07998,Michele Gutierrez MD,woodsronald@example.org,48,Female,Technology,Other,51-200,Premium,2021-05-21
CUST07999,Raymond Hernandez,woodwardabigail@example.net,53,Male,Technology,Australia & New Zealand,11-50,Enterprise,2020-04-13
CUST08000,Steven Johnson,woodwardgregory@example.org,23,Male,Media & Communications,Australia & New Zealand,1-10,Standard,2020-07-20
CUST08001,Lisa Thompson,woodwardsandra@example.com,63,Male,Education,Australia & New Zealand,1000+,Standard,2020-09-24
CUST08002,Kristina Munoz,wperez@example.net,30,Female,Technology,Australia & New Zealand,51-200,Standard,2021-03-09
CUST08003,Jasmine Foley,wpham@example.com,42,Male,Technology,North America,11-50,Standard,2020-11-06
CUST08004,Roger Padilla,wproctor@example.com,52,Female,Education,Australia & New Zealand,1-10,Premium,2019-02-26
CUST08005,Paul Ross,wramos@example.com,40,Male,Other,North America,51-200,Standard,2020-03-29
CUST08006,Brent Burke,wrice@example.org,28,Female,Manufacturing,North America,1-10,Standard,2020-05-02
CUST08007,Julie Moore,wrightbrandon@example.com,22,Male,Technology,North America,11-50,Standard,2019-11-17
CUST08008,Justin Clark,wrightchristopher@example.net,39,Female,Healthcare,Australia & New Zealand,1-10,Free,2021-01-23
CUST08009,Kristen Rodriguez,wrightcory@example.com,63,Male,Manufacturing,North America,1-10,Premium,2019-07-25
CUST08010,Cheryl Smith,wrightkelly@example.org,45,Other,Media & Communications,Australia & New Zealand,11-50,Premium,2020-05-09
CUST08011,Sean Turner,wrightmichael@example.net,35,Other,Financial Services,Australia & New Zealand,11-50,Free,2019-11-27
CUST08012,Richard Elliott,wrightmichael@example.org,55,Male,Other,Europe,11-50,Standard,2019-08-14
CUST08013,Elizabeth Walton,wrightsally@example.net,38,Male,Financial Services,Australia & New Zealand,11-50,Standard,2020-04-15
CUST08014,Gina Wood,wrivera@example.com,47,Male,Other,Other,51-200,Standard,2019-07-05
CUST08015,Dana Walker,wroberts@example.com,70,Male,Professional Services,Australia & New Zealand,201-500,Free,2019-12-02
CUST08016,Marissa Bryant,wrush@example.com,64,Female,Professional Services,Europe,1-10,Premium,2020-04-28
CUST08017,Joseph Reed,wrussell@example.org,26,Other,Healthcare,Asia-Pacific,201-500,Enterprise,2018-07-08
CUST08018,Kenneth Bryant Jr.,wsanchez@example.com,46,Female,Healthcare,Asia-Pacific,501-1000,Standard,2020-03-25
CUST08019,Cathy Chambers,wsanchez@example.net,35,Male,Government & Public Sector,Europe,1000+,Standard,2019-02-27
CUST08020,Calvin Benson,wschroeder@example.com,62,Male,Government & Public Sector,Asia-Pacific,11-50,Premium,2020-05-01
CUST08021,Jessica Chase,wschwartz@example.com,45,Female,Financial Services,Asia-Pacific,1000+,Standard,2019-09-26
CUST08022,Olivia Lambert,wschwartz@example.org,62,Other,Financial Services,Australia & New Zealand,11-50,Standard,2020-10-07
CUST08023,Melissa Pierce,wshepherd@example.com,28,Other,Manufacturing,Europe,201-500,Enterprise,2020-01-25
CUST08024,Richard Black,wstevens@example.com,41,Male,Technology,Other,501-1000,Standard,2020-03-04
CUST08025,Michael Brown,wthomas@example.net,69,Other,Financial Services,Asia-Pacific,51-200,Enterprise,2020-05-10
CUST08026,Patrick Byrd,wunderwood@example.net,63,Male,Media & Communications,North America,11-50,Enterprise,2020-07-08
CUST08027,Tracy White,wvargas@example.com,64,Male,Manufacturing,North America,1-10,Enterprise,2020-10-04
CUST08028,Michael Welch,wvasquez@example.net,53,Other,Financial Services,Australia & New Zealand,51-200,Standard,2019-11-28
CUST08029,Pamela Lee,wward@example.net,34,Other,Media & Communications,Asia-Pacific,201-500,Premium,2018-09-05
CUST08030,Miss Stacey Kane,wware@example.org,21,Male,Retail,Australia & New Zealand,51-200,Standard,2019-10-08
CUST08031,Stacey Mason,wwilliams@example.net,21,Female,Manufacturing,Australia & New Zealand,201-500,Premium,2021-04-10
CUST08032,Daniel Garcia,wwilliams@example.org,30,Male,Technology,Asia-Pacific,51-200,Premium,2019-03-07
CUST08033,Jennifer Clark,wwilson@example.net,57,Female,Technology,North America,11-50,Standard,2020-05-30
CUST08034,Cynthia Lopez,wwinters@example.com,29,Female,Manufacturing,Australia & New Zealand,1-10,Free,2019-04-18
CUST08035,Andrew Lester,wwolf@example.net,39,Other,Professional Services,Asia-Pacific,51-200,Standard,2019-08-27
CUST08036,Joe Flores,wyates@example.com,31,Male,Technology,Australia & New Zealand,51-200,Standard,2020-08-10
CUST08037,Stephanie Price,wyatt10@example.org,20,Other,Media & Communications,Asia-Pacific,201-500,Standard,2019-12-24
CUST08038,Brittany Tucker,xali@example.org,45,Other,Government & Public Sector,Australia & New Zealand,11-50,Standard,2020-07-08
CUST08039,Thomas Robinson,xarmstrong@example.net,68,Female,Media & Communications,Europe,11-50,Standard,2020-01-26
CUST08040,Jennifer Morales,xarnold@example.net,62,Female,Technology,Asia-Pacific,1000+,Standard,2020-06-13
CUST08041,Emma Mendoza MD,xaustin@example.org,55,Male,Retail,Europe,1-10,Enterprise,2019-12-27
CUST08042,Richard Mccarthy,xbailey@example.com,59,Female,Healthcare,Australia & New Zealand,51-200,Free,2019-05-14
CUST08043,Barry Myers,xball@example.org,49,Male,Technology,Asia-Pacific,51-200,Enterprise,2020-05-26
CUST08044,Eric Stokes,xbradley@example.com,67,Female,Other,North America,11-50,Standard,2018-12-06
CUST08045,Julie Arellano,xbrown@example.com,32,Male,Financial Services,Europe,51-200,Premium,2020-01-26
CUST08046,Lisa Sparks,xbrowning@example.net,58,Other,Healthcare,North America,201-500,Standard,2019-01-18
CUST08047,Eric Mora,xcabrera@example.com,23,Female,Professional Services,Europe,501-1000,Premium,2020-02-14
CUST08048,Cheryl Fisher,xcarr@example.com,63,Other,Other,Australia & New Zealand,51-200,Enterprise,2019-09-13
CUST08049,Laura Fletcher,xchavez@example.net,50,Other,Education,Asia-Pacific,11-50,Standard,2019-05-10
CUST08050,Joshua Johnson,xclark@example.com,43,Female,Manufacturing,Europe,51-200,Standard,2021-08-07
CUST08051,James Hoover,xcruz@example.com,42,Other,Technology,Australia & New Zealand,1000+,Free,2020-04-06
CUST08052,Bryan Perez,xcuevas@example.org,52,Other,Retail,Australia & New Zealand,11-50,Enterprise,2019-07-12
CUST08053,Donald Anderson,xcummings@example.org,34,Other,Professional Services,Australia & New Zealand,51-200,Free,2020-06-12
CUST08054,William Sanchez,xdavis@example.org,28,Male,Retail,Australia & New Zealand,1-10,Premium,2019-10-24
CUST08055,Jeffrey Hall,xdominguez@example.com,60,Male,Professional Services,Asia-Pacific,1000+,Standard,2020-06-23
CUST08056,Mrs. Judith Gordon,xdoyle@example.net,69,Male,Professional Services,Australia & New Zealand,1000+,Premium,2021-04-25
CUST08057,Anthony Miller,xelliott@example.net,29,Male,Education,North America,501-1000,Premium,2020-06-10
CUST08058,Beverly Rivera,xellis@example.com,40,Male,Education,Australia & New Zealand,51-200,Enterprise,2020-04-16
CUST08059,Amanda Hall DDS,xfranklin@example.org,70,Male,Media & Communications,Europe,11-50,Premium,2020-10-27
CUST08060,Tricia Booker,xgarcia@example.com,22,Other,Media & Communications,Asia-Pacific,501-1000,Enterprise,2019-03-28
CUST08061,Alex Valdez,xgiles@example.com,27,Female,Financial Services,Europe,1000+,Enterprise,2020-02-12
CUST08062,Jason Burns,xgoodman@example.com,51,Other,Government & Public Sector,North America,51-200,Premium,2019-01-19
CUST08063,Karen Calderon,xgross@example.com,32,Female,Government & Public Sector,Australia & New Zealand,201-500,Standard,2021-02-28
CUST08064,Ashley Mckee,xhardin@example.com,59,Other,Healthcare,North America,51-200,Premium,2020-10-27
CUST08065,Julie Carey,xharris@example.net,68,Female,Other,Asia-Pacific,51-200,Enterprise,2021-06-17
CUST08066,Debra Ortiz MD,xhaynes@example.com,45,Female,Technology,Australia & New Zealand,201-500,Premium,2020-03-08
CUST08067,Stephanie Miller,xhenry@example.org,21,Male,Other,Australia & New Zealand,11-50,Premium,2020-12-07
CUST08068,Shawn Rios,xhinton@example.net,29,Male,Professional Services,Australia & New Zealand,201-500,Standard,2020-07-01
CUST08069,Bethany Weaver,xhoover@example.org,51,Male,Technology,Australia & New Zealand,11-50,Premium,2019-05-21
CUST08070,Hector Garcia,xjackson@example.net,56,Female,Professional Services,Australia & New Zealand,51-200,Standard,2019-04-20
CUST08071,John Decker,xjackson@example.org,23,Female,Media & Communications,Europe,501-1000,Enterprise,2020-02-28
CUST08072,Adam Morales,xjohnson@example.com,41,Female,Retail,Europe,501-1000,Enterprise,2020-08-10
CUST08073,Matthew Snow,xjones@example.net,37,Female,Other,Europe,51-200,Premium,2020-03-07
CUST08074,Joseph Nicholson,xjuarez@example.com,53,Other,Retail,Europe,11-50,Standard,2019-09-20
CUST08075,Heather Dawson,xkelly@example.com,38,Other,Healthcare,North America,11-50,Free,2020-01-16
CUST08076,Brittany Mcdowell,xlynn@example.com,30,Female,Manufacturing,North America,51-200,Standard,2020-04-27
CUST08077,Brenda Morris,xmanning@example.net,30,Female,Healthcare,Australia & New Zealand,51-200,Enterprise,2019-09-02
CUST08078,Eric James,xmartin@example.net,59,Female,Financial Services,North America,201-500,Premium,2020-03-11
CUST08079,Justin Johnson,xmartinez@example.net,51,Female,Retail,Australia & New Zealand,1-10,Premium,2020-09-02
CUST08080,Stephen White MD,xmoore@example.com,33,Female,Government & Public Sector,Australia & New Zealand,201-500,Premium,2018-12-21
CUST08081,Charles Hull,xmoreno@example.org,48,Other,Professional Services,Australia & New Zealand,501-1000,Enterprise,2020-03-07
CUST08082,David Thompson,xmorton@example.com,18,Female,Financial Services,Europe,1000+,Standard,2020-02-18
CUST08083,Jessica Dean,xmunoz@example.com,55,Female,Technology,Australia & New Zealand,51-200,Standard,2020-07-13
CUST08084,Kimberly Cunningham,xoliver@example.org,64,Male,Technology,North America,11-50,Premium,2020-09-13
CUST08085,Crystal Hanson,xparker@example.com,55,Female,Technology,Australia & New Zealand,51-200,Premium,2019-06-10
CUST08086,Paul Johnson,xparker@example.org,35,Other,Technology,Europe,1-10,Enterprise,2019-03-28
CUST08087,Theresa Cole MD,xpatterson@example.org,52,Female,Education,Asia-Pacific,11-50,Standard,2021-01-20
CUST08088,Susan Anthony,xpena@example.net,29,Female,Healthcare,North America,51-200,Free,2021-01-12
CUST08089,Jonathan Chang,xperkins@example.org,36,Other,Professional Services,Europe,201-500,Standard,2020-12-02
CUST08090,Megan Blackwell,xperry@example.org,56,Male,Healthcare,Australia & New Zealand,11-50,Premium,2021-01-28
CUST08091,Anne Stevenson,xphillips@example.net,52,Female,Media & Communications,Europe,501-1000,Standard,2019-11-04
CUST08092,Kathryn White,xpratt@example.org,53,Other,Technology,North America,501-1000,Premium,2020-02-09
CUST08093,Robin Vaughn,xprince@example.org,31,Other,Healthcare,Australia & New Zealand,501-1000,Free,2019-06-05
CUST08094,David White,xreyes@example.com,31,Other,Technology,Australia & New Zealand,201-500,Premium,2021-01-15
CUST08095,Michael Schneider,xreyes@example.org,43,Female,Professional Services,North America,11-50,Premium,2020-07-12
CUST08096,Andrew Yu,xrose@example.com,41,Other,Media & Communications,Asia-Pacific,501-1000,Enterprise,2019-10-04
CUST08097,Janet Perkins,xshelton@example.com,52,Other,Professional Services,Europe,201-500,Premium,2020-04-23
CUST08098,Grant Thomas,xstevenson@example.com,29,Male,Professional Services,Europe,201-500,Free,2020-01-26
CUST08099,Dr. Marc Leonard,xstone@example.org,62,Female,Professional Services,Australia & New Zealand,51-200,Free,2019-10-02
CUST08100,Jill Burton,xtaylor@example.net,20,Male,Government & Public Sector,Other,201-500,Standard,2019-12-16
CUST08101,Stephen Rivera,xthomas@example.org,58,Male,Healthcare,North America,11-50,Premium,2019-12-16
CUST08102,Debbie Carter,xvaughn@example.com,30,Other,Healthcare,North America,11-50,Premium,2021-02-04
CUST08103,Morgan Gould,xvega@example.net,35,Female,Media & Communications,Europe,51-200,Enterprise,2019-10-21
CUST08104,Karen Scott,xvilla@example.com,21,Other,Healthcare,Australia & New Zealand,501-1000,Standard,2020-01-04
CUST08105,Patrick Davis,xvillegas@example.net,19,Other,Healthcare,Other,1000+,Enterprise,2019-11-20
CUST08106,Emily Adams,xwalker@example.org,63,Other,Retail,Australia & New Zealand,51-200,Standard,2020-03-24
CUST08107,Karen Ford,xwatson@example.com,21,Female,Financial Services,Asia-Pacific,11-50,Premium,2020-02-02
CUST08108,Shannon Lee,xwatson@example.net,58,Other,Manufacturing,Europe,1000+,Enterprise,2020-01-16
CUST08109,Veronica Bentley,yaguilar@example.net,53,Female,Technology,Europe,11-50,Premium,2019-06-06
CUST08110,Joy Brown,yanderson@example.net,30,Female,Media & Communications,Europe,201-500,Free,2020-03-31
CUST08111,Alexis Dodson,yangemily@example.org,62,Female,Technology,Europe,11-50,Standard,2020-01-21
CUST08112,Tamara Ferguson DVM,yangmichelle@example.com,21,Female,Education,North America,201-500,Standard,2020-10-24
CUST08113,Steven Howard,yatesbryan@example.net,67,Male,Technology,North America,11-50,Free,2020-07-17
CUST08114,Jennifer Mccormick,ybarron@example.com,64,Male,Media & Communications,North America,501-1000,Standard,2020-09-01
CUST08115,Jeremy Morgan,yblankenship@example.org,23,Female,Healthcare,Europe,501-1000,Premium,2019-11-30
CUST08116,Amanda Hartman,ybradley@example.com,70,Other,Government & Public Sector,Europe,201-500,Premium,2019-12-25
CUST08117,Scott Bennett,ybradshaw@example.net,58,Other,Financial Services,Asia-Pacific,11-50,Enterprise,2019-08-18
CUST08118,Brian Jones,ybrock@example.org,68,Other,Retail,North America,51-200,Premium,2019-11-02
CUST08119,Christopher Johnson,ychandler@example.org,21,Female,Financial Services,North America,11-50,Free,2019-09-04
CUST08120,Steven Simon,ychristian@example.org,26,Other,Professional Services,North America,201-500,Enterprise,2021-01-21
CUST08121,Chelsey Martin,ycohen@example.com,64,Other,Retail,Europe,201-500,Free,2019-12-08
CUST08122,Aaron Carter,ycook@example.net,68,Male,Other,North America,51-200,Free,2020-08-20
CUST08123,Antonio Herrera,ydean@example.com,37,Other,Technology,North America,1-10,Premium,2020-08-29
CUST08124,Mr. Franklin Herman,yesenianeal@example.org,39,Other,Professional Services,North America,51-200,Free,2019-05-12
CUST08125,Kelly Jordan,yeseniaporter@example.com,19,Other,Technology,Other,51-200,Enterprise,2020-07-06
CUST08126,Daniel Hall,yestrada@example.org,67,Other,Professional Services,Australia & New Zealand,201-500,Standard,2021-04-13
CUST08127,Kristopher Webb,yfields@example.com,51,Other,Technology,Europe,1-10,Enterprise,2021-07-31
CUST08128,Angela Reynolds,yfisher@example.net,44,Female,Technology,Australia & New Zealand,11-50,Standard,2019-06-29
CUST08129,Kristine Chen,yfitzgerald@example.net,64,Female,Other,Other,201-500,Standard,2019-12-28
CUST08130,Margaret Arnold,yfloyd@example.org,52,Female,Technology,Other,51-200,Standard,2020-07-22
CUST08131,Anthony Brown,yfoster@example.com,67,Other,Technology,North America,1000+,Enterprise,2021-09-15
CUST08132,Lisa Swanson,yfranco@example.com,41,Other,Education,North America,51-200,Standard,2020-12-24
CUST08133,Danielle Gordon,yfrank@example.org,60,Female,Government & Public Sector,Australia & New Zealand,11-50,Free,2020-09-25
CUST08134,Michelle Wong,ygardner@example.net,37,Female,Professional Services,Other,11-50,Premium,2020-05-09
CUST08135,John Smith,ygarza@example.com,48,Other,Government & Public Sector,Asia-Pacific,201-500,Enterprise,2020-03-13
CUST08136,Derek Cohen,ygarza@example.net,28,Other,Education,Europe,51-200,Free,2020-12-08
CUST08137,Lisa Chavez,ygay@example.org,52,Male,Professional Services,Australia & New Zealand,11-50,Enterprise,2019-09-21
CUST08138,Jill Greene,ygibson@example.org,21,Male,Media & Communications,Australia & New Zealand,1000+,Free,2019-08-20
CUST08139,Brian Parker,ygonzales@example.com,22,Other,Professional Services,Europe,1-10,Premium,2019-12-23
CUST08140,Jessica Johnson,ygutierrez@example.org,24,Other,Technology,North America,501-1000,Standard,2020-05-27
CUST08141,Amy Rodriguez,yhamilton@example.com,30,Other,Professional Services,Australia & New Zealand,11-50,Standard,2020-05-12
CUST08142,Dr. Charles Cameron,yhamilton@example.org,53,Male,Financial Services,Europe,1-10,Standard,2020-04-02
CUST08143,Emily Diaz,yhansen@example.com,50,Other,Technology,Australia & New Zealand,1000+,Free,2021-04-10
CUST08144,Michele Bright,yhayes@example.org,67,Female,Financial Services,Asia-Pacific,1000+,Enterprise,2021-09-29
CUST08145,Sheila Ho,yhernandez@example.org,68,Other,Technology,Australia & New Zealand,1-10,Standard,2020-07-03
CUST08146,Jennifer Fernandez,yhickman@example.com,26,Other,Financial Services,North America,51-200,Premium,2021-06-05
CUST08147,Michelle Fields,yhill@example.com,68,Female,Education,North America,201-500,Enterprise,2019-09-10
CUST08148,Heather Castillo,yholmes@example.com,51,Male,Healthcare,Asia-Pacific,1-10,Premium,2019-10-21
CUST08149,Renee Brown,yhunter@example.com,64,Other,Government & Public Sector,Europe,1000+,Enterprise,2020-05-04
CUST08150,Leah Baker,yjackson@example.com,39,Male,Technology,North America,1-10,Standard,2019-02-08
CUST08151,Shannon Cameron,yjenkins@example.com,57,Female,Financial Services,Australia & New Zealand,51-200,Premium,2020-01-04
CUST08152,David Farley,yjohnston@example.com,48,Female,Professional Services,Europe,11-50,Premium,2019-09-20
CUST08153,Sarah Jones,yjones@example.com,68,Female,Government & Public Sector,Asia-Pacific,1-10,Standard,2019-11-12
CUST08154,Lori Torres,ylarsen@example.com,55,Female,Financial Services,Europe,1000+,Enterprise,2019-06-13
CUST08155,Amber White,ylarson@example.net,23,Other,Education,North America,1-10,Standard,2019-03-12
CUST08156,Andrew Taylor,ylarson@example.org,32,Female,Financial Services,Asia-Pacific,51-200,Free,2020-03-02
CUST08157,Amy Turner,ylee@example.org,62,Male,Other,Australia & New Zealand,51-200,Free,2020-12-04
CUST08158,Richard Arnold,ylindsey@example.net,49,Female,Healthcare,North America,51-200,Standard,2019-12-23
CUST08159,Danielle Hall,ylucas@example.net,23,Female,Education,Europe,201-500,Free,2020-04-24
CUST08160,Jessica Lara,ylyons@example.com,20,Female,Professional Services,Asia-Pacific,11-50,Enterprise,2020-04-22
CUST08161,Nicholas Murray,ymartinez@example.com,26,Female,Government & Public Sector,Europe,51-200,Free,2020-03-01
CUST08162,Michelle Hawkins,ymcclain@example.com,40,Other,Other,Australia & New Zealand,51-200,Free,2020-02-10
CUST08163,Bryce Fitzgerald,ymiles@example.net,56,Other,Healthcare,Europe,51-200,Enterprise,2020-02-17
CUST08164,Robert Hart,ymitchell@example.com,54,Female,Retail,Asia-Pacific,11-50,Standard,2019-09-08
CUST08165,Maria Murphy,ymosley@example.com,67,Female,Other,Europe,1000+,Premium,2021-01-26
CUST08166,Mrs. Crystal Callahan,ynguyen@example.org,57,Male,Other,Asia-Pacific,11-50,Free,2019-11-17
CUST08167,Patrick Fox,ynichols@example.net,29,Male,Technology,Europe,1-10,Free,2020-03-30
CUST08168,Colin Robinson,yodonnell@example.org,27,Other,Manufacturing,Australia & New Zealand,51-200,Standard,2019-10-25
CUST08169,Justin Murphy,yolanda00@example.org,60,Male,Media & Communications,Asia-Pacific,51-200,Free,2019-12-25
CUST08170,Andrew Atkins,yolanda03@example.com,68,Male,Media & Communications,Europe,1000+,Standard,2021-05-12
CUST08171,Erin Miller,yolandaduarte@example.net,32,Male,Retail,North America,11-50,Premium,2018-10-08
CUST08172,Devin Donovan,yolandatran@example.com,22,Other,Other,Australia & New Zealand,51-200,Standard,2021-06-15
CUST08173,Diane Flowers,yolandawilson@example.org,52,Male,Retail,North America,1-10,Enterprise,2020-12-23
CUST08174,Cassidy Riley,yorkmelissa@example.com,28,Female,Retail,Australia & New Zealand,11-50,Standard,2019-07-25
CUST08175,Terrance Whitehead,youngashley@example.net,32,Female,Manufacturing,Asia-Pacific,51-200,Free,2020-10-22
CUST08176,Donna Robinson,youngbenjamin@example.net,34,Other,Technology,Europe,1-10,Premium,2020-04-21
CUST08177,Aaron Martinez,youngcameron@example.org,45,Male,Professional Services,North America,11-50,Free,2020-06-29
CUST08178,Michelle Morris,youngdeborah@example.org,42,Female,Media & Communications,North America,501-1000,Premium,2020-03-05
CUST08179,Tara Roberts,youngelizabeth@example.net,65,Other,Technology,North America,201-500,Premium,2019-12-05
CUST08180,Sean Sherman,youngjames@example.net,62,Male,Financial Services,Australia & New Zealand,1-10,Standard,2021-08-14
CUST08181,Jason White,youngmatthew@example.org,40,Other,Education,Asia-Pacific,1-10,Premium,2019-03-03
CUST08182,Travis Robinson,youngmegan@example.org,33,Other,Media & Communications,Europe,51-200,Standard,2018-11-30
CUST08183,Allen Patterson DDS,youngmichael@example.org,47,Female,Healthcare,Europe,11-50,Standard,2019-09-20
CUST08184,Thomas Buckley,youngmichele@example.net,23,Male,Media & Communications,North America,1000+,Premium,2020-06-29
CUST08185,Michelle Henderson,youngraymond@example.net,54,Male,Other,Australia & New Zealand,51-200,Standard,2019-10-18
CUST08186,William Hall,youngrichard@example.net,51,Male,Retail,Australia & New Zealand,51-200,Enterprise,2020-11-07
CUST08187,Karen Dudley,youngsteven@example.net,32,Male,Healthcare,Asia-Pacific,201-500,Standard,2020-07-27
CUST08188,Kyle Green,yowens@example.net,56,Female,Financial Services,Australia & New Zealand,11-50,Enterprise,2021-04-27
CUST08189,Mark Bass,yparsons@example.com,24,Other,Manufacturing,North America,51-200,Premium,2018-10-28
CUST08190,Peter Watts,ypierce@example.org,54,Female,Technology,North America,1000+,Free,2021-01-11
CUST08191,Troy Mathis,yprice@example.net,40,Other,Healthcare,North America,501-1000,Enterprise,2020-03-19
CUST08192,Craig Anthony,yreyes@example.com,35,Female,Technology,Other,501-1000,Enterprise,2020-08-23
CUST08193,Kathleen Miller,yrivera@example.com,70,Other,Retail,Australia & New Zealand,1-10,Standard,2021-01-21
CUST08194,Leslie Lambert,yromero@example.org,44,Other,Manufacturing,Asia-Pacific,11-50,Standard,2019-11-14
CUST08195,Robert Kirby,ysanchez@example.com,54,Male,Other,Europe,51-200,Standard,2020-03-18
CUST08196,Kimberly Montes,yshelton@example.org,61,Other,Professional Services,North America,51-200,Premium,2020-01-22
CUST08197,Latoya Ware,ysmith@example.com,64,Male,Media & Communications,Asia-Pacific,11-50,Enterprise,2020-02-11
CUST08198,Kim Sawyer,ysmith@example.net,37,Male,Technology,Australia & New Zealand,201-500,Standard,2020-12-09
CUST08199,Sarah Livingston,ysmith@example.org,30,Other,Manufacturing,Europe,11-50,Free,2019-05-04
CUST08200,Richard Vasquez,ystout@example.net,28,Female,Other,North America,11-50,Standard,2019-07-03
CUST08201,Daniel Baldwin,ysullivan@example.org,63,Other,Government & Public Sector,Australia & New Zealand,1-10,Premium,2020-01-17
CUST08202,Andrea Jensen,ytaylor@example.org,49,Female,Healthcare,Australia & New Zealand,11-50,Standard,2021-07-22
CUST08203,Dennis Miller,ytownsend@example.net,69,Female,Education,Asia-Pacific,1000+,Standard,2019-11-18
CUST08204,Christopher Koch,ytownsend@example.org,44,Female,Financial Services,Other,1-10,Free,2020-05-10
CUST08205,Vincent Santiago,yturner@example.org,45,Female,Financial Services,North America,201-500,Premium,2019-11-25
CUST08206,Christopher Compton,yvonne90@example.org,45,Other,Financial Services,Asia-Pacific,501-1000,Standard,2020-10-01
CUST08207,Kevin Hudson,yvonnegeorge@example.net,24,Female,Financial Services,Europe,201-500,Standard,2019-11-13
CUST08208,James Morton,yvonnerose@example.org,44,Male,Education,Asia-Pacific,201-500,Standard,2020-01-06
CUST08209,Zachary Jimenez,ywagner@example.com,56,Other,Media & Communications,Asia-Pacific,11-50,Standard,2020-10-14
CUST08210,Heather Russell,ywalter@example.com,69,Female,Healthcare,Australia & New Zealand,1000+,Free,2019-05-24
CUST08211,Carolyn Larson,ywilliams@example.net,65,Female,Media & Communications,Australia & New Zealand,501-1000,Enterprise,2020-03-27
CUST08212,Brenda Garcia,ywilson@example.net,30,Other,Healthcare,Europe,201-500,Standard,2019-06-05
CUST08213,Andrew Armstrong,yyu@example.com,62,Female,Media & Communications,Asia-Pacific,11-50,Standard,2020-12-25
CUST08214,Mrs. Andrea Morales,yzavala@example.net,36,Other,Retail,Europe,11-50,Enterprise,2020-09-02
CUST08215,Devin Mason,zachary10@example.com,22,Female,Financial Services,North America,51-200,Standard,2019-09-10
CUST08216,Jennifer Boyer,zachary13@example.com,52,Male,Healthcare,North America,11-50,Premium,2021-05-28
CUST08217,Mr. Joshua Diaz,zachary30@example.org,47,Other,Other,Europe,51-200,Free,2020-05-08
CUST08218,Anthony Harding,zachary60@example.net,56,Male,Manufacturing,Europe,51-200,Premium,2020-07-19
CUST08219,Robert Brewer,zachary61@example.net,26,Other,Financial Services,Australia & New Zealand,11-50,Standard,2019-12-20
CUST08220,Sierra French,zachary81@example.net,49,Female,Retail,North America,11-50,Premium,2021-10-09
CUST08221,Martin Mitchell,zachary83@example.net,68,Female,Financial Services,Asia-Pacific,201-500,Free,2019-07-01
CUST08222,Dean Coleman,zacharybrewer@example.net,59,Male,Professional Services,North America,11-50,Standard,2019-12-09
CUST08223,Amy Byrd,zacharyjohnson@example.net,24,Male,Retail,Australia & New Zealand,201-500,Standard,2019-08-04
CUST08224,Lucas Johnson,zacharylopez@example.net,39,Female,Other,North America,11-50,Premium,2020-11-15
CUST08225,Mr. Daniel Price DDS,zacharypatel@example.com,42,Other,Other,North America,501-1000,Premium,2021-01-03
CUST08226,Justin Ho,zacharysingleton@example.net,42,Other,Technology,North America,1-10,Standard,2020-07-10
CUST08227,Andrea Jones,zacharysmith@example.net,26,Female,Manufacturing,Asia-Pacific,201-500,Enterprise,2020-04-06
CUST08228,Emily Sanchez,zacharyturner@example.com,35,Male,Other,Australia & New Zealand,1000+,Standard,2020-05-27
CUST08229,Justin Ross,zacharywilson@example.net,30,Male,Media & Communications,Australia & New Zealand,11-50,Standard,2021-04-24
CUST08230,Jamie Smith,zalexander@example.com,53,Male,Financial Services,Europe,51-200,Enterprise,2019-07-09
CUST08231,Alisha Vazquez,zallen@example.com,67,Male,Retail,Asia-Pacific,11-50,Premium,2020-02-10
CUST08232,Stacy Lynch,zamorahunter@example.org,64,Other,Retail,Australia & New Zealand,51-200,Premium,2021-06-04
CUST08233,Cody Schmidt,zamorajonathon@example.org,67,Male,Retail,Australia & New Zealand,501-1000,Premium,2021-03-01
CUST08234,Sandra Woods,zamorapeter@example.com,39,Female,Financial Services,Europe,11-50,Premium,2019-04-25
CUST08235,Brian Bishop,zanderson@example.com,42,Male,Professional Services,Australia & New Zealand,11-50,Standard,2020-01-24
CUST08236,Tracey Torres,zavalaalexis@example.org,52,Male,Manufacturing,Asia-Pacific,1-10,Premium,2019-04-12
CUST08237,John Stephens,zbailey@example.org,51,Other,Financial Services,North America,1000+,Standard,2019-03-20
CUST08238,Michael Delgado,zbanks@example.com,58,Female,Technology,Europe,201-500,Standard,2020-06-08
CUST08239,Terry Sims,zbarrera@example.com,70,Male,Financial Services,Australia & New Zealand,201-500,Standard,2019-10-30
CUST08240,Sharon Clarke,zbird@example.net,41,Female,Healthcare,Europe,11-50,Standard,2020-12-10
CUST08241,Tanner Conley,zbond@example.net,66,Male,Other,North America,201-500,Free,2019-08-14
CUST08242,Crystal Hammond,zbrock@example.net,49,Female,Financial Services,Europe,501-1000,Enterprise,2020-01-07
CUST08243,Elizabeth Rasmussen,zbrown@example.com,21,Male,Professional Services,Australia & New Zealand,51-200,Premium,2019-09-23
CUST08244,Kenneth Freeman,zbush@example.org,67,Other,Financial Services,Europe,1000+,Premium,2019-05-24
CUST08245,Joshua Obrien,zcalderon@example.net,27,Female,Financial Services,North America,51-200,Standard,2019-11-05
CUST08246,Bryan Gilbert,zcarr@example.net,50,Other,Technology,Australia & New Zealand,501-1000,Standard,2019-11-01
CUST08247,Kayla Lara,zcarter@example.com,18,Other,Government & Public Sector,Europe,201-500,Premium,2021-02-21
CUST08248,Beverly Perez,zcarter@example.org,27,Male,Financial Services,North America,201-500,Premium,2020-08-29
CUST08249,Marcus Greene,zclark@example.com,21,Female,Healthcare,Australia & New Zealand,11-50,Standard,2020-09-13
CUST08250,Jennifer Jones,zcoleman@example.net,44,Male,Government & Public Sector,North America,11-50,Standard,2019-11-07
CUST08251,Roberto Mckinney,zcox@example.org,70,Male,Professional Services,Asia-Pacific,11-50,Premium,2020-01-31
CUST08252,Theresa Holt,zdavis@example.org,33,Male,Technology,Other,201-500,Standard,2020-06-07
CUST08253,Lori Diaz,zdennis@example.org,58,Other,Other,Australia & New Zealand,201-500,Free,2019-12-05
CUST08254,Erika Barber,zdunn@example.net,49,Female,Government & Public Sector,Asia-Pacific,11-50,Standard,2021-03-19
CUST08255,Kyle Wilson,zedwards@example.com,46,Male,Technology,Australia & New Zealand,11-50,Free,2019-05-04
CUST08256,Brandy Manning,zfarmer@example.com,32,Male,Professional Services,Australia & New Zealand,201-500,Standard,2021-01-07
CUST08257,Ryan Gordon,zfischer@example.net,51,Other,Manufacturing,Australia & New Zealand,501-1000,Free,2020-02-17
CUST08258,Regina Murray,zfletcher@example.com,42,Female,Technology,Europe,51-200,Premium,2019-09-12
CUST08259,Evelyn Watkins,zfoley@example.net,64,Male,Education,Asia-Pacific,201-500,Premium,2019-12-16
CUST08260,John Patterson,zfriedman@example.org,58,Male,Retail,Europe,11-50,Standard,2020-04-05
CUST08261,Shannon Mccormick,zfritz@example.com,65,Female,Professional Services,Other,51-200,Enterprise,2020-12-03
CUST08262,Maria Stone,zfuller@example.com,40,Other,Manufacturing,Asia-Pacific,1000+,Premium,2019-09-23
CUST08263,Zachary Brandt,zgallagher@example.com,69,Male,Retail,Other,1-10,Premium,2021-05-10
CUST08264,Matthew Perez,zgarcia@example.org,48,Male,Manufacturing,Australia & New Zealand,11-50,Free,2019-10-26
CUST08265,Jeremiah Vargas,zgeorge@example.org,58,Female,Healthcare,North America,51-200,Free,2021-10-06
CUST08266,Debra Meyer DDS,zgriffith@example.org,40,Other,Professional Services,Europe,501-1000,Standard,2020-02-06
CUST08267,Jaime Harvey,zhansen@example.com,19,Male,Technology,Australia & New Zealand,51-200,Premium,2021-02-23
CUST08268,Cameron Bennett,zhayes@example.org,30,Other,Healthcare,North America,501-1000,Free,2019-06-08
CUST08269,Brittany Simpson,zhill@example.com,43,Male,Professional Services,Australia & New Zealand,501-1000,Standard,2020-05-30
CUST08270,Monique Lowery,zhull@example.com,63,Male,Education,Australia & New Zealand,51-200,Standard,2018-10-24
CUST08271,April Ayers,zhunt@example.net,48,Male,Technology,Australia & New Zealand,201-500,Standard,2020-04-13
CUST08272,John Wade,zingram@example.net,50,Other,Media & Communications,Europe,501-1000,Standard,2019-04-30
CUST08273,James Mathis,zjackson@example.org,21,Other,Manufacturing,Australia & New Zealand,501-1000,Premium,2019-06-27
CUST08274,Amy Estrada,zjacobson@example.org,43,Other,Other,Europe,1000+,Premium,2019-12-18
CUST08275,Andrew Smith,zjones@example.com,21,Female,Retail,North America,11-50,Premium,2020-11-10
CUST08276,Logan Myers,zkim@example.net,50,Male,Financial Services,Europe,201-500,Free,2020-11-28
CUST08277,Jessica Blanchard,zknight@example.org,48,Other,Government & Public Sector,North America,11-50,Premium,2020-02-29
CUST08278,Kathryn Gilbert,zlambert@example.org,38,Other,Technology,Europe,51-200,Standard,2019-03-31
CUST08279,Tanya Cohen,zlawson@example.com,35,Other,Professional Services,Australia & New Zealand,51-200,Standard,2020-08-26
CUST08280,Andrea Moreno,zlin@example.net,56,Female,Professional Services,Europe,51-200,Enterprise,2020-02-16
CUST08281,Carol Smith,zmarquez@example.org,64,Male,Retail,Europe,51-200,Free,2020-08-17
CUST08282,John Barnes,zmartin@example.net,36,Other,Professional Services,Europe,1000+,Premium,2020-12-28
CUST08283,Jorge Jennings,zmccall@example.org,30,Male,Education,Asia-Pacific,51-200,Standard,2020-07-24
CUST08284,Sara Sullivan,zmccormick@example.net,55,Female,Healthcare,Other,1-10,Premium,2021-07-23
CUST08285,Susan Martin,zmedina@example.com,19,Male,Education,Australia & New Zealand,201-500,Premium,2021-02-23
CUST08286,Christopher Nelson,zmorris@example.net,30,Other,Technology,Europe,201-500,Free,2019-05-05
CUST08287,Allen Singleton,zmorris@example.org,43,Male,Technology,North America,201-500,Premium,2020-01-26
CUST08288,William Santos,zmurillo@example.org,42,Other,Technology,North America,1-10,Premium,2020-12-22
CUST08289,Brandon Reese,zmurphy@example.net,46,Male,Other,Australia & New Zealand,11-50,Premium,2020-08-14
CUST08290,Michael Odonnell,zobrien@example.net,68,Female,Financial Services,North America,201-500,Standard,2019-10-18
CUST08291,Terri Warren,zprice@example.net,54,Male,Manufacturing,Europe,11-50,Premium,2019-05-20
CUST08292,Sabrina Frank,zray@example.org,45,Female,Education,Asia-Pacific,11-50,Enterprise,2019-04-20
CUST08293,Richard Nichols,zreeves@example.com,60,Female,Retail,Australia & New Zealand,1000+,Enterprise,2020-04-04
CUST08294,Linda Freeman,zrios@example.net,18,Male,Technology,Australia & New Zealand,11-50,Premium,2019-03-27
CUST08295,Karen Diaz,zrobertson@example.org,59,Other,Technology,North America,51-200,Premium,2020-05-27
CUST08296,Shannon Sanchez,zrobinson@example.com,46,Male,Education,Australia & New Zealand,11-50,Standard,2019-03-03
CUST08297,Rebecca Simmons,zrobinson@example.net,31,Other,Financial Services,Asia-Pacific,11-50,Enterprise,2020-01-05
CUST08298,Jonathan Knight,zross@example.com,70,Female,Other,North America,51-200,Enterprise,2019-08-04
CUST08299,Karina Solis,zscott@example.com,21,Male,Media & Communications,Australia & New Zealand,11-50,Standard,2019-10-16
CUST08300,Bethany Jackson,zscott@example.net,45,Other,Technology,North America,11-50,Premium,2018-12-28
CUST08301,Diana Potter,zsnyder@example.net,27,Other,Professional Services,Australia & New Zealand,51-200,Free,2020-02-21
CUST08302,Jennifer Foley,zsolis@example.net,70,Other,Healthcare,Asia-Pacific,51-200,Enterprise,2020-09-30
CUST08303,Julie Villegas,zsolis@example.org,19,Female,Healthcare,Europe,11-50,Standard,2019-06-21
CUST08304,Robert Wilson,zstewart@example.org,60,Male,Retail,North America,501-1000,Standard,2021-01-18
CUST08305,Victor Hart,zstrong@example.com,18,Other,Other,Europe,51-200,Free,2019-06-23
CUST08306,Stephanie Moore,ztaylor@example.net,29,Female,Technology,Australia & New Zealand,11-50,Standard,2021-06-13
CUST08307,Mr. James Norman,zthomas@example.org,49,Other,Government & Public Sector,Other,51-200,Premium,2019-10-08
CUST08308,Matthew Myers,ztorres@example.org,22,Male,Retail,North America,51-200,Standard,2020-02-09
CUST08309,Taylor Singleton,zvaughan@example.net,22,Other,Manufacturing,Asia-Pacific,1-10,Standard,2020-08-01
CUST08310,Kyle Black MD,zwalker@example.net,53,Male,Technology,Europe,51-200,Free,2019-12-01
CUST08311,Savannah Willis,zwalter@example.com,66,Female,Technology,North America,51-200,Free,2018-12-04
CUST08312,Austin Brown,zwang@example.org,54,Other,Manufacturing,Australia & New Zealand,1-10,Enterprise,2020-01-19
CUST08313,Maria Lee,zward@example.net,54,Female,Healthcare,Other,1-10,Free,2019-08-14
CUST08314,Eric Richardson,zwatson@example.net,36,Male,Financial Services,Australia & New Zealand,51-200,Premium,2020-06-23
CUST08315,Ian Thornton,zwerner@example.net,37,Female,Professional Services,North America,201-500,Standard,2019-01-15
CUST08316,Andrew Johnson,zwilliams@example.com,58,Other,Media & Communications,North America,51-200,Premium,2020-05-01
CUST08317,Cynthia Davis,zwilliams@example.org,41,Other,Media & Communications,North America,201-500,Free,2020-11-16
CUST08318,Dawn Nolan,zwilliamson@example.org,53,Male,Healthcare,North America,51-200,Premium,2020-03-10
CUST08319,Matthew Nunez,zwoods@example.net,26,Other,Other,Europe,501-1000,Standard,2020-11-10
CUST08320,Andrew Walls,zzimmerman@example.net,24,Female,Manufacturing,North America,51-200,Standard,2020-03-11
